player_name,retro_id,mlb_id,bref_id,fg_id,Team
Jose Fernandez,,699912,,28020,
Justin Crawford,,702222,,31791,
Foster Griffin,,656492,,16432,
George Klassen,,691946,,33464,
Nicky Lopez,lopen001,670032,lopezni01,19339,
Dee Strange-Gordon,gordd002,543829,gordode01,8203,
Victor Robles,roblv001,645302,roblevi01,18363,
Jonah Heim,heimj001,641680,heimjo01,16930,
James McCann,mccaj001,543510,mccanja02,12859,
Ha-Seong Kim,kim-h002,673490,kimha01,27506,
Jackie Bradley,bradj001,598265,bradlja02,12984,
Martin Maldonado,maldm001,455117,maldoma01,6887,
Tyrone Taylor,taylt002,621438,tayloty01,13675,
Guillermo Heredia,hereg002,628338,heredgu01,18721,
Josh Harrison,harrj002,543281,harrijo05,8202,
Ernie Clement,cleme002,676391,clemeer01,20352,
Chas McCormick,mccoc001,676801,mccorch01,19599,
Johan Camargo,camaj001,622666,camarjo01,14950,
Eric Haase,haase001,606992,haaseer01,14111,
Rylan Bannon,bannr001,676625,bannory01,19768,
Erik Gonzalez,gonze004,570481,gonzaer01,13369,
Jeremy Pena,penaj004,665161,penaje02,21636,
PJ Higgins,higgp001,664731,higgipj01,18433,
Sebastian Rivero,rives002,665861,riverse01,21735,
Bobby Dalbec,dalbb001,666915,dalbebo01,19966,
Isaac Paredes,parei001,670623,paredis01,20036,
Travis Swaggerty,swagt001,680552,swaggtr01,24491,
Jose Miranda,miraj002,669304,miranjo01,20538,
Jonathan Villar,villj001,542340,villajo01,10071,
Jonah Bride,bridj001,681146,bridejo01,24703,
Jeter Downs,downj001,669023,downsje01,22202,
Nick Maton,maton001,665155,matonni01,21635,
Carlos Perez,perec005,656024,perezca03,20805,
Will Benson,bensw001,666181,bensowi01,21853,
Whit Merrifield,merrw001,593160,merriwh01,11281,
Patrick Corbin,corbp001,571578,corbipa01,9323,
Alex Wood,wooda002,622072,woodal02,13781,
Joey Lucchesi,luccj001,664192,lucchjo01,19320,
Rich Hill,hillr001,448179,hillri01,4806,
Jason Castro,castj006,488771,castrja01,8722,
Jon Gray,grayj003,592351,grayjo02,14916,
Miles Mikolas,mikom001,571945,mikolmi01,9803,
Tyler Beede,beedt001,595881,beedety01,16981,
Stephen Strasburg,stras001,544931,strasst01,10131,
Steven Matz,matzs001,571927,matzst01,13361,
Jeff Samardzija,samaj001,502188,samarje01,3254,
Jacob deGrom,degrj001,594798,degroja01,10954,
Zach Eflin,efliz001,621107,eflinza01,13774,
Wade Miley,milew001,489119,mileywa01,8779,
Jefry Rodriguez,rodrj005,622446,rodrije01,17018,
Clay Holmes,holmc001,605280,holmecl01,13649,
Jabari Blash,blasj001,518466,blashja01,11247,
Kevan Smith,smitk002,607345,smithke04,12284,
Ramon Laureano,laurr001,657656,laurera01,17128,
Ranger Suarez,suarr001,624133,suarera01,17277,
Brandon Lowe,loweb001,664040,lowebr01,18882,
Cody Reed,reedc002,642003,reedco01,15232,
Alec Bettinger,betta001,676424,bettial01,20312,
Wil Crowe,croww001,640444,crowewi01,19800,
Keegan Thompson,thomk002,624522,thompke02,19795,
Dinelson Lamet,lamed001,659275,lametdi01,17186,
Phil Gosselin,gossp001,594838,gosseph01,10953,
Andres Gimenez,gimea001,665926,gimenan01,19950,
JT Brubaker,brubj001,664141,brubajt01,17578,
Matt Peacock,peacm001,676840,peacoma01,20339,
Drew Smyly,smyld001,592767,smylydr01,11760,
John Curtiss,curtj003,595928,curtijo02,16128,
Corbin Martin,martc009,656686,martico02,19884,
Kohl Stewart,stewk001,640464,stewako01,15502,
Tony Gonsolin,gonst001,664062,gonsoto01,19388,
Alec Mills,milla003,621219,millsal02,13834,
Tylor Megill,megit002,656731,megilty01,21318,
Wade LeBlanc,leblw001,453281,leblawa01,5221,
Juan Lagares,lagaj001,501571,lagarju01,5384,
Domingo Leyba,leybd001,642736,leybado01,16404,
Darien Nunez,nuned002,628345,nunezda01,21197,
Cristopher Sanchez,sancc002,650911,sanchcr01,20778,
Yonny Hernandez,herny003,660634,hernayo02,19432,
Jay Jackson,jackj001,543351,jacksja01,7432,
Kyle McGowin,mcgok002,641851,mcgowky01,15071,
Willson Contreras,contw001,575929,contrwi01,11609,
Troy Tulowitzki,tulot001,453064,tulowtr01,3531,
DJ LeMahieu,lemad001,518934,lemahdj01,9874,
Mike Tauchman,taucm001,643565,tauchmi01,15274,
Drew Pomeranz,pomed001,519141,pomerdr01,11426,
Brandon Drury,drurb001,592273,drurybr01,11615,
Genesis Cabrera,cabrg001,650893,cabrege01,17490,
Beau Taylor,taylb003,607333,taylobe11,12384,
Daniel Descalso,descd001,518614,descada01,8392,
Nathaniel Lowe,lowen001,663993,lowena01,19566,
Austin Martin,marta007,668885,martiau01,27462,
Jeff McNeil,mcnej002,643446,mcneije01,15362,
Justyn-Henry Malloy,mallj001,669234,malloju02,29606,
Jackson Chourio,chouj001,694192,chourja01,28806,
David Hamilton,hamid002,666152,hamilda03,27531,
Ty France,frant002,664034,francty01,17982,
Jonatan Clase,clasj001,682729,clasejo01,26599,
Michael Stefanic,stefm001,683021,stefami01,25353,
Jason Vosler,voslj001,613564,vosleja01,16686,
Alex Verdugo,verda001,657077,verdual01,17027,
Luis De Los Santos,delol003,665782,deloslu03,21682,
Kameron Misner,misnk001,670224,misneka01,26374,
Henry Davis,davih001,680779,davishe01,29617,
Alika Williams,willa005,675961,willial04,27604,
Dillon Dingler,dingd001,693307,dingldi01,27464,
Jacob Wilson,wilsj006,805779,wilsoja05,33266,ATH
David Hensley,hensd002,682073,henslda01,25111,
Kyle McCann,mccak004,668832,mccanky01,25575,
Billy Cook,cookb002,695257,cookbi01,29573,
Livan Soto,sotol001,670869,sotoli01,22471,
Hunter Feduccia,feduh001,676439,feduchu01,23372,
Alan Roden,rodea001,702176,rodenal01,31564,
Hayden Senger,sengh001,663584,sengeha01,21489,
Chandler Simpson,simpc001,802415,simpsch01,31912,
Kyren Paris,parik002,677347,parisky01,26420,
Jorge Barrosa,barrj004,678489,barrojo01,23968,
Owen Miller,millo002,680911,milleow01,24655,
Samad Taylor,tayls003,669392,taylosa04,22274,
Brett Baty,batyb001,683146,batybr01,26123,
Jack Winkler,winkj003,676466,winklja01,29830,
Blake Rutherford,ruthb001,666164,ruthebl01,19957,
Brian O'Keefe,okeeb001,657247,okeefbr01,16680,
Evan Carter,carte001,694497,carteev01,27790,
Logan Porter,portl001,682515,portelo01,20626,
Lawrence Butler,butll001,671732,butlela01,22542,
Everson Pereira,peree005,677592,pereiev01,23695,
Nick Gonzales,gonzn001,693304,gonzani01,27490,
Cam Eden,edenc001,686490,edenca01,25476,
Grae Kessinger,kessg001,666197,kessigr01,25813,
Adam Duvall,duvaa001,594807,duvalad01,10950,
Ryan Court,courr001,606956,courtry01,12268,
Ryan Flaherty,flahr001,475247,flahery01,7888,
Casey Sadler,sadlc002,594987,sadleca02,11209,
Will Smith,smitw003,669257,smithwi05,19197,
Andrew Benintendi,benia002,643217,beninan01,17901,
Tyler Flowers,flowt001,452095,flowety01,9134,
Pavin Smith,smitp002,656976,smithpa04,19892,
Cesar Puello,puelc001,527049,puellce01,7216,
Bryan Holaday,holab001,592407,holadbr01,11287,
Jordan Groshans,grosj001,677954,groshjo01,23794,
Jordan Diaz,diazj008,672478,diazjo03,22650,
David Peralta,perad001,444482,peralda01,2136,
Darick Hall,halld003,669742,hallda02,19717,
Dalton Rushing,rushd001,687221,rushida01,31382,
Will Wagner,wagnw001,695238,wagnewi01,29634,
Will Robertson,robew002,683770,roberwi02,25467,
Kyle Teel,teelk001,691019,teelky01,33549,
Alex Freeland,freea001,690976,freelal01,31665,
Drew Gilbert,gilbd001,687551,gilbedr01,31545,
Nathan Church,churn001,701675,churcna01,31357,
Nick Yorke,yorkn001,694377,yorkeni01,27504,
Harry Ford,fordh001,695670,fordha01,29958,
Jhonkensy Noel,noelj001,678877,noeljh01,24257,
Chris Iannetta,iannc001,455104,iannech01,8267,
Spencer Kieboom,kiebs001,571851,kiebosp01,13300,
Daniel Vogelbach,voged001,596129,vogelda01,14130,
Jose Pirela,pirej001,517369,pireljo01,5485,
Dwight Smith,smitd007,596105,smithdw02,13473,
Wilkin Castillo,castw001,446868,castiwi01,5124,
Austin Riley,rilea001,663586,rileyau01,18360,
Kyle Seager,seagk001,572122,seageky01,9785,
J P Martinez,martj012,679881,martijp01,24451,
Seiya Suzuki,suzus001,673548,suzukse01,30116,
Nick Castellanos,castn001,592206,casteni01,11737,
Jair Camargo,camaj002,665856,camarja01,21730,
Jefry Marte,martj007,527043,marteje01,5107,
Carlos Asuaje,asuac001,641319,asuajca01,15197,
Kendrys Morales,morak001,434778,moralke01,8610,
Seth Mejias-Brean,mejis001,623180,mejiase01,13905,
Joe McCarthy,mccaj002,663411,mccarjo04,18399,
Yoshi Tsutsugo,tsuty001,660294,tsutsyo01,27459,
Justin Williams,willj006,642211,williju02,15490,
Will Craig,craiw001,643269,craigwi01,19267,
Patrick Kivlehan,kivlp001,623182,kivlepa01,13910,
Starlin Castro,casts001,516770,castrst01,4579,
Brian Miller,millb003,675649,millebr03,20047,
Eugenio Suarez,suare001,553993,suareeu01,12552,
Alejo Lopez,lopea005,664670,lopezal03,21127,
Didi Gregorius,gregd001,544369,gregodi01,6012,
Seth Beer,beers001,666179,beerse01,20493,
David MacKinnon,mackd001,676950,mackida01,19625,
Israel Pineda,pinei001,672832,pinedis01,22906,
Coco Montes,montc002,663796,monteco01,21547,
Jared Young,younj003,676724,youngja02,20404,
Taylor Kohlwey,kohlt001,670128,kohlwta01,19212,
Carson McCusker,mccuc001,676812,mccusca01,33098,
Matt Kemp,kempm001,461314,kempma01,5631,
Yandy Diaz,diazy001,650490,diazya01,16578,
Jarrod Saltalamacchia,saltj001,457454,saltaja01,5557,
Greg Bird,birdg001,595885,birdgr01,14131,
Domingo Santana,santd002,570267,santado01,10348,
Mark Reynolds,reynm001,448602,reynoma01,7619,
Paul Goldschmidt,goldp001,502671,goldspa01,9218,
Harold Ramirez,ramih004,623912,ramirha02,14387,
Jorge Soler,solej001,624585,solerjo01,14221,
Bryan Reynolds,reynb001,668804,reynobr01,19326,
Miguel Cabrera,cabrm001,408234,cabremi01,1744,
Eloy Jimenez,jimee001,650391,jimenel02,17484,
John Nogowski,nogoj001,596056,nogowjo01,16852,
Sandro Fabian,fabis001,660758,fabiasa01,19910,
Braxton Lee,lee-b001,657658,leebr01,16839,
Justin Smoak,smoaj001,475253,smoakju01,9054,
Nolan Arenado,arenn001,571448,arenano01,9777,
Yordan Alvarez,alvay001,670541,alvaryo01,19556,
Brandon Barnes,barnb002,488681,barnebr02,629,
Shin-Soo Choo,choos001,425783,choosh01,3174,
JD Martinez,martj006,502110,martijd02,6184,
Tyler Black,blact003,672012,blackty01,29949,
Esteban Quiroz,quire001,606019,quiroes01,19780,
John Means,meanj001,607644,meansjo01,16269,
Sam Hentges,hents001,656529,hentgsa01,18548,
Victor Gonzalez,gonzv001,624647,gonzavi02,16408,
Brad Keller,kellb003,641745,kellebr01,15734,
Bailey Ober,oberb002,641927,oberba01,21224,
David Hess,hessd001,605276,hessda01,16130,
Alek Manoah,manoa001,666201,manoaal01,26410,
Corey Kluber,klubc001,446372,klubeco01,2429,
Clarke Schmidt,schmc002,657376,schmicl01,19899,
Darren Baker,baked003,671117,bakerda02,29912,
Rhylan Thomas,thomr008,689041,thomarh01,31793,
Michael Fulmer,fulmm001,605242,fulmemi01,13218,
Scott Alexander,alexs001,518397,alexasc02,10591,
Alex Cobb,cobba001,502171,cobbal01,6562,
Nolan Fontana,fontn001,545337,fontano01,13267,
Erasmo Ramirez,ramie004,541640,ramirer02,10314,
Drew Hutchison,hutcd001,571800,hutchdr01,10732,
Tyler Glasnow,glast001,607192,glasnty01,14374,
Ariel Jurado,juraa001,642558,juradar01,17030,
Jalen Beeks,beekj001,656222,beeksja02,17192,
Triston McKenzie,mcket001,663474,mckentr01,18000,
Greg Jones,joneg003,675659,jonesgr02,25448,
Dan Butler,butld001,576788,butleda01,9968,
Edinson Volquez,volqe001,450172,volqued01,3990,
Kendall Graveman,gravk001,608665,graveke01,15514,
Cristian Javier,javic001,664299,javiecr01,17606,
Colten Brewer,brewc002,605155,breweco01,12997,
Sixto Sanchez,sancs001,664350,sanchsi01,19680,
Ramon Rosso,rossr003,665759,rossora01,20368,
Hunter Greene,greeh001,668881,greenhu01,22182,
Nick Lodolo,lodon001,666157,lodolni01,26378,
Jeffrey Springs,sprij001,605488,sprinje01,17677,
George Kirby,kirbg001,669923,kirbyge01,25436,
Davis Martin,martd006,663436,martida03,21448,
Elvin Rodriguez,rodre005,660730,rodriel02,20962,
Evan Lee,lee-e001,681885,leeev01,24988,
John Brebbia,brebj001,605154,brebbjo01,12777,
Jared Koenig,koenj001,657649,koenija01,27517,
Josh Winckowski,wincj001,670174,winckjo01,22387,
Jackson Tetreault,tetrj001,676194,tetreja01,20565,
Nick Nelson,nelsn001,656793,nelsoni01,20153,
Brayan Bello,bellb002,678394,bellobr01,23920,
Janson Junk,junkj001,676083,junkja01,23301,
Cole Ragans,ragac001,666142,raganco01,21846,
Bryce Miller,millb004,682243,millebr04,29837,
Kyle Harrison,harrk001,690986,harriky01,27758,
Zack Thompson,thomz002,668868,thompza02,25918,
Zach Neal,nealz001,594943,nealza01,11294,
James McArthur,mcarj001,663704,mcartja01,21527,
Andrew Wantz,wanta001,681806,wantzan01,24933,
Trevor Megill,megit001,656730,megiltr01,17722,
Jonathan Bowlan,bowlj001,680742,bowlajo01,24607,
Nick Nastrini,nastn001,680897,nastrni01,29833,
Erik Miller,mille002,669062,milleer01,26252,
Nick Tropeano,tropn001,607374,tropeni01,12385,
Artie Lewicki,lewia001,592499,lewicar01,16731,
Riley O'Brien,obrir001,676617,obrieri01,20348,
Liam Hendriks,hendl001,521230,hendrli01,3548,
Ryan Meisinger,meisr001,664682,meisiry01,18105,
Kyle Dowdy,dowdk001,664871,dowdyky01,19285,
Stephen Tarpley,tarps001,605501,tarplst01,15859,
Brett Martin,martb002,656685,martibr01,17369,
Jesus Tinoco,tinoj001,622786,tinocje01,16300,
Mike Baumann,baumm001,657508,baumami01,20206,
Jhony Brito,britj003,666745,britojh01,25386,
Shintaro Fujinami,fujis001,660261,fujinsh01,31839,
Calvin Faucher,faucc001,676534,fauchca01,20116,
Jimmy Cordero,cordj001,622772,cordeji01,15690,
George Soriano,sorig001,666277,soriage01,21863,
Bradley Blalock,blalb001,687134,blalobr01,26419,
Kumar Rocker,rockk001,677958,rockeku01,31843,
Roki Sasaki,sasar001,808963,sasakro01,35323,
Luis Felipe Castillo,castl004,622379,castilu03,20638,
Easton Lucas,lucae002,687922,lucasea01,26058,
Huascar Brazoban,brazh001,623211,brazohu01,6107,
Noah Cameron,camen001,702070,camerno01,30184,
Sean Reynolds,reyns002,669308,reynose01,22253,
Mick Abel,abelm001,690953,abelmi01,27756,
Grant Taylor,taylg002,691799,taylogr02,33927,
Dietrich Enns,ennsd001,608650,ennsdi01,13932,
Wandy Peralta,peraw002,593974,peralwa01,14295,
Parker Messick,messp001,800048,messipa01,31986,
Fraser Ellard,ellaf001,686642,ellarfr01,29530,
Andrew Alvarez,alvaa003,674841,alvaran01,29914,
Trey Yesavage,yesat001,702056,yesavtr01,35456,
Neil Ramirez,ramin001,519166,ramirne01,7677,
Mauricio Llovera,llovm001,661440,llovema01,20080,
Jesse David Chavez,chavj001,445926,chaveje01,5448,
Beau Burrows,burrb002,663366,burrobe01,18873,
Nick Wittgren,wittn001,621295,wittgni01,15594,
JC Ramirez,ramij002,500724,ramirjc01,8302,
Josh Lucas,lucaj001,572998,lucasjo02,11686,
Jeferson Quero,,691620,,28272,
TJ Rumfield,,681198,,29805,
Carson Benge,,701807,,35177,
Mason Montgomery,,682254,,29770,
Jose Iglesias,iglej001,578428,iglesjo01,10231,
William Contreras,contw002,661388,contrwi02,20503,
Brett Phillips,philb002,621433,phillbr02,14735,
Charlie Culberson,culbc001,518586,culbech01,3298,
Gilberto Celestino,celeg001,665482,celesgi01,20233,
Kyle Higashioka,higak001,543309,higasky01,5517,
Francisco Mejia,mejif001,642336,mejiafr01,16403,
Jazz Chisholm,chisj001,665862,chishja01,20454,
Christian Vazquez,vazqc001,543877,vazquch01,9774,
Eli White,white006,642201,whiteel04,19346,
Austin Barnes,barna001,605131,barneau01,12158,
Jon Berti,bertj001,542932,bertijo01,12037,
Kevin Plawecki,plawk001,608700,plaweke01,13807,
Cam Gallagher,gallc001,595956,gallaca01,12981,
Jacob Stallings,stalj001,607732,stallja01,13723,
Christian Arroyo,arroc001,624414,arroych01,16434,
Mickey McDonald,mcdom002,676782,mcdonmi01,20533,
Richie Palacios,palar002,680700,palacri01,24589,
Mike Yastrzemski,yastm001,573262,yastrmi01,14854,
Luis Torrens,torrl001,620443,torrelu01,15905,
Elias Diaz,diaze005,553869,diazel01,11680,
Ildemaro Vargas,vargi001,545121,vargail01,13324,
Brian Serven,servb001,661531,servebr01,19422,
Jermaine Palacios,palaj002,650339,palacje01,18371,
Richie Martin,martr006,621006,martiri01,17736,
Bligh Madris,madrb002,676632,madribl01,20054,
Monte Harrison,harrm003,656509,harrimo01,17216,
Lenyn Sosa,sosal001,672820,sosale01,22896,
Austin Romine,romia002,519222,rominau01,5491,
Robinson Cano,canor001,429664,canoro01,3269,
Luke Raley,ralel001,670042,raleylu01,19354,
Christian Bethancourt,bethc001,542194,bethach01,10028,
Maikel Franco,franm004,596748,francma02,12179,
Magneuris Sierra,sierm002,642423,sierrma01,17023,
Jarred Kelenic,kelej001,672284,kelenja01,22558,
Mario Feliciano,felim002,666128,felicma01,20263,
JP Crawford,crawj002,641487,crawfjp01,15491,
Ezequiel Duran,durae002,677649,duranez01,23733,
Ryan Kreidler,kreir001,668952,kreidry01,25867,
Luis Castillo,castl003,622491,castilu02,15689,
Odrisamer Despaigne,despo001,628333,despaod01,16017,
Carlos Tocci,toccc001,624636,toccica01,14558,
Sal Romano,romas001,607219,romansa01,13690,
Derek Fisher,fishd001,605233,fishede01,16192,
Johnny Cueto,cuetj001,456501,cuetojo01,6893,
Miguel Andujar,andum001,609280,andujmi01,15878,
Chad Kuhl,kuhlc001,641771,kuhlch01,14975,
Michael Wacha,wachm001,608379,wachami01,14078,
Derek Holland,holld003,502706,hollade01,4141,
Tyler Chatwood,chatt001,543022,chatwty01,4338,
Hyun-Jin Ryu,ryu-h001,547943,ryuhy01,14444,
Aaron Nola,nolaa001,605400,nolaaa01,16149,
AJ Cole,colea002,595918,coleaj01,11467,
Daniel Robertson,robed004,621002,roberda10,14145,
Luis Sardinas,sardl001,596143,sardilu01,13153,
Ender Inciarte,incie001,542255,inciaen01,4922,
Eric Lauer,lauee001,641778,lauerer01,19316,
Greg Allen,alleg002,656185,allengr01,16623,
Gordon Beckham,beckg001,493596,beckhgo01,9015,
JaCoby Jones,jonej006,592444,jonesja07,14818,
Andrew Susac,susaa001,572180,susacan01,13132,
Seth Lugo,lugos001,607625,lugose01,12447,
Nick Martini,martn003,605361,martini02,12005,
Brett Gardner,gardb001,458731,gardnbr01,9927,
Chris Flexen,flexc001,623167,flexech01,13896,
Corey Oswalt,oswac001,621261,oswalco01,13677,
Tim Anderson,andet001,641313,anderti01,15172,
Kevin Gausman,gausk001,592332,gausmke01,14107,
Chris Herrmann,herrc001,543302,herrmch01,9284,
Willians Astudillo,astuw001,553902,astudwi01,15608,
Alejandro Kirk,kirka001,672386,kirkal01,22581,
Vimael Machin,machv001,605353,machivi01,17684,
Charlie Morton,mortc002,450203,mortoch02,4676,
Marcus Stroman,strom001,573186,stromma01,13431,
Logan Webb,webbl001,657277,webblo01,17995,
Chase De Jong,dejoc001,608328,dejonch01,15036,
Danny Santana,santd001,542454,santada01,10322,
Shed Long,longs001,643418,longsh01,16542,
Jacob Faria,farij001,607188,fariaja01,13699,
Aaron Loup,loupa001,571901,loupaa01,10343,
JA Happ,happj001,457918,happja01,7410,
Dominic Leone,leond003,608678,leonedo01,13763,
Connor Overton,overc001,656818,overtco01,18376,
Jahmai Jones,jonej007,663330,jonesja08,18872,
Eric Stamets,stame001,608715,stameer01,13795,
Kyle Wright,wrigk001,657140,wrighky01,19665,
Max Moroff,morom001,621559,morofma01,14556,
Mark Zagunis,zagum002,657145,zagunma01,16565,
Greg Garcia,garcg002,594824,garcigr01,10951,
Miguel Sano,sanom001,593934,sanomi01,12164,
Dustin May,may-d003,669160,maydu01,19716,
Vinny Capra,caprv001,681962,capravi01,25040,
Jonny DeLuca,deluj001,676356,delucjo01,26365,
Pete Crow-Armstrong,crowp001,691718,crowape01,27769,
Leo Jimenez,jimel003,677870,jimenle01,23782,
Diego Castillo,castd004,660636,castidi02,19906,
Nick Ahmed,ahmen001,605113,ahmedni01,12147,
Andruw Monasterio,monaa001,655316,monasan01,19455,
Carson Kelly,kellc002,608348,kellyca02,13620,
Nathan Lukes,luken001,664770,lukesna01,18123,
Marco Luciano,lucim001,682617,luciama01,25616,
Gustavo Campero,campg001,672569,campegu01,22707,
Vaughn Grissom,grisv001,687093,grissva01,26031,
Gage Workman,workg001,669398,workmga01,27573,
Cam Smith,smitc010,701358,smithca07,35108,
Dane Myers,myerd001,667472,myersda01,22054,
Luis Matos,matol002,682641,matoslu02,26467,
Adael Amador,amada001,691182,amadoad01,27962,
Tyler Callihan,callt001,682997,callity01,27497,
Rece Hinds,hindr001,677956,hindsre01,27493,
Curtis Mead,meadc001,678554,meadcu01,23986,
Will Wilson,wilsw003,669717,wilsowi03,25434,
Alex Call,calla002,669743,callal02,19296,
Jonathan Aranda,aranj001,666018,arandjo01,21837,
Ronny Mauricio,maurr002,677595,mauriro01,23698,
Oscar Gonzalez,gonzo001,660757,gonzaos01,20970,
Xavier Edwards,edwax001,669364,edwarxa01,22266,
Matt Duffy,duffm002,622110,duffyma01,13836,
Jacob Hurtubise,hurtj001,674441,hurtuja01,27599,
Duke Ellis,ellid003,668752,ellisdu01,27543,
Levi Jordan,jordl001,682119,jordale01,25138,
Nick Dini,dinin001,664926,dinini01,18206,
Kyle Garlick,garlk001,664247,garliky01,18063,
Anderson Tejeda,tejea001,660731,tejedan01,19909,
Yadiel Rivera,rivey001,592680,riverya01,11863,
Jacob Nottingham,nottj001,641924,nottija01,16448,
Jose Osuna,osunj001,591741,osunajo01,12937,
Mason Williams,willm007,592863,willima10,11859,
Jared Oliva,olivj003,666931,olivaja01,19968,
Nate Orf,orf-n001,644337,orfna01,15407,
Kevin Padlo,padlk001,656821,padloke01,16593,
Lewin Diaz,diazl001,650331,diazle01,18365,
Brandon Dixon,dixob001,641525,dixonbr01,15214,
Corey Julks,julkc001,667452,julksco01,20311,
Logan O'Hoppe,ohopl001,681351,ohopplo01,24729,
Mark Vientos,vienm001,668901,vientma01,22184,
Michael Helman,helmm001,680737,helmami01,24605,
Chad Stevens,stevc002,677060,stevech02,29614,
Kenedy Corona,corok001,685744,coronke01,26244,
Connor Kaiser,kaisc001,663731,kaiseco01,21535,
C J Stubbs,stubc001,667690,stubbcj01,25814,
Victor Mesa,mesav001,683748,mesavi01,sa3008602,
Yadier Molina,moliy001,425877,molinya01,7007,
Abiatal Avelino,avela001,623214,aveliab01,15496,
Isaac Galloway,galli001,543194,gallois01,5238,
Jedd Gyorko,gyorj001,576397,gyorkje01,10816,
Taylor Davis,davit004,543089,davista01,12782,
Jared Walsh,walsj001,665120,walshja01,18607,
Nick Williams,willn001,608384,willini01,14330,
Tim Beckham,beckt001,542921,beckhti01,7949,
Brendan McKay,mckab001,656713,mckaybr01,20186,
Jeimer Candelario,candj002,600869,candeje01,13621,
David Fry,fry-d001,681807,fryda01,24934,
MJ Melendez,melem001,669004,melenmj01,22197,
Warming Bernabel,bernw002,682653,bernawa01,26536,
Denzer Guzman,guzmd002,694203,guzmade01,28816,
Jett Bandy,bandj001,542908,bandyje01,12508,
Kelby Tomlinson,tomlk001,605509,tomlike01,13005,
Brandon Snyder,snydb003,474319,snydebr03,9856,
Alex Gordon,gorda001,460086,gordoal01,5209,
Lonnie Chisenhall,chisl001,502082,chiselo01,7571,
Luis Valbuena,valbl001,472528,valbulu01,4969,
Hernan Perez,pereh001,541650,perezhe01,5751,
Matt Skole,skolm001,605474,skolema01,12119,
Brian O'Grady,ograb001,657434,ogradbr01,16729,
Erick Mejia,mejie001,625510,mejiaer01,15817,
Derek Dietrich,dietd001,518618,dietrde01,10542,
Scott Schebler,sches001,594988,schebsc01,12225,
Johneshwy Fargas,fargj001,641561,fargajo01,16446,
Eric Campbell,campe001,493472,campber01,6938,
Chris Gittens,gittc001,656467,gittech01,18482,
Khris Davis,davik003,501981,daviskh01,9112,
Luis Barrera,barrl001,642456,barrelu01,19615,
Alec Burleson,burla001,676475,burleal01,27615,
Josh Lester,lestj002,623507,lestejo02,17737,
Isaac Collins,colli001,686555,colliis01,25477,
Christin Stewart,stewc002,621514,stewach02,17714,
Luis Robert,robel002,673357,roberlu01,20043,
Masataka Yoshida,yoshm002,807799,yoshima02,31837,
Matt Adams,adamm002,571431,adamsma01,9393,
Jung Hoo Lee,lee-j001,808982,leeju01,33824,
Narciso Crook,croon001,643271,crookna01,17473,
Andres Chaparro,chapa002,665953,chapaan01,21797,
Wyatt Langford,langw001,694671,langfwy01,33333,
Ronald Acuna,acunr001,660670,acunaro01,18401,
Ben Zobrist,zobrb001,450314,zobribe01,7435,
Martin Prado,pradm001,445988,pradoma01,3312,
Brendon Davis,davib006,663478,davisbr04,18587,
Melky Cabrera,cabrm002,466320,cabreme01,4022,
Jose Martinez,martj008,500874,martijo08,7996,
Pete Alonso,alonp001,624413,alonspe01,19251,
Joey Votto,vottj001,458015,vottojo01,4314,
Edwin Encarnacion,encae001,429665,encared01,2151,
Victor Martinez,martv001,400121,martivi01,393,
Yoenis Cespedes,cespy001,493316,cespeyo01,13110,
Manny Machado,machm001,592518,machama01,11493,
Luke Keaschall,keasl001,807712,keasclu01,33321,
Freddie Freeman,freef001,518692,freemfr01,5361,
Dylan Cease,ceasd001,656302,ceasedy01,18525,
Yusei Kikuchi,kikuy001,579328,kikucyu01,20633,
Justus Sheffield,shefj001,656954,sheffju01,17285,
Bruce Zimmermann,zimmb002,669145,zimmebr02,20370,
Matt Boyd,boydm001,571510,boydma01,15440,
Garrett Cleavinger,cleag001,664076,cleavga01,17897,
Griffin Jax,jax-g001,643377,jaxgr01,20253,
Joe Ryan,ryanj002,657746,ryanjo04,21390,
Chris Sale,salec001,519242,salech01,10603,
Drew Jackson,jackd004,623515,jacksdr01,17807,
Paul Blackburn,blacp001,621112,blackpa01,14739,
Jonathan Loaisiga,loaij001,642528,loaisjo01,19753,
Mike Clevinger,clevm001,605182,clevimi01,12808,
Danny Duffy,duffd001,518633,duffyda01,3542,
Francisco Liriano,lirif001,434538,liriafr01,3201,
Deck McGuire,mcgud001,592547,mcguide02,11596,
Heath Fillmyer,fillh001,641571,fillmhe01,17466,
Yonny Chirinos,chiry001,630023,chiriyo01,16401,
Tyler Skaggs,skagt001,572140,skaggty01,10190,
James Paxton,paxtj001,572020,paxtoja01,11828,
Trent Thornton,thort002,663423,thorntr01,17948,
Archie Bradley,brada001,605151,bradlar01,12918,
Glenn Sparkman,sparg001,642098,sparkgl01,15200,
Tristin English,englt001,663536,englitr01,26148,
Jose Suarez,suarj001,660761,suarejo01,19911,
Ruben Tejada,tejar001,514913,tejadru01,5519,
Ian Miller,milli001,641878,milleia01,15156,
Reid Detmers,detmr001,672282,detmere01,27468,
Tomas Telis,telit001,542513,telisto01,10067,
Chris Bostick,bostc001,607471,bostich01,13718,
Gabriel Ynoa,ynoag001,593679,ynoaga01,12938,
Josh Taylor,taylj001,657031,taylojo02,17359,
Randy Dobnak,dobnr001,677976,dobnara01,23798,
Josh Tomlin,tomlj001,458708,tomlijo01,9388,
Kyle Zimmer,zimmk001,622092,zimmeky01,14169,
Nate Pearson,pearn001,663878,pearsna01,20160,
Austin Brice,brica001,592169,briceau01,17237,
Joshua Allen Smith,smitj004,595001,smithjo07,10946,
Brandon Bielak,bielb001,656232,bielabr01,19866,
Tyler Clippard,clipt001,461325,clippty01,5640,
Jonathan Stiever,stiej001,680692,stievjo01,24584,
Matthew Liberatore,libem001,669461,liberma01,22294,
Jimmy Yacabonis,yacaj001,642231,yacabji01,15157,
Michael Grove,grovm001,675627,grovemi01,23221,
Shawn Armstrong,armss001,542888,armstsh01,12857,
Eury Perez,peree004,691587,perezeu02,27768,
Brandon Pfaadt,pfaab001,694297,pfaadbr01,27782,
Lyon Richardson,richl001,680689,richaly01,24581,
Taj Bradley,bradt002,671737,bradlta01,22543,
Matt Waldron,waldm003,663362,waldrma01,25550,
Sawyer Gipson-Long,gipss001,687830,gipsosa01,26048,
Joey Estes,estej001,683155,estesjo01,26257,
AJ Puk,puk-a001,640462,pukaj01,19343,
Albert Suarez,suara001,544150,suareal01,6175,
Jonathan Cannon,cannj001,686563,cannojo02,31730,
Tobias Myers,myert001,668964,myersto01,22191,
Hayden Wesneski,wesnh001,669713,wesneha01,27581,
Ray Kerr,kerrr001,678061,kerrra01,23809,
Zack Kelly,kellz001,677161,kellyza01,20349,
Kyle Tyler,tylek001,667725,tylerky01,22092,
Rob Zastryzny,zastr001,642239,zastrro01,15094,
Cristian Mena,menac001,691441,menacr01,27974,
Sergio Romo,romos001,489265,romose01,9817,
Drew Smith,smitd009,622098,smithdr01,17755,
Gabriel Moya,moyag001,622382,moyaga01,16348,
Sean Gilmartin,gilms001,543219,gilmase01,12781,
Jackson Stephens,stepj002,623451,stephja01,14420,
Peyton Battenfield,battp001,685410,battepe01,25777,
Jackson Wolf,wolfj001,680232,wolfja01,29832,
Jake Bloss,blosj001,814005,blossja01,33168,
Hunter Bigge,biggh001,685801,biggehu01,26259,
Brenan Hanifee,hanib001,669724,hanifbr01,22304,
J T Ginn,ginnj001,669372,ginnjt01,27889,
Brady Basso,bassb002,669620,bassobr01,25582,
Landen Roupp,roupl001,694738,rouppla01,30076,
Sean Burke,burks001,680732,burkese01,29878,
Luis Miguel Castillo,castl003,622491,castilu02,15689,
Stephen Kolek,koles001,663568,kolekst01,21487,
Logan Evans,evanl001,688138,evanslo01,33699,
Grant Holman,holmg002,680880,holmagr01,30002,
Cade Gibson,gibsc001,806188,gibsoca01,31815,
Jacob Misiorowski,misij001,694819,misioja01,31623,
Cam Schlittler,schlc001,693645,schlica01,32095,
Kai-Wei Teng,tengk001,678906,tengka01,24282,
Luis Morales,moral001,806960,morallu01,32227,
Cade Cavalli,cavac001,676917,cavalca01,27473,
Caleb Boushley,bousc001,676961,boushca01,19736,
Jonah Tong,tongj001,804636,tongjo01,32157,
Bubba Chandler,chanb001,696149,chandbu01,29868,
Dylan Coleman,coled003,669395,colemdy01,22276,
Anthony Molina,molia001,683627,molinan01,26952,
Josh Sborz,sborj002,622250,sborzjo01,18323,
Tommy Nance,nanct001,667297,nanceto01,19178,
Scott Thomas Blewett,blews001,656240,blewesc01,16427,
Jordan Leasure,leasj001,673929,leasujo01,29950,
Mason Englert,englm001,669438,englema01,22288,
Walter Pennington,pennw002,679156,penniwa01,27624,
Austin Kitchen,kitca001,685116,kitchau01,27910,
Ariel Miranda,miraa002,664641,miranar01,17526,
Luis Santos,santl001,608601,santolu01,15006,
Mychal Givens,givem001,571710,givenmy01,10430,
Alex Vesia,vesia001,681911,vesiaal01,25007,
Coleman Crow,,689441,,27926,
Ryan Johnson,,696270,,35325,
Brandon Valenzuela,,678218,,23813,
Juan Brito,,682877,,26693,
David Fletcher,fletd002,664058,fletcda02,17992,
Drew Ellis,ellid002,656403,ellisdr01,19873,
Max Kepler,keplm001,596146,keplema01,12144,
Nick Gordon,gordn001,624503,gordoni01,16337,
Garrett Hampson,hampg001,641658,hampsga01,19262,
Alex Kirilloff,kiria001,666135,kirilal01,20325,
Cole Tucker,tuckc001,657061,tuckeco01,17326,
Davis Taylor Walls,wallt003,670764,wallsta01,22458,
Willie Calhoun,calhw001,641432,calhowi01,17838,
Tom Murphy,murpt002,608596,murphto04,13499,
Payton Henry,henrp001,668721,henrypa01,22164,
Adam Engel,engea001,641553,engelad01,15082,
Edwin Rios,riose001,621458,riosed01,18316,
Michael Taylor,taylm002,572191,taylomi02,11489,
Odubel Herrera,herro001,546318,herreod01,11476,
Ryan Jeffers,jeffr002,680777,jeffery01,24618,
Sergio Alcantara,alcas002,642727,alcanse01,16417,
Tyler Heineman,heint001,623168,heinety01,13897,
Leury Garcia,garcl004,544725,garcile02,5913,
Sam Huff,huffs001,669087,huffsa01,22209,
Keston Hiura,hiurk001,669374,hiurake01,20003,
Michael Hermosillo,hermm001,641684,hermomi01,16285,
Albert Almora,almoa002,546991,almoral01,14109,
Franchy Cordero,cordf003,614173,cordefr02,14567,
Michael Perez,perem005,605421,perezmi03,12977,
Luis Gonzalez,gonzl005,670768,gonzalu03,20332,
Raimel Tapia,tapir001,606132,tapiara01,14350,
Michael Papierski,papim001,657709,papiemi01,21386,
Stuart Fairchild,fairs001,656413,faircst01,20321,
Jake Hager,hagej001,606993,hagerja01,12198,
Austin Wynns,wynna001,642851,wynnsau01,15271,
Leody Taveras,tavel001,665750,taverle01,18900,
Jason Heyward,heywj001,518792,heywaja01,4940,
Alfonso Rivas,rivaa001,663845,rivasal01,21560,
Emmanuel Rivera,rivee001,656896,riverem01,19890,
Tucupita Marcano,marct001,672779,marcatu01,22871,
Seby Zavala,zavas001,664874,zavalse01,18887,
Korey Lee,lee-k002,686676,leeko01,25543,
Elier Hernandez,herne003,609274,hernael02,13750,
Bubba Thompson,thomb003,669352,thompbu01,22261,
Jake Meyers,meyej002,676694,meyerja02,20308,
Peyton Burdick,burdp001,680814,burdipe01,25459,
Zack Short,shorz001,670097,shortza01,19562,
Mike Foltynewicz,foltm001,592314,foltymi01,10811,
Bruce Maxwell,maxwb001,622194,maxwebr01,13866,
Dillon Peters,peted001,596071,peterdi01,18790,
Trevor Richards,richt001,670950,richatr01,19309,
Jameson Taillon,tailj001,592791,taillja01,11674,
Zack Godley,godlz001,643327,godleza01,14862,
Chase Anderson,andec001,502624,anderch01,6895,
Ty Blach,blact002,621389,blachty01,14361,
Ivan Nova,novai001,467100,novaiv01,1994,
Ronald Torreyes,torrr001,591720,torrero01,11400,
Rajai Davis,davir003,434658,davisra01,3708,
Tyler Anderson,andet002,542881,anderty01,12880,
Jason Vargas,vargj001,450306,vargaja01,8044,
Ben Gamel,gameb001,592325,gamelbe01,12160,
Carlos Perez,perec003,542208,perezca02,10642,
Ross Stripling,strir001,548389,stripro01,13273,
Brandon Guyer,guyeb001,446386,guyerbr01,2636,
Neil Walker,walkn001,435522,walkene01,7539,
Matt Strahm,stram001,621381,strahma01,13799,
Mike Soroka,sorom001,647336,sorokmi01,18383,
Brian McCann,mccab002,435263,mccanbr01,4810,
Freddy Peralta,peraf001,642547,peralfr01,18679,
Tom Milone,milot001,543548,milonto01,7608,
Cameron Maybin,maybc001,457727,maybica01,5223,
Ryan O'Hearn,ohear001,656811,ohearry01,16442,
Brett Kennedy,kennb001,664028,kennebr02,17877,
Jeff Brigham,brigj002,656257,brighje01,16631,
Trevor Cahill,cahit001,502239,cahiltr01,6249,
Luis Arraez,arral001,650333,arraelu01,18568,
Kurt Suzuki,suzuk001,435559,suzukku01,8259,
Joe Ross,rossj002,605452,rossjo01,12972,
Adbert Alzolay,alzoa001,640470,alzolad01,17859,
Ross Detwiler,detwr001,446321,detwiro01,2859,
Trevor Rogers,roget003,669432,rogertr01,22286,
Ramon Urias,uriar001,602104,uriasra01,18795,
Daniel Castano,castd003,641447,castada01,19805,
Rio Ruiz,ruizr002,547004,ruizri01,14103,
Pat Valaika,valap001,642162,valaipa01,14885,
Jordy Mercer,mercj002,474568,mercejo03,6547,
Corbin Burnes,burnc002,669203,burneco01,19361,
Braxton Garrett,garrb001,666129,garrebr01,21844,
Jason Martin,martj009,641829,martija03,16429,
Reiss Knehr,knehr001,663753,knehrre01,21541,
Kelvin Gutierrez,gutik001,642721,gutieke01,17468,
Nick Solak,solan001,669256,solakni01,19294,
Jarrod Dyson,dysoj001,502481,dysonja01,4866,
Connor Brogdon,brogc001,641401,brogdco01,21205,
Justin Bruihl,bruij001,677865,bruihju01,23779,
Pierce Johnson,johnp001,572955,johnspi01,13435,
Edward Cabrera,cabre003,665795,cabreed02,21690,
Mitch White,whitm004,669952,whitemi03,19225,
Jose Alvarez,alvaj003,501625,alvarjo02,5358,
Ryan Dorow,doror001,676900,dorowry01,23559,
Sean Nolin,nolis001,543594,nolinse01,11341,
Adonis Medina,media001,658431,medinad01,19903,
Peter Lambert,lambp001,663567,lambepe01,17969,
Cole Hamels,hamec001,430935,hamelco01,4972,
Terrance Gore,goret001,605253,gorete01,13658,
Alen Hanson,hansa001,593700,hansoal01,12926,
Jordan Yamamoto,yamaj001,657141,yamamjo01,17585,
Jurickson Profar,profj001,595777,profaju01,10815,
Kyle Farmer,farmk001,571657,farmeky01,14813,
Ryan Bliss,blisr001,669208,blissry01,29547,
Jonathan Ornelas,ornej001,680716,orneljo01,24597,
Luis Campusano,campl002,669134,campulu01,22217,
Jared Triolo,trioj001,669707,triolja01,25807,
Johan Rojas,rojaj003,679032,rojasjo03,24336,
Oswaldo Cabrera,cabro002,665828,cabreos01,21707,
Cade Marlowe,marlc001,687799,marloca01,25505,
Noelvi Marte,martn004,682622,marteno01,26517,
Grant McCray,mccrg001,687529,mccragr01,25690,
Addison Barger,barga001,680718,bargead01,24598,
Mason McCoy,mccom002,669200,mccoyma01,22232,
Sal Frelick,frels001,686217,frelisa01,29622,
Jacob Amaya,amayj001,676070,amayaja01,23296,
Parker Meadows,meadp001,678009,meadopa01,23800,
Jose Caballero,cabaj001,676609,cabaljo01,23401,
Graham Pauley,paulg001,688363,paulegr01,31363,
Dylan Crews,crewd001,686611,crewsdy01,33541,
Freddy Fermin,fermf002,666023,fermifr01,21840,
Braxton Fulford,fulfb001,690924,fulfobr01,29704,
Ronny Simon,simor002,682927,simonro01,25346,
Trey Sweeney,sweet001,700242,sweentr01,29575,
Maverick Handley,handm001,668974,handlma01,26106,
Ben Williamson,willb004,810938,willibe03,33197,
Matthew Lugo,lugom001,683090,lugoma01,25980,
Daylen Lile,liled001,695734,lileda01,29995,
Yohel Pozo,pozoy001,650968,pozoyo01,18848,
Brenton Doyle,doylb001,686668,doylebr02,25479,
Jordyn Adams,adamj003,677941,adamsjo03,23788,
Nick Pratto,pratn001,668472,prattni01,22117,
Eguy Rosario,rosae002,666703,rosareg01,19964,
Alexander Canario,canaa001,672744,canaral01,22842,
Gabriel Arias,ariag002,672356,ariasga01,22563,
Austin Wells,wella002,669224,wellsau01,27562,
Brett Harris,harrb002,695391,harribr02,29788,
Hector Noesi,noesh001,456051,noesihe01,3292,
James Marvel,marvj001,621086,marveja01,19675,
Ronald Bolanos,bolar001,671790,bolanro01,20041,
John Ryan Murphy,murpj001,571974,murphjr01,10346,
Nick Heath,heatn002,670084,heathni01,19577,
Jon Jay,jay-j001,445055,jayjo02,5227,
Scott Heineman,heins001,595981,heinesc01,14453,
Eric Sogard,sogae001,519299,sogarer01,7927,
Dexter Fowler,fowld001,451594,fowlede01,4062,
Terrin Vavra,vavrt001,679631,vavrate01,24400,
Conner Capel,capec001,668843,capelco01,19983,
Cole Young,younc005,702284,youngco01,31680,
J C Escarra,escaj001,641555,escarjc01,20084,
Anthony Seigler,seiga001,678011,seiglan01,23802,
Jakob Marsee,marsj002,805300,marseja01,31370,
Weston Wilson,wilsw002,642215,wilsowe01,19358,
Carson Williams,willc002,700246,willica02,30038,
Gabriel Guerrero,guerg001,602115,guerrga01,14528,
Gregor Blanco,blang001,453923,blancgr01,3123,
JD Davis,davij006,605204,davisjd01,16219,
Matt Joyce,joycm001,459964,joycema01,3353,
Lucas Duda,dudal001,446263,dudalu01,2502,
Garrett Cooper,coopg002,643265,coopega03,15279,
Wade Meckler,meckw001,685133,mecklwa01,31490,
Jonathan India,indij001,663697,indiajo01,21523,
Carter Jensen,jensc001,695600,jenseca01,29478,
Niko Goodrum,goodn002,592348,goodrni01,12092,
Shohei Ohtani,ohtas001,660271,ohtansh01,19755,
Stephen Piscotty,piscs001,572039,piscost01,13367,
Tony Cruz,cruzt002,488810,cruzto03,2802,
Pedro Florimon,florp001,465753,floripe01,8385,
Denard Span,spand001,452655,spande01,8347,
Dylan Cozens,cozed001,622226,cozendy01,15115,
Robert Stephenson,stepr002,596112,stephro01,13594,
Franmil Reyes,reyef001,614177,reyesfr01,14566,
Corban Joseph,josec001,543377,josepco01,5503,
Bubba Starling,starb001,605490,starlbu01,13356,
Andy Young,youna003,670370,youngan02,19521,
Max Schrock,schrm001,621011,schroma01,17750,
DJ Peters,peted004,656847,peterdj01,19348,
Trey Amburgey,ambut001,664011,amburtr01,18425,
Greg Deichmann,deicg001,656364,deichgr01,19872,
Juan Yepez,yepej001,660766,yepezju01,18400,
Fernando Tatis,tatif002,665487,tatisfe02,19709,
Bobby Witt,wittb002,677951,wittbo02,25764,
Ty Kelly,kellt001,571841,kellyty01,7740,
Eric Hosmer,hosme001,543333,hosmeer01,3516,
Canaan Smith-Njigba,smitc008,675986,smithca05,23264,
JJ Matijevic,matij001,656695,matijjj01,20165,
Miguel Gomez,gomem002,622497,gomezmi01,17075,
Wander Franco,franw002,677551,francwa01,23667,
George Springer,sprig001,543807,springe01,12856,
Joey Meneses,menej001,608841,menesjo01,14366,
Josh Donaldson,donaj001,518626,donaljo02,5038,
Gregory Polanco,polag001,570256,polangr01,12907,
Brandon Phillips,philb001,408252,phillbr01,791,
Matt Davidson,davim005,571602,davidma02,7226,
Jed Lowrie,lowrj001,476704,lowrije01,4418,
Charlie Blackmon,blacc001,453568,blackch02,7859,
Colby Thomas,thomc005,687515,thomaco03,31855,
Bryce Eldridge,eldrb002,805811,eldribr01,33390,
Joe Mauer,mauej001,408045,mauerjo01,1857,
Martin Perez,perem004,527048,perezma02,6902,
Jean Carlos Mejia,mejij002,650496,mejiaje02,20617,
Domingo German,germd001,593334,germado01,17149,
Lucas Giolito,gioll001,608337,giolilu01,15474,
Jose Berrios,berrj001,621244,berrijo01,14168,
Tarik Skubal,skubt001,669373,skubata01,22267,
Kohei Arihara,arihk001,685503,arihako01,27505,
Cory Abbott,abboc001,676265,abbotco01,20277,
Tyler Gentry,gentt001,694355,gentrty01,27784,
Joe Dunand,dunaj001,656388,dunanjo01,19727,
Jaime Barria,barrj003,642545,barrija01,18356,
Ian Kennedy,kenni001,453178,kenneia01,6986,
Luiz Gohara,gohal001,627894,goharlu01,15166,
Bartolo Colon,colob001,112526,colonba01,375,
Rookie Davis,davir004,606959,davisro03,14962,
Noe Ramirez,ramin002,598287,ramirno01,12800,
Blake Trahan,trahb001,664167,trahabl01,17588,
Packy Naughton,naugp001,676050,naughpa01,23292,
Hunter Owen,owenh003,670462,owenhu01,20034,
Chris Devenski,devec001,606965,devench02,12763,
Cory Gearrin,gearc001,518715,gearrco01,7947,
Drew VerHagen,verhd001,572403,verhadr01,13424,
Brock Burke,burkb001,656271,burkebr01,17968,
Luke Bard,bardl001,572703,bardlu01,14288,
Anthony Kay,kay-a001,641743,kayan01,20387,
Travis Lakins,lakit001,664042,lakintr01,18600,
Cody Stashak,stasc001,664054,stashco01,18088,
Brady Singer,singb001,663903,singebr01,25377,
Josh Lindblom,lindj004,458676,lindbjo01,7882,
Michael King,kingm002,650633,kingmi01,19853,
Jimmy Herget,hergj001,623474,hergeji01,17556,
Tyler Wells,wellt003,669330,wellsty01,20000,
Mark Leiter,leitm002,643410,leitema02,15551,
Jonathon Feyereisen,feyej001,656420,feyerjo01,16610,
Chris Ellis,ellic001,595939,ellisch01,16125,
Jimmy Lambert,lambj003,669424,lambeji01,19541,
Jordan Hicks,hickj002,663855,hicksjo03,19618,
Luis Gil,gil-l001,661563,gillu01,21052,
Chase Silseth,silsc001,681217,silsech01,30074,
Jhonathan Diaz,diazj007,646242,diazjh01,20298,
Alex Faedo,faeda001,656412,faedoal01,19874,
Kenny Rosenberg,rosek001,670046,rosenke01,20009,
Garrett Hill,hillg002,682051,hillga02,25097,
Bryan Shaw,shawb001,543766,shawbr01,8110,
Austin Cox,cox-a001,680735,coxau01,24604,
Xzavion Curry,currx001,675540,curryxz01,25595,
Allan Winans,winaa001,642216,winanal01,21238,
Joe Mantiply,mantj002,573009,mantijo01,14857,
Reese Olson,olsor001,681857,olsonre01,24968,
Scott McGough,mcgos001,543518,mcgousc01,12056,
Jordan Wicks,wickj001,696136,wicksjo01,30094,
Jared Shuster,shusj001,694363,shustja01,27472,
Collin Snider,snidc001,676092,snideco01,23307,
Keaton Winn,winnk001,676775,winnke01,23499,
Bryce Jarvis,jarvb001,686826,jarvibr01,27477,
Emilio Pagan,pagae001,641941,paganem01,14771,
Michael Plassmeyer,plasm001,674681,plassmi01,23191,
Mitchell Parker,parkm001,680730,parkemi01,27636,
AJ Smith-Shawver,smita001,700363,smithaj01,29960,
Hurston Waldrep,waldh001,694462,waldrhu01,33527,
Carmen Mlodzinski,mlodc001,669387,mlodzca01,27572,
David Festa,festd001,701581,festada01,30056,
Mike Wright,wrigm001,605541,wrighmi01,12586,
John Lamb,lambj002,543424,lambjo02,8493,
John Axford,axfoj001,446099,axforjo01,9059,
Brandon Kintzler,kintb001,445213,kintzbr01,9939,
Zac Lowther,lowtz001,675912,lowthza01,20243,
Joel Payamps,payaj001,606303,payamjo01,14332,
James Conner Greene,greec004,641632,greenco01,16455,
Trevor May,may-t001,543507,maytr01,6398,
Gerson Bautista,bautg001,639373,bautige01,19256,
Drey Jameson,jamed003,686753,jamesdr01,26260,
Tyson Miller,millt003,668338,millety01,19976,
Tanner Gordon,gordt002,685299,gordota01,27669,
Ryan Brasier,brasr001,518489,brasiry01,5615,
Jackson Jobe,jobej001,695549,jobeja01,30203,
Tom Harrington,harrt002,802419,harrito03,31989,
Connor Gillispie,gillc003,687362,gillico01,26171,
Chad Patrick,patrc001,694477,patrich01,30113,
Justin Topa,topaj001,623437,topaju01,15145,
Logan Henderson,hendl002,701656,hendelo01,31475,
Casey Legumina,leguc001,668984,legumca01,25921,
Brandon Walter,waltb002,687888,waltebr01,26056,
Ryan Gusto,gustr001,687473,gustory01,26440,
Troy Melton,meltt001,675512,meltotr01,31807,
Carson Whisenhunt,whisc001,687931,whiseca01,31676,
Travis Adams,adamt002,701519,adamstr01,30180,
Reed Garrett,garrr001,657585,garrere01,16866,
David Morgan,morgd001,688158,morgada01,31616,
Payton Tolle,tollp001,801139,tollepa01,35466,
Kirk McCarty,mccak003,668948,mccarki01,20555,
Daniel Coulombe,could001,543056,couloda01,13293,
Jim Johnson,johnj010,462382,johnsji04,3656,
Justin Sterner,sterj001,686993,sternju01,27694,
Elvis Peguero,pegue001,665625,pegueel01,21652,
Doug Nikhazy,nikhd001,680951,nikhado01,30142,
Steven Wilson,wilss002,621051,wilsost02,20353,
Levi Stoudt,stoul001,686651,stoudle01,25650,
Kaleb Ort,ort-k001,672391,ortka01,20061,
Ryan Ward,,669899,,27449,
Riley Martin,,702303,,29934,
Noah Schultz,,702273,,32056,
Zach Pop,,647315,,20185,
Juan Mejia,,675848,,23237,
PJ Poulin,,676571,,23394,
Orlando Arcia,arcio002,606115,arciaor01,13185,
Akil Baddoo,badda001,668731,baddoak01,22168,
Andrew Velazquez,velaa001,623205,velazan01,14196,
Reese McGuire,mcgur002,624512,mcguire01,15674,
Alan Trejo,treja001,676701,trejoal01,20056,
Austin Hedges,hedga001,595978,hedgeau01,12976,
Luis Guillorme,guill001,641645,guilllu01,16451,
Josh VanMeter,vanmj001,642165,vanmejo01,15170,
Julio Rodriguez,rodrj007,677594,rodriju01,23697,
Willi Castro,castw003,650489,castrwi01,17338,
Colin Moran,morac001,592567,moranco01,16909,
Mike Zunino,zunim001,572287,zuninmi01,13265,
Brad Miller,millb002,543543,millebr02,12775,
Andrew Knapp,knapa001,595284,knappan01,14942,
Ryan McKenna,mcker001,663630,mckenry01,19928,
Alek Thomas,thoma004,677950,thomaal01,23792,
Sam Hilliard,hills005,656541,hillisa01,17954,
Rafael Ortega,orter001,542364,ortegra01,10323,
Rob Brantly,branr002,542963,brantro01,10655,
Donovan Walton,waltd002,622268,waltodo01,19314,
Taylor Trammell,tramt001,666211,trammta01,19960,
Pablo Reyes,reyep001,622569,reyespa01,16357,
Steele Walker,walks001,667727,walkest01,22093,
Steven Kwan,kwans001,680757,kwanst01,24610,
Chris Okey,okeyc001,608360,okeych01,19245,
Meibrys Viloria,vilom001,650619,vilorme01,17109,
Mark Contreras,contm001,676628,contrma01,20122,
Christopher Morel,morec001,666624,morelch01,21897,
Billy Hamilton,hamib001,571740,hamilbi02,10199,
Jason Delay,delaj004,641511,delayja01,19806,
Yolmer Sanchez,sancc001,570560,sanchca01,11602,
Jaylin Davis,davij008,664041,davisja03,19552,
Zack Collins,collz001,641470,colliza01,19181,
Lars Nootbaar,nootl001,663457,nootbla01,21454,
Robbie Grossman,grosr001,543257,grossro01,5254,
Wynton Bernard,bernw001,592144,bernawy01,13408,
Drew Waters,wated001,671221,waterdr01,20505,
Garrett Mitchell,mitcg001,669003,mitchga01,27555,
Clayton Kershaw,kersc001,477132,kershcl01,2036,
Caleb Joseph,josec002,543376,josepca01,7087,
Boog Powell,poweb002,621471,powelbo02,15103,
Kenta Maeda,maedk001,628317,maedake01,18498,
Jesus Sucre,sucrj001,491696,sucreje01,5942,
Sean Newcomb,newcs001,656794,newcose01,16943,
Matt Harvey,harvm001,518774,harvema01,11713,
Tyson Ross,rosst001,475115,rossty01,7872,
Mitch Garver,garvm001,641598,garvemi01,15161,
Luke Weaver,weavl001,596133,weavelu01,16918,
Ben Lively,liveb001,594902,livelbe01,14932,
Max Scherzer,schem001,453286,scherma01,3137,
Ryan LaMarre,lamar001,534606,lamarry01,10700,
Kyle Hendricks,hendk001,543294,hendrky01,12049,
Noah Syndergaard,syndn001,592789,syndeno01,11762,
Mallex Smith,smitm007,605480,smithma05,13608,
Matt Wisler,wislm001,605538,wislema01,12804,
Ryan Goins,goinr001,572365,goinsry01,9807,
Lourdes Gurriel,gurrl001,666971,gurrilo01,19238,
Josh Reddick,reddj001,502210,reddijo01,3892,
Troy Scribner,scrit001,644428,scribtr01,15570,
Anibal Sanchez,sanca004,434671,sanchan01,3284,
Clay Buchholz,buchc001,453329,buchhcl01,3543,
Ronny Rodriguez,rodrr009,500135,rodriro03,11875,
Josh Phegley,phegj001,572033,phegljo01,9308,
Erick Fedde,fedde001,607200,feddeer01,17425,
Adam Moore,moora001,446192,mooread01,9362,
Zach Vincej,vincz001,572227,vinceza01,13269,
Leonys Martin,martl004,547982,martile01,11846,
Touki Toussaint,toust001,657053,toussto01,16929,
Austin Gomber,gomba001,596295,gombeau01,16561,
Jack Reinheimer,reinj001,595373,reinhja01,14938,
Cesar Hernandez,hernc005,514917,hernace02,10556,
Blake Snell,snelb001,605483,snellbl01,13543,
Jose Rojas,rojaj002,670351,rojasjo02,19331,
Ian Anderson,andei001,666120,anderia01,19951,
Tommy Hunter,huntt002,488984,hunteto02,1157,
Mitch Keller,kellm003,656605,kellemi03,17594,
Michael Chavis,chavm001,656308,chavimi01,17321,
Julio Urias,uriaj001,628711,uriasju01,14765,
Adrian Houser,housa001,605288,housead01,12718,
Chris Paddack,paddc001,663978,paddach01,20099,
Cody Ponce,poncc002,664074,ponceco01,17920,
Jon Duplantier,duplj001,641541,duplajo01,19546,
Jack Mayfield,mayfj001,608686,mayfija01,15402,
Luis Rengifo,rengl001,650859,rengilu01,19858,
Jerad Eickhoff,eickj001,595191,eickhje01,12664,
Riley Adams,adamr004,656180,adamsri03,19864,
Tim Locastro,locat001,641796,locasti01,15124,
Humberto Castellanos,casth002,528748,castehu01,21183,
Robert Stock,stocr001,476594,stockro01,6576,
Anthony Bass,bassa001,542914,bassan01,7982,
Taylor Widener,widet001,642203,widenta01,19266,
Jesus Luzardo,luzaj001,666200,luzarje01,19959,
Joey Wendle,wendj002,621563,wendljo01,13853,
Brusdar Graterol,gratb002,660813,gratebr01,20367,
Sam Coonrod,coons001,656322,coonrsa01,17264,
Cam Bedrosian,bedrc001,592135,bedroca01,13360,
Humberto Mejia,mejih001,650668,mejiahu01,20739,
Hans Crouse,crouh001,668968,crousha01,22192,
Joan Adon,adonj001,672851,adonjo01,22925,
Adam Rosales,rosaa001,489267,rosalad01,9682,
Casey Kelly,kellc001,543391,kellyca01,9174,
Carter Kieboom,kiebc001,666198,kieboca01,19958,
Montana DuRapau,duram002,657566,durapmo01,16768,
Michael Feliz,felim001,593140,felizmi01,11903,
Tim Lopes,lopet001,621005,lopesti01,14137,
Hunter Goodman,goodh001,696100,goodmhu01,29715,
Bo Naylor,naylb001,666310,naylobo01,21865,
Blake Dunn,dunnb001,694362,dunnbl01,29487,
Kevin Newman,newmk001,621028,newmake01,17696,
Miles Mastrobuoni,mastm001,670156,mastrmi01,20017,
Jamie Westbrook,westj003,642197,westbja02,15504,
Steward Berroa,berrs002,672642,berrost01,22766,
Trey Cabbage,cabbt001,663550,cabbatr01,21078,
Jackson Holliday,hollj003,702616,hollija01,31781,
Drew Romo,romod001,691011,romodr01,27763,
Jack Lopez,lopej005,605346,lopezja03,13663,
Tommy Pham,phamt001,502054,phamth01,2967,
Niko Kavadas,kavan001,694359,kavadni01,29782,
Liover Peguero,pegul001,678894,pegueli01,24273,
Tim Tawa,tawat001,694374,tawati01,29571,
Blake Sabol,sabob001,666165,sabolbl01,25805,
Dustin Harris,harrd003,687957,harridu01,25705,
Jose Garcia,garcj007,676480,garcijo02,23378,
Blaine Crim,crimb001,688760,crimbl01,25714,
Liam Hicks,hickl001,689414,hicksli01,29844,
JJ Bleday,bledj001,668709,bledajj01,26368,
Denzel Clarke,clard004,672016,clarkde02,29858,
Chadwick Tromp,tromc001,644433,trompch01,16953,
Kristian Campbell,campk002,692225,campbkr01,33644,
Taylor Motter,mottt001,600301,motteta01,12399,
Jake Alu,alu-j001,666906,aluja01,25569,
TJ Friedl,friet001,670770,friedtj01,19522,
Zach Neto,netoz001,687263,netoza01,31347,
Ryan Noda,nodar001,676116,nodary01,23312,
Michael Toglia,toglm001,669911,toglimi01,25845,
Sean Bouchard,boucs001,656248,bouchse01,21270,
Bryan Ramos,ramob001,682868,ramosbr01,25621,
Wilfredo Tovar,tovaw001,541600,tovarwi01,10416,
Mike Ford,fordm002,645801,fordmi01,15585,
Alex Blandino,blana002,607468,blandal01,16271,
Cory Spangenberg,spanc001,605486,spangco01,12294,
Blake Parker,parkb001,453284,parkebl01,5224,
Wyatt Mathisen,mathw001,621500,mathiwy01,14555,
Dalton Guthrie,guthd001,656495,guthrda01,21293,
Matt Mervis,mervm001,670223,mervima01,27845,
Austin Slater,slata001,596103,slateau01,16153,
Isan Diaz,diazi001,656371,diazis01,17922,
Jasson Dominguez,domij003,691176,dominja01,28080,
Marcelo Mayer,mayem002,691785,mayerma01,29668,
Troy Johnston,johnt003,687859,johnstr02,26143,
Ryan Fitzgerald,fitzr001,680837,fitzgry01,24622,
Buddy Kennedy,kennb002,671083,kennebu01,22505,
Chase Meidroth,meidc001,805367,meidrch01,31580,
C J Kayfus,kayfc001,692216,kayfucj01,33704,
Brian Dozier,dozib001,572821,doziebr01,9810,
Francisco Pena,penaf001,506747,penafr01,8298,
Luke Voit,voitl001,572228,voitlu01,14811,
Matt Beaty,beatm001,607461,beatyma01,17710,
Humberto Arteaga,arteh001,600858,arteahu01,13595,
Enyel De Los Santos,deloe001,660853,delosen01,18403,
Matt Grace,gracm003,594840,gracema02,11449,
Jordan Walker,walkj003,691023,walkejo02,27475,
Dominic Smith,smitd008,642086,smithdo02,15653,
Corbin Carroll,carrc005,682998,carroco02,25878,
CJ Alexander,alexc001,680769,alexacj01,20557,
Josh Jung,jungj001,673962,jungjo01,26299,
Wenceel Perez,perew002,672761,perezwe01,22857,
Dylan Beavers,beavd001,687637,beavedy01,31695,
Jimmy Crooks,crooj001,699625,crookji01,31354,
Steve Baron,baros002,571467,baronst01,9787,
Dustin Fowler,fowld002,641583,fowledu01,17098,
Danny Valencia,valed001,502143,valenda01,6364,
Rafael Lopez,loper002,607257,lopezra02,12606,
JB Shuck,shucj001,543776,shuckja01,6677,
Preston Tucker,tuckp001,605512,tuckepr01,13633,
Jesmuel Valentin,valej006,621044,valenje01,14548,
Deivy Grullon,gruld001,620453,grullde01,15988,
Justin Upton,uptoj001,457708,uptonju01,5222,
Dilson Herrera,herrd002,599096,herredi01,14335,
Frank Schwindel,schwf001,643524,schwifr01,15351,
Colton Welker,welkc001,666213,welkeco01,19961,
Gosuke Katoh,katog001,641741,katohgo01,15697,
Gunnar Henderson,hendg002,683002,hendegu01,26289,
Brandon Belt,beltb001,474832,beltbr01,10264,
Anthony Rizzo,rizza001,519203,rizzoan01,3473,
Ryan Mountcastle,mounr001,663624,mountry01,18373,
Jim Adduci,adduj002,451192,adducji02,6448,
Francisco Cervelli,cervf001,465041,cervefr01,5275,
Jose Altuve,altuj001,514888,altuvjo01,5417,
Jesse Winker,winkj002,608385,winkeje01,13590,
Kris Bryant,bryak001,592178,bryankr01,15429,
Michael Brantley,branm003,488726,brantmi02,4106,
Rafael Bautista,bautr001,622441,bautira01,15769,
Carlos Correa,corrc001,621043,correca01,14162,
Ryan Zimmerman,zimmr001,475582,zimmery01,4220,
Agustin Ramirez,ramia004,682663,ramirag01,26546,
Ryan Braun,braur002,460075,braunry02,3410,
Jose Ramirez,ramij003,608070,ramirjo01,13510,
Xander Bogaerts,bogax001,593428,bogaexa01,12161,
Adam Jones,jonea003,430945,jonesad01,6368,
Alex Bregman,brega001,608324,bregmal01,17678,
Brewer Hicklen,hickb003,676551,hicklbr01,20450,
Matt Gorski,gorsm001,685301,gorskma01,25855,
Anthony Rendon,renda001,543685,rendoan01,12861,
Matt Holliday,hollm001,407812,hollima01,1873,
Christian Yelich,yelic001,592885,yelicch01,11477,
Justin Dunn,dunnj002,643290,dunnju01,19268,
James Kaprielian,kaprj001,621076,kaprija01,18331,
Eli Morgan,morge001,669212,morgael01,20203,
Carlos Rodon,rodoc001,607074,rodonca01,16137,
Jose Urquidy,urquj001,664353,urquijo01,18413,
Mike Mayers,mayem001,594577,mayermi01,15451,
Pedro Avila,avilp001,658648,avilape01,18864,
Carson Fulmer,fulmc001,608334,fulmeca01,18311,
Hector Santiago,santh001,502327,santihe01,4026,
Jason Hammel,hammj002,434628,hammeja01,4538,
Jonny Venters,ventj001,458924,ventejo01,7175,
Yefry Ramirez,ramiy001,606162,ramirye01,15655,
Spencer Turnbull,turns003,605513,turnbsp01,16207,
Zach Plesac,plesz001,668676,plesaza01,19979,
Grant Koch,kochg001,667428,kochgr01,22045,
Orelvis Martinez,marto002,682619,martior01,25967,
Michael Reed,reedm001,605439,reedmi02,13228,
Chad Green,greec003,643338,greench03,15552,
Jose Alvarado,alvaj004,621237,alvarjo03,17780,
Nestor Cortes,cortn001,641482,cortene01,17874,
TJ Zeuch,zeuct001,643615,zeuchtj01,19269,
Ryan Weber,weber001,543901,weberry01,10160,
Tejay Antone,antot001,622088,antonte01,16233,
Adam Oller,ollea001,670124,ollerad01,20132,
Glenn Otto,ottog001,657248,ottogl01,21366,
MacKenzie Gore,gorem001,669022,gorema01,22201,
Zach Logue,loguz001,656657,logueza01,20231,
Kyle Bradish,bradk001,680694,bradiky01,24586,
Jon Heasley,heasj001,669169,heasljo01,22224,
Thomas Szapucki,szapt001,663378,szaputh01,21065,
Ethan Small,smale001,663629,smallet01,26364,
Andre Pallante,palla001,669467,pallaan01,26108,
Conner Seabold,seabc001,657756,seaboco01,19695,
Bryan Garcia,garcb001,650530,garcibr01,19457,
Jesse Scholtens,schoj002,669947,scholje01,19205,
Ian Hamilton,hamii001,641656,hamilia01,19261,
Gavin Williams,willg004,668909,williga01,30122,
Randy Vasquez,vasqr001,681190,vasqura02,24719,
Kodai Senga,sengk001,673540,sengako01,31838,
Alec Marsh,marsa001,679525,marshal01,27451,
Jose Cuas,cuasj001,621016,cuasjo01,17701,
Steven Okert,okers001,595345,okertst01,13580,
Mason Miller,millm004,695243,millema03,31757,
Jackson Rutledge,rutlj002,671131,rutleja01,26215,
Connor Phillips,philc001,683175,phillco01,27649,
Ronel Blanco,blanr001,669854,blancro01,19407,
Tanner Banks,bankt001,621383,banksta01,16990,
Spencer Arrighetti,arris001,681293,arrigsp01,29921,
Jack Leiter,leitj001,683004,leiteja01,30146,
Brennan Bernardino,bernb001,657514,bernabr01,16835,
Hogan Harris,harrh002,663687,harriho03,21520,
Cade Povich,povic001,700249,povicca01,30055,
Ben Joyce,joycb001,690829,joycebe01,31461,
DJ Herz,herzd001,687792,herzdj01,26389,
Chris Tillman,tillc001,501957,tillmch01,5279,
Thomas Pannone,pannt001,623381,pannoth01,17281,
Tyler Ivey,iveyt001,663959,iveyty01,20237,
Roenis Elias,eliar001,606273,eliasro01,12673,
Hunter Gaddis,gaddh001,683769,gaddihu01,25636,
Trevor Kelley,kellt002,665001,kelletr01,18454,
Chayce McDermott,mcdec001,694646,mcderch01,29866,
Ky Bush,bushk001,681066,bushky01,sa3017386,
Ty Madden,maddt001,680744,maddety01,30140,
Sam Aldegheri,aldes001,691951,aldegsa01,26443,
Caden Dana,danac001,702674,danaca01,31508,
Tomoyuki Sugano,sugat001,608372,suganto01,35321,
Gunnar Hoglund,hoglg001,680684,hoglugu01,31318,
Chase Petty,pettc002,695534,pettych02,30170,
Braxton Ashcraft,ashcb001,677952,ashcrbr01,23793,
Pierson Ohl,ohl-p001,701487,ohlpi01,30179,
Ian Seymour,seymi001,693855,seymoia01,27932,
Mitch Farris,farrm001,815083,farrimi01,33628,
Kyle Leahy,leahk001,681517,leahyky01,24763,
Richard Bleier,bleir001,542947,bleieri01,7803,
Matt Foster,fostm001,641582,fostema01,19647,
Joe Kelly,kellj001,523260,kellyjo05,9761,
Blake Walston,walsb001,686796,walstbl01,26270,
Tyler Duffey,dufft001,608648,duffety01,13758,
Evan Phillips,phile001,623465,phillev01,17734,
Matt Gage,gagem001,657424,gagema01,17381,
Scott Barlow,barls001,605130,barlosc01,14993,
Braydon Fisher,fishb002,680755,fishebr02,24609,
Trevor Oaks,oakst001,656805,oakstr01,16468,
Dylan Lee,lee-d005,669276,leedy01,19996,
Shane Drohan,,675660,,27814,
Connor Prielipp,,687570,,31857,
Konnor Griffin,,804606,,35376,
Tucker Barnhart,barnt001,571466,barnhtu01,10200,
Kevin Kiermaier,kierk001,595281,kiermke01,11038,
Dom Nunez,nuned001,624513,nunezdo01,15055,
Tyler Wade,wadet002,642180,wadety01,15730,
Jose Trevino,trevj001,624431,trevijo01,16725,
Danny Jansen,jansd001,643376,janseda01,16535,
Marwin Gonzalez,gonzm002,503556,gonzama01,5497,
Simon Muzziotti,muzzs001,665922,muzzisi01,19553,
Geraldo Perdomo,perdg001,672695,perdoge01,22799,
Manny Pina,pinam001,444489,pinama01,2829,
Hoy Jun Park,parkh001,660829,parkho01,18027,
CJ Abrams,abrac001,682928,abramcj01,25768,
Chris Owings,owinc001,572008,owingch01,10030,
Victor Caratini,carav001,605170,caratvi01,14968,
Cal Raleigh,ralec001,663728,raleica01,21534,
Andy Ibanez,ibana001,628451,ibanean01,18819,
Jorge Mateo,matej003,622761,mateojo01,17273,
Dylan Moore,moord002,664238,mooredy01,18042,
Travis Demeritte,demet001,641513,demertr01,15958,
Kolten Wong,wongk001,543939,wongko01,12532,
Rene Pinto,pintr003,650907,pintore02,19859,
Roberto Perez,perer003,547379,perezro02,2900,
Elehuris Montero,monte001,660707,monteel01,20543,
Derek Hill,hilld002,656537,hillde01,16947,
Adam Frazier,fraza001,624428,fraziad01,15223,
Royce Lewis,lewir003,668904,lewisro02,20437,
Kevin Smith,smitk003,675656,smithke05,20242,
Alcides Escobar,escoa003,444876,escobal02,6310,
Lorenzo Cain,cainl001,456715,cainlo01,9077,
Andrelton Simmons,simma001,592743,simmoan01,10847,
Jack Suwinski,suwij001,669261,suwinja01,22244,
Michael Brosseau,brosm001,670712,brossmi01,19683,
Austin Nola,nolaa002,543592,nolaau01,15941,
Sam Haggerty,haggs001,664059,haggesa01,18054,
Nick Fortes,fortn001,663743,forteni01,21538,
Oscar Mercado,merco003,640458,mercaos01,16375,
Jonathan Davis,davij007,641505,davisjo05,15104,
Giovanny Urshela,urshg001,570482,urshegi01,10681,
David Bote,boted002,623520,boteda01,14593,
Gabriel Moreno,moreg001,672515,morenga01,22664,
Matthew Batten,battm001,676946,battema01,20157,
Nick Senzel,senzn001,669222,senzeni01,19293,
Jarren Duran,duraj001,680776,duranja01,24617,
Brandon Marsh,marsb002,669016,marshbr02,20202,
Steven Duggar,duggs001,621453,duggast01,17719,
LaMonte Wade,wadel001,664774,wadela01,18126,
Josh Smith,smitj007,669701,smithjo11,26396,TEX
Bryce Johnson,johnb005,669369,johnsbr03,20002,
Nate Eaton,eaton001,681987,eatonna01,25055,
Cal Stevenson,stevc001,670276,steveca01,22411,
Tony Kemp,kempt001,643393,kempto01,14894,
Chuckie Robinson,robic003,642020,robinch04,19824,
Jerar Encarnacion,encaj002,666464,encarje01,21871,
Wilmer Difo,difow001,594694,difowi01,14320,
Eddie Rosario,rosae001,592696,rosared01,12155,
Julio Teheran,tehej001,527054,teherju01,6797,
Jose Urena,urenj001,570632,urenajo01,11589,
Rob Refsnyder,refsr001,608701,refsnro01,13770,
Aledmys Diaz,diaza003,649557,diazal02,15937,
Caleb Smith,smitc006,592761,smithca03,14875,
Chad Pinder,pindc001,640461,pindech01,15191,
Zack Greinke,greiz001,425844,greinza01,1943,
Luis Perdomo,perdl002,606131,perdolu02,14682,
Drew Robinson,robid003,592685,robindr01,11761,
Steven Brault,braus002,643230,braulst01,15291,
German Marquez,marqg001,608566,marquge01,15038,
Chris Stratton,strac001,608717,stratch01,13761,
Ryan Schimpf,schir001,572114,schimry01,9953,
Yu Darvish,darvy001,506433,darviyu01,13074,
Andrew Romine,romia001,461865,rominan01,1159,
Robbie Erlin,erlir001,572362,erlinro01,10354,
Jonathan Lucroy,lucrj001,518960,lucrojo01,7870,
Juan Centeno,centj001,518542,centeju01,7168,
Wei-Yin Chen,chenw001,612672,chenwe02,13071,
Nick Kingham,kingn001,592468,kinghni01,11694,
Dan Straily,strad003,573185,straida01,9460,
Kris Medlen,medlk001,450665,medlekr01,9417,
Carlos Gomez,gomec002,460576,gomezca01,4881,
Anthony Alford,alfoa002,546990,alforan01,14329,
Byron Buxton,buxtb001,621439,buxtoby01,14161,
Willy Adames,adamw002,642715,adamewi01,15986,
Walker Lockett,lockw001,621141,lockewa01,13804,
Dereck Rodriguez,rodrd001,605446,rodride01,14509,
Madison Bumgarner,bumgm001,518516,bumgama01,5524,
Caleb Ferguson,fergc001,657571,ferguca01,19349,
Adalberto Mondesi,mondr003,609275,mondera02,13769,
Tyler Naquin,naqut001,571980,naquity01,13359,
Sandy Alcantara,alcas001,645261,alcansa01,18684,
Shelby Miller,mills001,571946,millesh01,10197,
Pablo Lopez,lopep002,641154,lopezpa01,17085,
Jeff Hoffman,hoffj003,656546,hoffmje02,17432,
Chris Archer,archc001,502042,archech01,6345,
Addison Russell,russa002,608365,russead02,14106,
Jacob Nix,nix-j002,656798,nixja02,17775,
Cedric Mullins,mullc002,656775,mullice01,17929,
Billy McKinney,mckib001,641856,mckinbi01,15654,
Daniel Ponce de Leon,poncd001,594965,ponceda01,16110,
Evan White,white005,657108,whiteev01,20078,
Ryan Weathers,weatr001,677960,weathry01,23796,
Tucker Davidson,davit005,656353,davidtu01,19871,
David Price,pricd001,456034,priceda01,3184,
David Hale,haled001,571735,haleda02,9756,
Scott Kazmir,kazms001,431148,kazmisc01,4897,
Hunter Renfroe,renfh001,592669,renfrhu01,15464,
Zac Gallen,gallz001,668678,galleza01,19291,
Luis Oviedo,oviel001,665854,oviedlu01,21728,
Max Kranick,kranm001,668820,kranima01,22175,
Ji-Man Choi,choij001,596847,choiji01,5452,
Breyvic Valera,valeb001,591971,valerbr01,12758,
Justin Steele,steej002,657006,steelju01,17312,
Craig Stammen,stamc001,489334,stammcr01,7274,
Jacob Robson,robsj001,615699,robsoja01,19528,
Corey Knebel,knebc001,608349,knebeco01,15010,
Nick Ciuffo,ciufn001,624419,ciuffni01,16291,
Dakota Hudson,hudsd002,641712,hudsoda02,19206,
Jason Kipnis,kipnj001,543401,kipnija01,9776,
Austin Voth,votha001,608723,vothau01,15047,
Taylor Ward,wardt002,621493,wardta01,17548,
Nick Hundley,hundn001,460026,hundlni01,3376,
Jeff Mathis,mathj001,425772,mathije01,3448,
Freddy Galvis,galvf001,520471,galvifr01,6609,
Nicky Delmonico,delmn001,547170,delmoni01,13157,
Cal Quantrill,quanc001,615698,quantca01,19312,
Eduardo Nunez,nunee002,456488,nunezed02,6848,
Shaun Anderson,andes002,641312,andersh01,19453,
Cole Irvin,irvic001,608344,irvinco01,19244,
Dawel Lugo,lugod001,608475,lugoda01,14713,
Keon Broxton,broxk001,542979,broxtke01,9253,
Jonathan Schoop,schoj001,570731,schoojo01,11265,
Jose Rondon,rondj002,602922,rondojo02,14140,
Teoscar Hernandez,hernt002,606192,hernate01,13066,
Dario Agrazal,agrad001,642607,agrazda01,15821,
Max Schuemann,schum002,680474,schuema01,24488,
Yasmani Grandal,grany001,518735,grandya01,11368,
Chris Taylor,taylc001,621035,tayloch03,13757,
Taylor Walls,wallt003,670764,wallsta01,22458,
Cesar Salazar,salac001,663967,salazce01,21587,
DJ Stewart,stewd002,621466,stewadj01,17766,
Javier Baez,baezj001,595879,baezja01,12979,
Victor Scott,scotv001,687363,scottvi01,31349,
Carlos Narvaez,narvc002,665966,narvaca01,19722,
Darell Hernaiz,hernd006,687231,hernada04,26224,
Brooks Baldwin,baldb001,681460,baldwbr01,31394,
Francisco Alvarez,alvaf001,682626,alvarfr01,26121,
Miguel Vargas,vargm001,678246,vargami01,20178,
Enmanuel Valdez,valde002,665839,valdeen01,21716,
Eddy Alvarez,alvae001,657193,alvared01,16959,
Luisangel Acuna,acunl001,682668,acunajo01,26548,
Brandon Lockridge,lockb001,663604,lockrbr01,21496,
Jake Mangum,mangj001,663968,manguja01,26202,
Oliver Dunn,dunno001,686554,dunnol01,26295,
Michael Conforto,confm001,624424,confomi01,16376,
Nick Kurtz,kurtn001,701762,kurtzni01,35110,
Will Brennan,brenw002,686823,brennwi02,25660,
Tim Elko,elkot001,671284,elkoti01,31522,
Jose Tena,tenaj001,677588,tenajo01,23691,
Robert Hassell,hassr002,690987,hassero02,27482,
Matt Shaw,shawm002,807713,shawma01,33322,
Nolan Jones,jonen002,666134,jonesno01,20529,
Chad Wallach,wallc001,595453,wallach01,17161,
Colton Cowser,cowsc001,681297,cowseco01,29591,
T J Hopkins,hopkt001,686759,hopkitj01,25482,
Patrick Wisdom,wisdp001,621550,wisdopa01,13602,
Juniel Querecuto,querj001,578570,quereju01,12140,
Tyler Stephenson,stept001,663886,stephty01,17988,
Dominic Fletcher,fletd003,666150,fletcdo01,26149,
Jake McCarthy,mccaj003,664983,mccarja02,21622,
Nolan Schanuel,schan001,694384,schanno01,33189,
Trenton Brooks,broot002,670092,brooktr01,19384,
Rico Garcia,garcr006,670329,garciri01,20023,
John Hicks,hickj001,543308,hicksjo02,12547,
Robert Dugger,duggr001,667498,duggero01,19191,
Tony Wolters,woltt001,547172,wolteto01,11470,
Scott Kingery,kings001,664068,kingesc01,17975,
Erik Kratz,krate001,456124,kratzer01,4403,
Yadiel Hernandez,herny002,628450,hernaya01,19334,
Ryan McMahon,mcmar001,641857,mcmahry01,15112,
Wilson Ramos,ramow001,467092,ramoswi01,1433,
Luis Basabe,basal001,642772,basablu01,17839,
Phillip Ervin,ervip001,640447,ervinph01,14738,
Cooper Hummel,hummc001,669450,hummeco01,19458,
Ford Proctor,procf001,665154,proctfo01,21634,
Ezequiel Tovar,tovae001,678662,tovarez01,24064,
Patrick Bailey,bailp001,672275,bailepa01,27478,
Tristan Gray,grayt001,656484,graytr01,19877,
Brady House,housb001,691781,housebr01,29993,
Austin Dean,deana001,621573,deanau01,18288,
Jose Reyes,reyej001,408314,reyesjo01,1736,
John Andreoli,andrj001,607430,andrejo03,13012,
Sean Rodriguez,rodrs002,446481,rodrise01,6589,
Stephen Vogt,vogts001,519390,vogtst01,5000,
Matt Carpenter,carpm002,572761,carpema01,8090,
Matt Chapman,chapm001,656305,chapmma01,16505,
Endy Rodriguez,rodre006,682848,rodrien01,25332,
Carlos Santana,santc002,467793,santaca01,2396,
Will Banfield,banfw001,677943,banfiwi01,23790,
Kyle Karros,karrk001,691720,karroky01,33252,
Marcell Ozuna,ozunm001,542303,ozunama01,10324,
Anthony Santander,santa003,623993,santaan02,14551,
Cheslor Cuthbert,cuthc001,596144,cuthbch01,10473,
Austin Jackson,jacka001,457706,jacksau01,9848,
Nomar Mazara,mazan001,608577,mazarno01,14553,
Shogo Akiyama,akiys001,673451,akiyash01,27461,
Jose Devers,devej001,672701,deverjo01,20540,
Alex Dickerson,dicka001,543105,dickeal01,12649,
Evan Longoria,longe001,446334,longoev01,9368,
Jason Krizan,krizj001,607249,krizaja01,12394,
Zach Reks,reksz001,676646,reksza01,19667,
Travis Blankenhorn,blant002,663905,blanktr01,18395,
Darin Ruf,ruf-d001,573131,rufda01,9929,
Stone Garrett,garrs003,656448,garrest01,19273,
Trea Turner,turnt001,607208,turnetr01,16252,
Trevor Story,stort001,596115,storytr01,12564,
Yulieski Gurriel,gurry001,493329,gourryu01,19198,
James Wood,woodj004,695578,woodja03,29518,
Andy Burns,burna003,542992,burnsan01,12779,
Matt Szczur,szczm001,519333,szczuma01,11255,
Sal Stewart,stews004,701398,stewasa02,31505,
Kyle Lewis,lewik001,641786,lewisky01,19508,
Christian Villanueva,villc002,570799,villach01,11738,
Bobby Bradley,bradb002,656252,bradlbo01,17278,
Christian Lopes,lopec001,547173,lopesch01,13472,
Zach DeLoach,deloz001,676113,deloaza01,27471,
Josh Bell,bellj005,605137,belljo02,13145,
Spencer Steer,stees001,668715,steersp01,26323,
Vladimir Guerrero,guerv002,665489,guerrvl02,19611,
Andrew McCutchen,mccua001,457705,mccutan01,9847,
Juan Soto,sotoj001,665742,sotoju01,20123,
Mitch Walding,waldm001,605520,waldimi01,13006,
Scooter Gennett,genns001,571697,gennesc01,10339,
Hanley Ramirez,ramih003,434670,ramirha01,8001,
Roman Anthony,anthr001,701350,anthoro01,31812,
Mike Trout,troum001,545361,troutmi01,10155,
Miguel Castro,castm002,612434,castrmi01,15684,
Jorge Lopez,lopej004,605347,lopezjo02,14527,
Nathan Eovaldi,eovan001,543135,eovalna01,9132,
Tyler Alexander,alext001,641302,alexaty01,17735,
Luis Marte,martl005,606336,martelu02,14515,
Frankie Montas,montf001,593423,montafr02,14309,
Shane Bieber,biebs001,669456,biebesh01,19427,
Robert Gsellman,gselr001,607229,gsellro01,13696,
Drew Rasmussen,rasmd002,656876,rasmudr01,25385,
Jake Reed,reedj005,596082,reedja02,16209,
Marco Gonzales,gonzm005,594835,gonzama02,15467,
Lance Lynn,lynnl001,458681,lynnla01,2520,
Jordan Montgomery,montj004,656756,montgjo01,16511,
Lance McCullers,mccul002,621121,mcculla02,14120,
Charlie Barnes,barnc002,656212,barnech01,19865,
Jake Odorizzi,odorj001,543606,odorija01,6397,
Wily Peralta,peraw001,503449,peralwi01,7738,
Keegan Akin,akink001,669211,akinke01,19362,
Ashton Goudeau,gouda001,623485,goudeas01,15139,
Marcus Wilson,wilsm003,657129,wilsoma02,17910,
Engelb Vielma,viele001,622713,vielmen01,15481,
Gerrit Cole,coleg001,543037,colege01,13125,
Duane Underwood,unded001,621249,underdu01,14677,
Luis Severino,sevel001,622663,severlu01,15890,
Dylan Covey,coved001,592229,coveydy01,14825,
Christian Bergman,bergc001,548357,bergmch01,10925,
Edwin Jackson,jacke001,429719,jacksed01,1841,
Darnell Sweeney,sweed001,572182,sweenda02,13284,
Merandy Gonzalez,gonzm007,642571,gonzame01,17313,
Masahiro Tanaka,tanam001,547888,tanakma01,15764,
Yovani Gallardo,gally001,451596,gallayo01,8173,
Marco Estrada,estrm001,462136,estrama01,1118,
Sean Reid-Foley,reids001,656887,reidfse01,17034,
Connor Sadzeck,sadzc001,592712,sadzeco01,13483,
CC Sabathia,sabac001,282332,sabatc.01,404,
Griffin Canning,canng001,656288,cannigr01,19867,
Aaron Brooks,brooa001,605156,brookaa01,12272,
Edwin Uceta,ucete001,670955,ucetaed01,20539,
Jarrett Parker,parkj002,592620,parkeja03,11624,
Petey Halpin,halpp001,690984,halpipe01,27931,
Ryder Jones,joner005,624507,jonesry01,15982,
Michael Fiers,fierm001,571666,fiersmi01,7754,
Emmanuel Clase,clase001,661403,claseem01,21032,
Bobby Poyner,poynb001,596074,poynebo01,17987,
Luis Garcia,garcl005,472610,garcilu03,6984,
Daulton Jefferies,jeffd001,641726,jeffeda01,19345,
Peter Fairbanks,fairp001,664126,fairbpe01,17998,
Logan Gilbert,gilbl002,669302,gilbelo01,22250,
Shane McClanahan,mccls003,663556,mcclash01,21483,
Spenser Watkins,watks003,657093,watkisp01,17489,
Taylor Hearn,heart001,621368,hearnta01,18325,
Josh Winder,windj002,680739,windejo01,24606,
Gabe Speier,speig001,642100,speiega01,17170,
Austin Davis,davia003,656354,davisau01,17117,
Rony Garcia,garcr007,665621,garciro03,20430,
Denyi Reyes,reyed002,660593,reyesde02,20526,
Matt Bush,bushm001,456713,bushma01,1246,
Shane Baz,baz-s001,669358,bazsh01,22264,
Caleb Kilian,kilic001,668873,kiliaca01,26213,
Max Castillo,castm003,666721,castima03,21956,
Andrew Bellatti,bella001,571479,bellaan01,10657,
Max Meyer,meyem001,676974,meyerma01,27474,
Tommy Henry,henrt001,674072,henryto01,26285,
DL Hall,halld004,669084,halldl01,22207,
Ken Waldichuk,waldk003,686610,waldike01,27681,
Dennis Santana,santd003,642701,santade01,17878,
Bobby Miller,millb005,676272,millebo06,27483,
Tanner Bibee,bibet001,676440,bibeeta01,30134,
Drew Rom,rom-d001,680723,romdr01,24602,
Bryan Woo,woo-b001,693433,woobr01,30279,
Darius Vines,vined001,670241,vinesda01,25928,
Noah Davis,davin001,663562,davisno01,25862,
Joe Boyle,boylj001,671212,boylejo01,29608,
Jared Jones,jonej008,683003,jonesja09,27863,
Gavin Stone,stong001,694813,stonega01,27792,
Garrett Crochet,crocg001,676979,crochga01,27463,
Shota Imanaga,imans001,684007,imanash01,33829,
Yariel Rodriguez,rodry003,684320,rodriya01,33838,
Mason Black,blacm001,696131,blackma01,30171,
Mitch Spence,spenm001,687765,spencmi01,27707,
Drew Thorpe,thord001,689672,thorpdr01,31967,
Shawn Dubin,dubis001,681869,dubinsh01,24977,
Jacob Turner,turnj002,545363,turneja01,10185,
Brad Peacock,peacb001,502748,peacobr01,5401,
Phil Maton,matop002,664208,matonph01,18064,
Hyeon-Jong Yang,yangh001,660365,yanghy01,27513,
Lucas Gilbreath,gilbl001,656458,gilbrlu01,21290,
Lucas Luetge,luetl001,476595,luetglu01,8337,
Jake Latz,latzj001,656641,latzja01,21306,
Andrew Albers,albea001,452027,alberan01,7853,
AJ Alexy,alexa001,669935,alexyaj01,22343,
Matt Festa,festm001,670036,festama01,19330,
Cody Anderson,andec002,594736,anderco01,12799,
Ryan Feierabend,feier001,456387,feierry01,6336,
Jose Leclerc,leclj001,600917,leclejo01,14524,
Joakim Soria,sorij001,465657,soriajo01,6941,
Hector Rondon,rondh001,444468,rondohe01,2391,
Easton McGee,mcgee001,668834,mcgeeea01,22176,
Drew Rucinski,rucid001,607968,rucindr01,12499,
Tyler Holton,holtt002,663947,holtoty01,26231,
Justin Garza,garzj001,621057,garzaju01,19784,
Freddy Tarnok,tarnf001,676206,tarnofr01,23324,
Justin Wrobleski,wrobj001,680736,wroblju01,31204,
Jack Kochanowicz,kochj001,686799,kochaja01,27688,
Will Warren,warrw001,701542,warrewi01,30182,
Seth Johnson,johns003,686751,johnsse01,26020,
Shane Smith,smits003,681343,smithsh02,31687,
Chase Dollander,dollc001,801403,dollach01,33482,
Sean Guenther,guens001,674944,guentse01,20045,
Anthony Veneziano,venea001,685107,venezan01,27453,
Chase Burns,burnc003,695505,burnsch01,35333,
Ryan Zeferjahn,zefer001,666171,zeferry01,25420,
Connelly Early,earlc001,813349,earlyco01,33666,
Jayden Murray,murrj001,681151,murraja01,sa1170405,
Trevor McDonald,mcdot001,686790,mcdontr01,26448,
Aaron Slegers,slega001,642083,slegeaa01,15231,
Nick Goody,goodn001,580792,goodyni01,13685,
Anthony Maldonado,malda001,687424,maldoan01,26034,
Scott Effross,effrs001,664123,effrosc01,18384,
Dauri Moreta,mored002,664294,moretda01,21101,
Darren McCaughan,mccad002,670766,mccauda01,20038,
Louis Head,headl001,545343,headlo01,13259,
Jaime Schultz,schuj002,621289,schulja02,15066,
Andrew Moore,moora002,621058,moorean02,17553,
Brian Flynn,flynb001,543169,flynnbr01,12027,
Matt Sauer,sauem001,669422,sauerma01,22284,
Kevin McGonigle,,805808,,33572,
Luinder Avila,,679883,,24452,
Andrew Painter,,691725,,30091,
Kyle Backhus,,679775,,29615,
Joey Bart,bartj003,663698,bartjo01,21524,
Jose Herrera,herrj003,645444,herrejo04,17040,
Gavin Lux,lux-g001,666158,luxga01,19955,
Andrew Vaughn,vauga001,683734,vaughan01,26197,
Bradley Zimmer,zimmb001,605548,zimmebr01,16221,
Cristian Pache,pachc001,665506,pachecr01,19948,
Connor Wong,wongc001,657136,wongco01,19896,
Nick Madrigal,madrn001,663611,madrini01,20521,
Mark Kolozsvary,kolom001,656627,kolozma01,21304,
Jake Marisnick,marij002,545350,marisja01,11339,
Brendan Donovan,donob001,680977,donovbr01,24679,
Matt Reynolds,reynm003,608703,reynoma03,13788,
Roman Quinn,quinr003,596451,quinnro01,13546,
Paul DeJong,dejop001,657557,dejonpa01,18015,
Trayce Thompson,thomt002,572204,thomptr01,9952,
Dairon Blanco,bland001,680118,blancda02,19779,
Aaron Hicks,hicka001,543305,hicksaa01,5297,
Grayson Greiner,greig001,606988,greingr01,17062,
Michael Harris,harrm004,671739,harrimi04,25931,
Luke Williams,willl001,663897,willilu01,19931,
Cal Mitchell,mitcc002,668751,mitchca01,22169,
Aristides Aquino,aquia001,606157,aquinar01,15482,
Ehire Adrianza,adrie001,501303,adriaeh01,8418,
Luis Garcia,garcl006,671277,garcilu04,20391,
Kody Clemens,clemk001,665019,clemeko01,20572,
Skye Bolt,bolts001,621450,boltsk01,17723,
Tyler Nevin,nevit001,663527,nevinty01,17893,
Esteury Ruiz,ruize001,665923,ruizes01,21780,
Nelson Velazquez,velan001,676369,velazne01,23359,
Cody Bellinger,bellc002,641355,bellico01,15998,
Pedro Severino,sevep001,600474,severpe01,14523,
Jonathan Arauz,arauj001,660620,arauzjo01,20275,
Dixon Machado,machd001,553988,machadi01,11472,
Sandy Leon,leons001,506702,leonsa01,5273,
Zach McKinstry,mckiz001,656716,mckinza01,19392,
Matt Thaiss,thaim001,642136,thaisma01,19318,
Enrique Hernandez,herne001,571771,hernaen02,10472,
Jake Lamb,lambj001,571875,lambja01,13329,
Oswald Peraza,perao002,672724,perazos02,22823,
Amed Rosario,rosaa003,642708,rosaram01,15518,
Robbie Ray,ray-r002,592662,rayro02,11486,
Chance Sisco,siscc001,642082,siscoch01,15694,
Zach Davies,daviz001,605200,davieza02,13183,
Bryan Mitchell,mitcb001,571951,mitchbr01,11479,
Rene Rivera,river003,425784,riverre01,3648,
Trevor Williams,willt002,592866,willitr01,16977,
Chad Bettis,bettc001,518452,bettich01,10587,
Gio Gonzalez,gonzg003,461829,gonzagi01,7448,
Tanner Roark,roart001,543699,roarkta01,8753,
Andrew Suarez,suara002,605498,suarean01,18300,
Walker Buehler,buehw001,621111,buehlwa01,19374,
Craig Gentry,gentc001,502226,gentrcr01,9571,
Nick Pivetta,piven001,601713,pivetni01,15454,
Jeremy Hellickson,hellj001,476451,hellije01,4371,
John Gant,gantj002,607231,gantjo01,13684,
Jen-Ho Tseng,tsenj001,627500,tsengje01,15524,
Richard Urena,urenr001,620446,urenari01,16411,
Hunter Dozier,dozih001,641531,doziehu01,15117,
Bobby Wilson,wilsb002,435064,wilsobo02,6564,
Abraham Almonte,almoa001,501659,almonab01,5486,
Andrew Stevenson,steva001,664057,stevean01,17932,
Ramon Torres,torrr002,593527,torrera01,14113,
Pete Kozma,kozmp001,518902,kozmape01,2539,
Delino DeShields,deshd002,592261,deshide02,11379,
Blake Swihart,swihb001,596119,swihabl01,13176,
Charlie Tilson,tilsc001,605508,tilsoch01,12983,
Clint Frazier,frazc001,640449,frazicl01,15983,
Jose Briceno,bricj001,593993,bricejo01,13151,
Aaron Wilkerson,wilka003,658792,wilkeaa01,16904,
Jake Cave,cavej001,595909,caveja01,14477,
Drew Gagnon,gagnd001,543193,gagnodr01,12545,
Kyle Tucker,tuckk001,663656,tuckeky01,18345,
Merrill Kelly,kellm002,518876,kellyme01,11156,
Miguel Diaz,diazm004,622766,diazmi02,18815,
Ben Rortvedt,rortb001,666163,rortvbe01,20287,
Ryan Castellani,castr005,624418,castery01,16377,
David Peterson,peted003,656849,peterda01,20302,
Huascar Ynoa,ynoah001,660623,ynoahu01,20468,
Chi Chi Gonzalez,gonzc002,592346,gonzach01,14663,
Jimmy Nelson,nelsj004,519076,nelsoji02,10547,
Jose Marmolejos,marmj001,592530,marmojo01,15767,
Cody Poteet,potec001,547001,poteeco01,18769,
Nick Neidert,neidn001,663734,neideni01,18699,
Tony Santillan,santt001,663574,santito01,19926,
Paolo Espino,espip001,502179,espinpa01,8246,
Alex Young,youna002,622065,youngal01,18333,
Sammy Long,longs002,669674,longsa01,25379,
Seth Brown,brows003,664913,brownse01,18171,
Robel Garcia,garcr005,596825,garciro02,13167,
Anthony Bender,benda001,669622,bendean01,19742,
Taylor Jones,jonet005,622100,jonesta01,19533,
Tyler Gilbert,gilbt001,656457,gilbety01,17964,
Jo Adell,adelj001,666176,adelljo01,20220,
Jesse Chavez,chavj001,445926,chaveje01,5448,
Francisco Arcia,arcif001,516472,arciafr01,10286,
Travis Jankowski,jankt001,608671,jankotr01,13768,
Juan Graterol,gratj001,492802,grateju01,5398,
Mike Freeman,freem002,502273,freemmi01,11241,
Jose Peraza,peraj003,606299,perazjo01,13593,
Thairo Estrada,estrt001,642731,estrath01,16426,
Nick Vincent,vincn001,543883,vinceni01,7555,
Lucas Sims,simsl001,608371,simslu01,13470,
Mac Williamson,willm008,607776,willima11,14158,
Dallas Keuchel,keucd001,572971,keuchda01,9434,
Adrian Morejon,morea001,670970,morejad01,20039,
Ali Sanchez,sanca009,645305,sanchal04,18551,
Brayan Rocchio,roccb001,677587,rocchbr01,23690,
Miguel Amaya,amaym001,665804,amayami01,21693,
Aaron Schunk,schua002,668845,schunaa01,25524,
Ceddanne Rafaela,rafac001,678882,rafaece01,24262,
Brett Sullivan,sullb001,664954,sullibr01,18217,
Pedro Pages,pagep001,686780,pagespe02,25782,
Nolan Gorman,gormn001,669357,gormano01,22263,
Austin Hays,haysa001,669720,haysau01,19363,
Joey Ortiz,ortij005,687401,ortizjo06,25493,
Leo Rivas,rival002,660844,rivasle01,21009,
Pedro Leon,leonp001,694175,leonpe01,27781,
Kevin Alcantara,alcak001,682634,alcanke01,25971,
Javier Sanoja,sanoj001,691594,sanojja01,28253,
Max Muncy,muncm002,691777,muncyma02,29779,ATH
Rafael Marchan,marcr001,665561,marchra01,21646,
Zac Veen,veenz001,691728,veenza01,27770,
Tsung-Che Cheng,chent001,691907,chengts01,28344,
Jace Jung,jungj002,690291,jungja01,31437,
Matt McLain,mclam001,680574,mclaima01,29695,
Eduardo Escobar,escoe001,500871,escobed01,6153,
Mark Mathias,mathm002,664029,mathima01,18032,
Osleivis Basabe,basao001,678545,basabos01,23985,
Jose Fermin,fermj001,665877,fermijo01,21746,
Nick Loftin,loftn001,679845,loftini01,27630,
Michael Massey,massm001,686681,massemi02,27684,
Yainer Diaz,diazy004,673237,diazya02,23003,
Matt Wallner,wallm001,670242,wallnma01,26466,
Elly De La Cruz,delae003,682829,delacel01,26668,
Blaze Alexander,alexb001,677942,alexabl01,23789,
Zack Gelof,geloz001,680869,gelofza01,29766,
CJ Cron,cronc002,543068,croncj01,12546,
Emilio Bonifacio,bonie001,466988,bonifem01,4054,
Joseph Odom,odomj001,641929,odomjo01,15535,
Joe Panik,panij002,605412,panikjo01,11936,
AJ Pollock,polla001,572041,polloaj01,9256,
Aaron Sanchez,sanca006,592717,sanchaa01,11490,
Coby Mayo,mayoc001,691723,mayoco01,28312,
Ryan Ritter,rittr002,690022,rittery01,31500,
Heriberto Hernandez,hernh001,681715,hernahe01,24878,
Christian Encarnacion-Strand,encac001,687952,encarch01,30011,
Brice Matthews,mattb001,694728,matthbr01,33280,
Ke'Bryan Hayes,hayek001,663647,hayeske01,18577,
Trevor Larnach,larnt001,663616,larnatr01,21501,
Jeremiah Jackson,jackj002,669236,jacksje02,22239,
Yasiel Puig,puigy001,624577,puigya01,14225,
Gorkys Hernandez,herng001,491676,hernago01,4146,
Yoan Moncada,moncy001,660162,moncayo01,17232,
Austin Meadows,meada001,640457,meadoau01,15672,
Russell Martin,martr004,431145,martiru01,4616,
Logan Forsythe,forsl001,523253,forsylo01,7185,
Dustin Pedroia,pedrd001,456030,pedrodu01,8370,
Socrates Brito,brits001,593647,britoso01,12944,
Aaron Altherr,altha001,571437,altheaa01,11270,
Justin Bour,bourj002,571506,bourju01,9744,
Rowdy Tellez,tellr001,642133,tellero01,15679,
Tyler Soderstrom,sodet001,691016,soderty01,27467,
Kyle Manzardo,manzk001,700932,manzaky01,29794,
Keibert Ruiz,ruizk001,660688,ruizke01,19610,
Mitch Haniger,hanim001,571745,hanigmi01,14274,
Logan Davidson,davil002,669722,davidlo01,25844,
Adolis Garcia,garca005,666969,garciad02,19287,
Johnathan Rodriguez,rodrj009,671286,rodrijo10,22530,
Colt Keith,keitc001,690993,keithco01,27899,
Jose Lobaton,lobaj001,446653,lobatjo01,4243,
Chase Utley,utlec001,400284,utleych01,1679,
Max Muncy,muncm001,571970,muncyma01,13301,LAD
Noel Cuevas,cuevn001,571595,cuevano01,11894,
Devin Mesoraco,mesod001,519023,mesorde01,5666,
Jorge Polanco,polaj001,593871,polanjo01,13152,
Welington Castillo,castw002,456078,castiwe01,3256,
Todd Frazier,frazt001,453943,frazito01,785,
Jesus Aguilar,aguij001,542583,aguilje01,11342,
Kevin Kramer,kramk001,596012,krameke01,17689,
Eric Thames,thame001,519346,thameer01,3711,
Sherten Apostel,aposs001,665947,apostsh01,21794,
Nick Markakis,markn001,455976,markani01,5930,
Webster Rivas,rivaw001,593590,rivaswe01,14636,
Wilmer Flores,florw001,527038,florewi01,5827,
Spencer Torkelson,torks001,679529,torkesp01,27465,
JT Realmuto,realj001,592663,realmjt01,11739,
Dermis Garcia,garcd004,660650,garcide02,20926,
Wil Myers,myerw001,571976,myerswi01,10047,
Ryan Aguilar,aguir002,666922,aguilry01,19967,
Drew Maggi,maggd001,543482,maggidr01,11381,
Henry Ramos,ramoh001,592656,ramoshe01,11481,
Adrian Del Castillo,delca001,680728,delcaad01,29554,
Drake Baldwin,baldd001,686948,baldwdr01,31539,
Lane Adams,adaml001,572669,adamsla01,10767,
Avisail Garcia,garca003,541645,garciav01,5760,
Moises Ballesteros,ballm001,694208,ballemo01,28820,
Jose Bautista,bautj002,430832,bautijo02,1887,
Trevor Plouffe,plout001,461858,plouftr01,7462,
Buster Posey,poseb001,457763,poseybu01,9166,
Ian Desmond,desmi001,435622,desmoia01,6885,
Miguel Montero,montm001,471083,montemi01,3364,
Chris Shaw,shawc001,622046,shawch01,17738,
Daniel Murphy,murpd006,502517,murphda08,4316,
Christian Walker,walkc002,572233,walkech02,13419,
Mike Moustakas,mousm001,519058,moustmi01,4892,
Colby Rasmus,rasmc001,458675,rasmuco01,9893,
Riley Greene,greer003,682985,greenri03,25976,
Howie Kendrick,kendh001,435062,kendrho01,4229,
Rangel Ravelo,raver001,592660,ravelra01,10839,
Adley Rutschman,rutsa001,668939,rutscad01,26288,
Jake Noll,nollj001,669738,nollja01,19703,
Matt Olson,olsom001,621566,olsonma02,14344,
David Freese,freed001,501896,freesda01,9549,
Adrian Beltre,belta001,134181,beltrad01,639,
Aaron Judge,judga001,592450,judgeaa01,15640,
George Valera,valeg001,671655,valerge01,22541,
Jordan Holloway,hollj002,656548,hollojo01,20631,
Michael Pineda,pinem001,501381,pinedmi01,5372,
Kris Bubic,bubik001,663460,bubickr01,21455,
Carlos Hernandez,hernc006,672578,hernaca04,22713,
Andrew Heaney,heana001,571760,heanean01,15423,
Ryan Yarbrough,yarbr001,642232,yarbrry01,16502,
Sam Howard,howas002,607572,howarsa01,16265,
Daniel Mengden,mengd001,596043,mengdda01,16980,
Fernando Romero,romef001,622864,romerfe01,15885,
Jaime Garcia,garcj004,448802,garcija02,8137,
Adam Plutko,pluta001,592644,plutkad01,15846,
Sam Gaviglio,gavis001,543208,gavigsa01,12778,
Rick Porcello,porcr001,519144,porceri01,2717,
Felix Pena,penaf002,570240,penafe01,13403,
Diego Castillo,castd002,650895,castidi01,17496,
Chris Bassitt,bassc001,605135,bassich01,12304,
Ryan Carpenter,carpr001,543001,carpery01,12699,
Pedro Payano,payap001,622797,payanpe01,18313,
Elliot Soto,sotoe001,519303,sotoel01,11155,
Trent Giambrone,giamt001,623508,giambtr01,19250,
Reggie McClain,mcclr001,596035,mcclare01,19311,
Ryan Tepera,teper001,572193,teperry01,10291,
Chandler Shepherd,shepc001,605469,shephch01,16166,
Kyle Cody,codyk001,621129,codyky01,19686,
Mike Kickham,kickm001,592464,kickhmi01,11618,
Dean Kremer,kremd001,665152,kremede01,19350,
Wes Benjamin,benjw001,605138,benjawe01,19243,
Nabil Crismatt,crisn001,622503,crismna01,17732,
Nick Martinez,martn002,607259,martini01,12730,
Bryce Elder,eldeb001,693821,elderbr01,27779,
Garrett Whitlock,whitg002,676477,whitlga01,20191,
Beau Brieske,brieb001,689225,briesbe01,26079,
Adrian Martinez,marta006,661309,martiad01,21023,
Graham Ashcraft,ashcg001,668933,ashcrgr01,27552,
Spencer Strider,stris002,675911,stridsp01,27498,
Matt Swarmer,swarm001,664161,swarmma01,19705,
Kyle Nelson,nelsk001,669459,nelsoky01,20515,
Anthony Banda,banda001,607455,bandaan01,14706,
JP Sears,searj001,676664,searsjp01,23429,
Javier Assad,assaj001,665871,assadja01,21741,
Ryne Nelson,nelsr003,669194,nelsory01,26253,
Andrew Abbott,abboa001,671096,abbotan01,29911,
Brandon Williamson,willb003,682227,willibr02,25463,
Logan Allen,allel003,671106,allenlo02,27589,CLE
Slade Cecconi,ceccs001,677944,ceccosl01,27500,
Fernando Cruz,cruzf002,518585,cruzfe01,7048,
Jake Irvin,irvij001,663623,irvinja01,21504,
J P France,franj006,641585,francjp01,21212,
Luis Ortiz,ortil003,682847,ortizlu03,27646,CLE
Derek Law,law-d001,571882,lawde01,13133,
Simeon Woods Richardson,woods002,680573,woodssi01,24494,
Jose Soriano,sorij002,667755,soriajo02,22100,
Paul Skenes,skenp001,694973,skenepa01,33677,
Valente Bellozo,bellv001,678368,bellova01,23899,
Miguel Gonzalez,gonzm003,456068,gonzami03,7024,
Doug Fister,fistd001,450729,fistedo01,9425,
Daniel Gossett,gossd001,605254,gosseda01,16164,
Steven Wright,wrigs001,453214,wrighst01,8185,
Hunter Wood,woodh001,621056,woodhu01,15091,
Chance Adams,adamc002,664856,adamsch01,18135,
Chris Rodriguez,rodrc002,669735,rodrich01,22310,
Yohander Mendez,mendy001,622795,mendeyo01,14391,
Nathan Karns,karnn001,501992,karnsna01,12638,
Ryan Burr,burrr002,621114,burrry01,17536,
David Phelps,pheld001,475479,phelpda01,6316,
Dylan Dodd,doddd001,689266,dodddy01,29928,
Sam Moll,molls001,594580,mollsa01,14874,
Jake Bird,birdj001,656234,birdja01,21267,
Brendan White,whitb002,686839,whitebr01,26024,
Jose Ruiz,ruizj001,614179,ruizjo01,14552,
Grant Holmes,holmg001,656550,holmegr01,16944,
Orion Kerkering,kerko001,689147,kerkeor01,31776,
Darren Scott McCaughan,mccad002,670766,mccauda01,20038,
Spencer Bivens,bives001,702352,bivensp01,30226,
Michael McGreevy,mcgrm001,700241,mcgremi01,29869,
Ben Casparius,caspb001,676508,caspabe01,30085,
Brandon Young,younb001,687064,youngbr01,27819,
Colton Gordon,gordc001,676467,gordoco01,31312,
Cade Horton,hortc001,690990,hortoca01,31872,
Paxton Schultz,schup002,687606,schulpa01,25501,
Didier Fuentes,fuend001,800311,fuentdi01,30661,
Aaron Bummer,bumma001,607481,bummeaa01,16258,
Mason Barnett,barnm002,686930,barnema02,31741,
Matt Hall,hallm002,664180,hallma02,18076,
Robinson Leyer,leyer001,622490,leyerro01,14399,
Caleb Baragar,barac001,670056,baragca01,19231,
Dany Jimenez,jimed002,666204,jimenda01,21170,
Wes Parsons,parsw001,641149,parsowe01,14764,
Tommy Romero,romet001,676720,romerto01,23465,
Travis Bergen,bergt001,664157,bergetr01,18581,
David Robertson,robed002,502085,roberda08,8241,
Luis Ortiz,ortil002,656814,ortizlu02,16942,
William Cuevas,cuevw001,571035,cuevawi01,13331,
Darwinzon Hernandez,hernd004,650382,hernada02,19848,
Danny Salazar,salad001,517593,salazda01,5867,
Nick Sandlin,sandn001,680704,sandlni01,20517,
Chris Volstad,volsc001,458690,volstch01,9901,
John Schreiber,schrj001,670167,schrejo01,20020,
Alex De Goti,degoa001,621008,degotal01,19477,
Chase DeLauter,,800050,,32127,
Tanner Murray,,695020,,28848,
Felix Reyes,,694025,,28763,
Kazuma Okamoto,,672960,,37123,
Hao-Yu Lee,,701678,,30080,
Cody Bolton,,675989,,23265,
Mason Fluharty,,689254,,31553,
Isiah Kiner-Falefa,kinei001,643396,kineris01,16512,
Nico Hoerner,hoern001,663538,hoernni01,21479,
Curt Casali,casac001,592200,casalcu01,12510,
Manuel Margot,margm001,622534,margoma01,14712,
Robinson Chirinos,chirr001,455139,chiriro01,3142,
Andrew Knizner,kniza001,668800,kniznan01,19514,
Yonathan Daza,dazay001,602074,dazayo01,15794,
Bryan Lavastida,lavab001,681526,lavasbr01,24765,
Miguel Rojas,rojam002,500743,rojasmi02,7802,
Nick Allen,allen002,669397,allenni02,22277,
Jose Siri,sirij001,642350,sirijo01,17452,
Trent Grisham,grist001,663757,grishtr01,18564,
Edmundo Sosa,sosae001,624641,sosaed01,17022,
Alex Jackson,jacka002,656577,jacksal02,17276,
Edward Olivares,olive001,658668,olivaed02,19698,
Elvis Andrus,andre001,462101,andruel01,8709,
Santiago Espinal,espis001,669289,espinsa01,19997,
Daulton Varsho,varsd001,662139,varshda01,19918,
Bryson Stott,stotb001,681082,stottbr01,26294,
Jorge Alfaro,alfaj002,595751,alfarjo01,12180,
Rodolfo Castro,castr006,666801,castrro01,21987,
Lane Thomas,thoml002,657041,thomala02,16939,
Kyle Isbel,isbek001,664728,isbelky01,21614,
Kevin Pillar,pillk001,607680,pillake01,12434,
Luke Maile,maill001,571912,mailelu01,13355,
Nick Plummer,plumn001,663911,plummni01,18690,
Ivan Herrera,herri001,671056,herreiv01,20599,
Yu Chang,chany001,644374,changyu01,14773,
Charles Leblanc,leblc001,641779,leblach01,19813,
Tres Barrera,barrt004,668663,barretr01,19977,
Tyler Freeman,freet001,671289,freemty01,22532,
Corey Dickerson,dickc002,572816,dickeco01,10762,
Dylan Carlson,carld002,666185,carlsdy01,20126,
Romy Gonzalez,gonzr003,663853,gonzaro01,21562,
Estevan Florial,flore001,664314,flories01,19151,
Omar Narvaez,narvo001,553882,narvaom01,13338,
Clayton Richard,richc002,453385,richacl01,3551,
Ichiro Suzuki,suzui001,400085,suzukic01,1101,
Ryan Rua,rua-r001,607387,ruary01,12409,
Gift Ngoepe,ngoeg001,547912,ngoepgi01,10340,
David Freitas,freid001,571679,freitda01,10619,
Tyler Mahle,mahlt001,641816,mahlety01,16358,
Tyler Austin,austt001,592122,austity01,11850,
Jake Smolinski,smolj002,519295,smolija01,5408,
Brent Suter,suteb001,608718,suterbr01,13942,
Brandon Woodruff,woodb005,605540,woodrbr01,16162,
Vincent Velasquez,velav001,592826,velasvi01,11189,
Kyle Freeland,freek001,607536,freelky01,16256,
Carlos Martinez,martc006,593372,martica04,11682,
Jon Lester,lestj001,452657,lestejo01,4930,
Tzu-Wei Lin,lin-t001,624407,lintz02,14678,
Jose Quintana,quinj001,500779,quintjo01,11423,
Junior Guerra,guerj003,448855,guerrju02,5702,
Devon Travis,travd001,581527,travide01,13862,
Evan Gattis,gatte001,594828,gattiev01,11003,
Gregorio Petit,petig001,463610,petitgr01,3812,
Ryon Healy,healr001,592387,healyry01,15447,
Renato Nunez,nuner001,600524,nunezre01,14503,
Jack Flaherty,flahj002,656427,flaheja01,17479,
Ronald Guzman,guzmr001,608597,guzmaro01,14388,
Brock Stewart,stewb001,592779,stewabr01,16727,
Franklin Barreto,barrf001,620439,barrefr02,15519,
Joe Musgrove,musgj001,605397,musgrjo01,12970,
Joey Rickard,rickj001,572073,rickajo01,13277,
Paulo Orlando,orlap001,449181,orlanpa01,8628,
Kole Calhoun,calhk001,594777,calhoko01,11200,
Zack Wheeler,wheez001,554430,wheelza01,10310,
Jerry Blevins,blevj001,460283,blevije01,7841,
Antonio Senzatela,senza001,622608,senzaan01,15488,
Ian Kinsler,kinsi001,435079,kinslia01,6195,
Tim Federowicz,fedet001,543148,federti01,8609,
Tyler White,whitt002,643603,whitety01,15564,
Shane Robinson,robis001,453203,robinsh01,4249,
Mike Gerber,gerbm001,595222,gerbemi01,16115,
Ian Happ,happi001,664023,happia01,17919,
Eric Young,youne003,458913,younger03,7158,
Rougned Odor,odorr001,596059,odorro01,12282,
Kwang Kim,kim-k001,547942,kimkw01,27458,
Johan Oviedo,oviej001,670912,oviedjo01,22487,
Bryse Wilson,wilsb003,669060,wilsobr02,19990,
Riley Smith,smitr005,642092,smithri01,19826,
Vladimir Gutierrez,gutiv001,661269,gutievl01,19278,
Zach Thompson,thomz001,605507,thompza01,16094,
Aaron Ashby,ashba003,676879,ashbyaa01,23550,
Daniel Johnson,johnd006,669288,johnsda07,19643,
Matt Moore,moorm003,519043,moorema02,1890,
Josiah Gray,grayj004,680686,grayjo03,24580,
Carlos Carrasco,carrc003,471911,carraca01,6632,
Adam Eaton,eatoa002,594809,eatonad02,11205,
Curtis Terry,terrc001,663799,terrycu01,18881,
Josh Rogers,rogej003,642028,rogerjo01,18510,
Ryan Feltner,feltr001,663372,feltnry01,21446,
Reiver Sanmartin,sanmr001,665665,sanmare01,19754,
Roansy Contreras,contr001,672710,contrro01,22810,
Ryan Cordell,cordr001,641477,cordery01,15181,
Kaleb Cowart,cowak001,592230,cowarka01,11494,
Matt Andriese,andrm001,542882,andrima01,12022,
Kristopher Negron,negrk001,502117,negrokr01,5306,
Nick Margevicius,margn001,676606,margeni01,20395,
Zack Cozart,cozaz001,446359,cozarza01,2616,
Gerardo Parra,parrg001,467827,parrage01,8553,
Wilmer Font,fontw001,521655,fontwi01,5257,
Tyler Saladino,salat001,573135,saladty01,10807,
Conner Menez,menec001,669214,menezco01,19199,
Jacob Young,younj004,696285,youngja03,29931,
Brooks Lee,lee-b002,686797,leebr02,31595,
Brett Wisely,wiseb001,689172,wiselbr01,27735,
Brice Turang,turab002,668930,turanbr02,22186,
Mike Siani,sianm001,672279,sianimi01,22557,
Joey Loperfido,lopej008,694388,loperjo01,29630,
Blake Perkins,perkb002,663368,perkibl01,19921,
Maikel Garcia,garcm003,672580,garcima01,22715,
Trey Lipscomb,lipst001,702358,lipsctr01,31567,
Casey Schmitt,schmc003,669477,schmica01,27577,
Jordan Beck,beckj003,687597,beckjo01,31431,
Shay Whitcomb,whits003,694376,whitcsh01,27789,
Justin Foscue,foscj001,679822,foscuju01,27501,
DaShawn Keirsey,keird001,680577,keirsda01,24496,
Masyn Winn,winnm001,691026,winnma01,27479,
Tyler Fitzgerald,fitzt001,666149,fitzgty01,26208,
Zach Dezenzo,dezez001,701305,dezenza01,31562,
Caleb Durbin,durbc002,702332,durbica01,29646,
Connor Joe,joe-c001,656582,joeco01,16572,
Marcus Semien,semim001,543760,semiema01,12533,
Brendan Rodgers,rodgb002,663898,rodgebr02,17907,
Zach Remillard,remiz001,621545,remilza01,19788,
Heliot Ramos,ramoh002,671218,ramoshe02,22515,
Forrest Wall,wallf001,657088,wallfo01,16496,
Jackson Merrill,merrj002,701538,merrija01,29490,
Otto Lopez,lopeo001,672640,lopezot01,19608,
Mike Leake,leakm001,502190,leakemi01,10130,
Trey Wingenter,wingt001,622259,wingetr01,17793,
Alex McRae,mcraa001,656725,mcraeal01,16317,
Daniel Palka,palkd001,594953,palkada01,14897,
Josh Naylor,naylj001,647304,naylojo01,18839,
Alex Avila,avila001,488671,avilaal01,7476,
Adam Haseley,hasea001,656514,haselad01,19878,
Joc Pederson,pedej001,592626,pederjo01,11899,
Tyler O'Neill,oneit001,641933,oneilty01,15711,
JT Riddle,riddj001,595375,riddljt01,17642,
Caleb Hamilton,hamic001,643348,hamilca01,19842,
David Dahl,dahld001,621311,dahlda01,13744,
Jean Segura,seguj002,516416,segurje01,5933,
David Villar,villd001,681584,villada01,24782,
Trey Mancini,manct001,641820,mancitr01,15149,
Josh Lowe,lowej002,666139,lowejo01,19953,
Christian Moore,moorc002,695681,moorech03,34979,
Yanquiel Fernandez,ferny001,692585,fernaya01,28552,
Tyler Tolbert,tolbt001,686475,tolbety01,25779,
Mickey Gasper,gaspm001,681508,gaspemi01,24759,
Maximo Acosta,acosm002,691185,acostma02,27963,
Cam Devanney,devac002,687478,devanca01,25688,
Nacho Alvarez,alvan001,805373,alvarna01,31765,
Jesus Sanchez,sancj003,660821,sanchje02,19913,
Adrian Sanchez,sanca007,506703,sanchad01,11338,
Rafael Devers,dever001,646240,deverra01,17350,
Javy Guerra,guerj004,642770,guerrja02,17292,
Jorge Bonifacio,bonij002,593528,bonifjo01,12174,
Peter O'Brien,obrip002,598284,obriepe01,13288,
Peter Bourjos,bourp001,488721,bourjpe01,2578,
Yangervis Solarte,solay001,500208,solarya01,5352,
Chris Davis,davic003,448801,davisch02,9272,
Carlos Gonzalez,gonzc001,471865,gonzaca01,7287,
Asdrubal Cabrera,cabra002,452678,cabreas01,4962,
Triston Casas,casat001,671213,casastr01,22514,
Oneil Cruz,cruzo001,665833,cruzon01,21711,
Davis Wendzel,wendd001,673995,wendzda01,26469,
Tyler Locklear,lockt001,682988,locklty01,31396,
Drew Avans,avand001,682183,avansdr01,25183,
Eric Wagaman,wagae001,676572,wagamer01,23395,
Samuel Basallo,basas001,694212,basalsa01,28824,
Carlos Cortes,cortc001,666126,corteca01,21842,
Rafael Flores,florr004,804668,florera03,31991,
Pedro Alvarez,alvap001,476883,alvarpe01,2495,
AJ Ellis,ellia001,454560,ellisaj01,5677,
Cliff Pennington,pennc001,460060,pennicl01,3395,
Curtis Granderson,granc001,434158,grandcu01,4747,
Hunter Pence,pench001,452254,pencehu01,8252,
Pablo Sandoval,sandp001,467055,sandopa01,5409,
Randy Arozarena,arozr001,668227,arozara01,19290,
Alec Bohm,bohma001,664761,bohmal01,21618,
Mark Payton,paytm001,592622,paytoma01,16042,
Josh Fuentes,fuenj001,658069,fuentjo01,16885,
Logan Driscoll,drisl001,686482,drisclo01,25475,
Griffin Conine,conig001,665052,coningr01,21626,
Armando Alvarez,alvaa002,669137,alvarar01,19292,
Kevin Kaczmarski,kaczk001,664842,kaczmke01,18146,
Spencer Horwitz,horws001,687462,horwisp01,26477,
Nate Mondou,mondn001,670148,mondona01,19563,
Rhys Hoskins,hoskr001,656555,hoskirh01,16472,
Corey Seager,seagc001,608369,seageco01,13624,
Starling Marte,marts002,516782,martest01,9241,
Mikie Mahtook,mahtm001,543484,mahtomi01,13130,
AJ Reed,reeda002,607223,reedaj01,16246,
Dillon Thomas,thomd004,605504,thomadi01,12719,
Moises Sierra,sierm001,501213,sierrmo01,6050,
Mark Trumbo,trumm001,444432,trumbma01,6876,
Yonder Alonso,alony001,475174,alonsyo01,2530,
Dustin Peterson,peted002,640460,peterdu01,15189,
Vinnie Pasquantino,pasqv001,686469,pasquvi01,27676,
Ryan McBroom,mcbrr001,643436,mcbrory01,16524,
Jung Ho Kang,kangj001,628356,kangju01,17182,
Bo Bichette,bichb001,666182,bichebo01,19612,
Andrew Toles,tolea001,592808,tolesan01,13414,
Zach Green,greez001,608339,greenza01,14973,
Chase Headley,headc001,452104,headlch01,4720,
Aaron Whitefield,whita002,664334,whiteaa01,19938,
Nick Franklin,frann001,545338,frankni01,10166,
Salvador Perez,peres002,521692,perezsa02,7304,
Mookie Betts,bettm001,605141,bettsmo01,13611,
Paul Campbell,campp001,669294,campbpa02,22248,
Eduardo Rodriguez,rodre004,593958,rodried05,13164,
Dane Dunning,dunnd001,641540,dunnida01,19409,
Aaron Civale,civaa001,650644,civalaa01,19479,
Josh Fleming,flemj001,676596,flemijo01,20418,
Casey Mize,mizec001,663554,mizeca01,20492,
Matt Manning,mannm001,666159,mannima02,20369,
Conner Greene,greec004,641632,greenco01,16455,
Tanner Houck,houct001,656557,houckta01,19879,
Felix Hernandez,hernf002,433587,hernafe02,4772,
Jordan Zimmermann,zimmj003,519455,zimmejo02,4505,
Jake Junis,junij001,596001,junisja01,13619,
Alex Reyes,reyea004,621052,reyesal02,15015,
Dylan Bundy,bundd001,605164,bundydy01,12917,
Andrew Cashner,casha001,488768,cashnan01,8782,
Luis Cessa,cessl001,570666,cessalu01,13345,
Adalberto Mejia,mejia001,606167,mejiaad01,13188,
Ryne Stanek,stanr002,592773,stanery01,15947,
Drew Anderson,anded003,623454,anderdr02,15130,
Alex Claudio,claua001,592222,claudal01,12890,
Eric Skoglund,skoge001,607215,skogler01,16155,
Daniel Norris,norrd002,596057,norrida01,13475,
Erik Swanson,swane001,657024,swanser01,16587,
Gregory Soto,sotog003,642397,sotogr01,19677,
Tom Eshelman,eshet001,664045,eshelto01,18361,
Tristan Peters,petet002,671976,petertr01,30063,
Jhostynxon Garcia,garcj008,691373,garcijh01,28142,
Buddy Boshers,boshb001,542953,boshebu01,8490,
Yasmany Tomas,tomay001,630111,tomasya01,17171,
Patrick Sandoval,sandp002,663776,sandopa02,19447,
Jared Hoying,hoyij001,592419,hoyinja01,10882,
Erick Castillo,caste001,602080,castier01,12990,
Cesar Prieto,priec002,693409,prietce01,30163,
Sam Tuivailala,tuivs001,592815,tuivasa01,13485,
Rogelio Armenteros,armer001,660494,armenro01,17679,
Jonathan Hernandez,hernj004,642546,hernajo02,17464,
Zac Reininger,reinz001,643617,reiniza01,15285,
Jose Rodriguez,rodrj006,642578,rodrijo07,17860,
Matt Shoemaker,shoem001,533167,shoemma01,4776,
Thomas Hatch,hatct001,641672,hatchto01,19264,
Josh James,jamej002,657624,jamesjo02,16794,
Julian Merryweather,merrj001,657240,merryju01,16703,
Deivi Garcia,garcd003,665620,garcide01,20276,
Ben Braymer,brayb002,664069,braymbe01,20175,
Antonio Santos,santa004,665733,santoan02,20383,
Michael Kopech,kopem001,656629,kopecmi01,17282,
Daniel Lynch,lyncd001,663738,lynchda02,21537,
Ryan Pepiot,pepir001,686752,pepiory01,26221,
Cole Sands,sandc001,663485,sandsco01,21461,
Jason Alexander,alexj001,669920,alexaja01,19666,
Bryan Hoeing,hoeib001,663773,hoeinbr01,26304,
Jose Butto,buttj001,676130,buttojo01,23313,
JT Chargois,charj001,608638,chargjt01,13767,
Louie Varland,varll001,686973,varlalo01,27691,
Ryan Walker,walkr001,676254,walkery01,20423,
Hunter Brown,browh001,686613,brownhu01,25880,
Grayson Rodriguez,rodrg003,680570,rodrigr01,24492,
Joey Wentz,wentj001,666214,wentzjo01,19962,
Andre Jackson,jacka003,656578,jacksan01,21298,
Ryan Borucki,borur001,621366,borucry01,16350,
Tristan Beck,beckt002,663941,becktr01,21584,
Ben Brown,browb006,676962,brownbe02,23590,
Christian Scott,scotc001,681035,scottch01,30107,
Brandon Hughes,hughb002,676714,hughebr01,23460,
Adam Mazur,mazua001,800049,mazurad01,31900,
Spencer Schwellenbach,schws001,680885,schwesp01,31846,
Carlos Rodriguez,rodrc003,692230,rodrica02,30161,
Buck Farmer,farmb001,571656,farmebu01,14814,
Collin McHugh,mchuc001,543521,mchugco01,7531,
Jackson Kowar,kowaj001,663804,kowarja01,21549,
Kyle Funkhouser,funkk001,608335,funkhky01,19456,
Manny Banuelos,banum001,544365,banuema01,5365,
Tanner Anderson,andet003,664196,anderta01,18029,
Will Vest,vestw001,676684,vestwi01,19769,
Matt Barnes,barnm001,598264,barnema01,12863,
Karl Kauffmann,kaufk001,666154,kauffka01,27488,
Austin Pruitt,pruia001,643493,pruitau01,15290,
Josh Staumont,stauj001,622251,staumjo01,18335,
Matt Dermody,dermm001,571616,dermoma01,14844,
Joe Jacques,jacqj001,682175,jacqujo01,25178,
Tayler Scott,scott004,605463,scottta02,13652,
Keider Montero,montk001,672456,monteke01,22630,
Davis Daniel,danid001,669721,danieda01,27582,
Tyler Phillips,philt002,663969,phillty01,20629,
Joey Cantillo,cantj002,676282,cantijo01,23335,
River Ryan,ryanr003,689981,ryanri01,29514,
Ronny Henriquez,henrr001,678692,henriro01,24094,
Cole Sulser,sulsc001,642121,sulseco01,15256,
Brandon Eisert,eiseb001,685126,eiserbr01,27668,
Blade Tidwell,tidwb001,694918,tidwebl01,sa3020177,
Jack Dreyer,dreyj001,676263,dreyeja01,30249,
Brant Hurter,hurtb001,676428,hurtebr01,30133,
Ryan Bergert,bergr001,686701,bergery01,29863,
Mike Vasil,vasim001,678024,vasilmi01,30105,
Sean Hjelle,hjels001,663546,hjellse01,21481,
Brandon Waddell,waddb001,663399,waddebr01,18347,
Yoendrys Gomez,gomey002,672782,gomezyo01,22872,
Nolan McLean,mclen001,690997,mcleano01,33703,
McCade Brown,browm007,685326,brownmc01,30004,
Lake Bachar,bachl001,669199,bachala01,19222,
Carson Seymour,seymc001,693313,seymoca01,30084,
Josh Osich,osicj001,592612,osichjo01,11528,
Francisco Perez,peref002,660906,perezfr01,21018,
Nick Robertson,roben002,687798,roberni01,26226,
Luke Little,littl001,681432,littllu01,28036,
Kyle Hurt,hurtk001,669165,hurtky01,27514,
Dan Altavilla,altad001,656186,altavda01,16507,
Hoby Milner,milnh001,571948,milneho01,13346,
Penn Murfee,murfp001,682171,murfepe01,25174,
Hansel Robles,roblh001,570663,robleha01,11801,
Ryan Rolison,rolir001,669020,rolisry01,22200,
Parker Bridwell,bridp001,592170,bridwpa01,11502,
Mike Hauschild,hausm001,623434,hauscmi01,14033,
Munetaka Murakami,,808959,,37120,
JJ Wetherholt,,802139,,34985,
Daniel Susac,,691740,,31441,
Sam Antonacci,,803011,,35101,
Deyvison De Los Santos,,691277,,27969,
Ryan Weiss,,680802,,24621,
Walbert Urena,,700712,,29357,
Tatsuya Imai,,837227,,37124,
Matt Vierling,vierm001,663837,vierlma01,21558,
Cavan Biggio,biggc002,624415,biggica01,19252,
Tommy Edman,edmat001,669242,edmanto01,19470,
Dansby Swanson,swand001,621020,swansda01,18314,
Mauricio Dubon,dubom001,643289,dubonma01,16530,
Jake Fraley,fralj001,641584,fraleja01,19260,
Dustin Garneau,garnd001,572863,garnedu01,9433,
Anthony Bemboom,bemba001,621532,bemboan01,13854,
Jake Burger,burgj001,669394,burgeja01,22275,
Hanser Alberto,albeh001,593643,alberha01,11902,
Jace Peterson,petej002,607054,peterja01,12325,
Tomas Nido,nidot001,621512,nidoto01,13755,
Jose Azocar,azocj001,640492,azocajo01,18821,
Lucius Fox,fox-l001,665650,foxlu01,18899,
Victor Reyes,reyev001,622682,reyesvi01,15487,
Aramis Garcia,garca006,605244,garciar01,16925,
Daz Cameron,camed001,663662,camerda01,18353,
Jose Godoy,godoj001,608422,godoyjo01,15808,
Harrison Bader,badeh001,664056,baderha01,18030,
Danny Mendick,mendd002,664901,mendida01,18889,
Garrett Stubbs,stubg001,596117,stubbga01,18067,
Luis Urias,urial001,649966,uriaslu01,16622,
Patrick Mazeika,mazep001,664850,mazeipa01,18142,
Vidal Brujan,brujv001,660644,brujavi01,20536,
Sheldon Neuse,neuss001,641914,neusesh01,19635,
Joey Gallo,gallj002,608336,gallojo01,14128,
Mickey Moniak,monim001,666160,moniami01,19956,
Bryan De La Cruz,delab001,650559,delacbr01,19600,
Abraham Toro,toroa001,647351,toroab01,19844,
Myles Straw,stram002,664702,strawmy01,17620,
Tommy La Stella,lastt001,600303,lasteto01,12371,
Yairo Munoz,munoy001,622168,munozya01,16313,
Gary Sanchez,sancg002,596142,sanchga02,11442,
Josh Palacios,palaj001,641943,palacjo01,19818,
Max Stassi,stasm001,545358,stassma01,10059,
Ben DeLuzio,delub001,641512,deluzbe01,19644,
Drew Butera,buted001,460077,buterdr01,3411,
Brandon McCarthy,mccab001,435221,mccarbr01,4662,
Adeiny Hechavarria,hecha001,588751,hechaad01,10459,
Taijuan Walker,walkt004,592836,walketa01,11836,
Jhoulys Chacin,chacj001,468504,chacijh01,2608,
Adam Wainwright,waina001,425794,wainwad01,2233,
Jake Arrieta,arrij001,453562,arrieja01,4153,
Brock Holt,holtb002,571788,holtbr01,9345,
Jarlin Garcia,garcj006,606424,garcija04,18282,
Brandon Finnegan,finnb001,605232,finnebr01,16208,
Johnny Field,fielj003,608654,fieldjo04,15048,
Homer Bailey,bailh001,456701,baileho02,8362,
Mike Marjama,marjm001,605357,marjami01,12594,
Matt Koch,kochm001,571863,kochma01,13420,
Gleyber Torres,torrg001,650402,torregl01,16997,
Mark Canha,canhm001,592192,canhama01,11445,
Dalton Pompey,pompd001,592647,pompeda01,12797,
Jordan Lyles,lylej001,543475,lylesjo01,7593,
Elieser Hernandez,herne002,622694,hernael01,16933,
Max Fried,friem001,608331,friedma01,13743,
Chris Young,younc004,455759,youngch04,3882,
Alfredo Gonzalez,gonza006,554054,gonzaal04,14267,
Anthony DeSclafani,desca001,543101,desclan01,13050,
Mike Montgomery,montm002,543557,montgmi01,4869,
Rosell Herrera,herrr002,594011,herrero02,11611,
Steve Wilkerson,wilks001,592859,wilkest01,16041,
Luke Farrell,farrl001,608652,farrelu01,15101,
Kolby Allard,allak001,663465,allarko01,18694,
Sonny Gray,grays001,543243,grayso01,12768,
Austin Allen,allea001,664119,allenau01,18083,
Jake Rogers,rogej004,668670,rogerja03,19452,
Miguel Yajure,yajum001,664337,yajurmi01,21111,
Seth Frankoff,frans001,571676,frankse01,11346,
Trevor Bauer,bauet001,545333,bauertr01,12703,
Brett Anderson,andeb004,474463,anderbr04,8223,
Spencer Howard,howas003,675921,howarsp01,23252,
Harold Castro,casth001,605612,castrha01,14691,
Zack Littell,littz001,641793,litteza01,15823,
Kyle Muller,mullk001,666205,mulleky01,20167,
Jake Bauers,bauej001,641343,bauerja01,15194,
Jake Woodford,woodj003,663765,woodfja01,18674,
Jacob Wilson,wilsj005,607111,wilsoja04,13254,
Kyle Gibson,gibsk002,502043,gibsoky01,10123,
Adrian Sampson,sampa001,592716,sampsad01,13339,
Kean Wong,wongk002,642221,wongke01,15994,
Yan Gomes,gomey001,543228,gomesya01,9627,
Randal Grichuk,gricr001,545341,grichra01,10243,
Chris Gimenez,gimec001,460269,gimench01,7324,
Joe Hudson,hudsj002,621529,hudsojo03,14412,
Brandon Nimmo,nimmb001,607043,nimmobr01,12927,
Sherman Johnson,johns002,582473,johnssh01,13906,
Brian Goodwin,goodb001,571718,goodwbr01,12858,
Jacob Barnes,barnj002,606930,barneja01,12323,
Taylor Clarke,clart003,664199,clarkta01,17611,
Marco Hernandez,hernm003,593523,hernama02,13154,
Travis d'Arnaud,darnt001,518595,darnatr01,7739,
Sam Travis,travs001,607752,travisa01,16263,
Ryan Lavarnway,lavar001,543432,lavarry01,8879,
Jordan Luplow,luplj001,656669,luplojo01,16424,
Josh Rojas,rojaj001,668942,rojasjo01,19734,
Ryan Vilade,vilar001,668723,viladry01,22165,
Brandon Crawford,crawb001,543063,crawfbr01,5343,
Edouard Julien,julie001,666397,julieed01,27534,
Daniel Schneemann,schnd002,682177,schneda04,25180,
Connor Norby,norbc001,681393,norbyco01,29592,
Anthony Volpe,volpa001,683011,volpean01,27647,
Jhonny Pereda,perej004,640902,peredjh01,19802,
Andy Pages,pagea001,681624,pagesan01,24816,
Nasim Nunez,nunen001,683083,nunezna01,25979,
Ben Rice,riceb001,700250,ricebe01,29576,
Ji Hwan Bae,bae-j001,678225,baeji01,23818,
Luis Vazquez,vazql001,676679,vazqulu01,23442,
Christian Koss,kossc001,683766,kossch01,27653,
Thomas Saggese,saggt001,695336,saggeth01,27883,
Angel Martinez,marta008,682657,martian02,26540,
Jorbit Vivas,vivaj001,678391,vivasjo01,23917,
Hyeseong Kim,kim-h003,808975,kimhy02,35322,
Heston Kjerstad,kjerh001,677008,kjershe01,31166,
Jordan Lawlar,lawlj001,691783,lawlajo01,29976,
Brian Anderson,andeb006,605119,anderbr06,18289,
Shea Langeliers,langs001,669127,langesh01,25816,
Joey Wiemer,wiemj001,686894,wiemejo01,27690,
Donovan Solano,solad001,456781,solando01,8623,
Oscar Colas,colao001,693049,colasos01,30162,
Michael Busch,buscm003,683737,buschmi02,26319,
Braden Shewmake,shewb001,669699,shewmbr01,25817,
James Outman,outmj002,681546,outmaja01,24770,
Jakson Reetz,reetj001,656883,reetzja01,17837,
Drew Millas,milld003,686452,milladr01,25643,
Tim Melville,melvt001,543532,melviti01,9149,
Sean Murphy,murps001,669221,murphse01,19352,
Braden Bishop,bishb001,623323,bishobr01,17806,
Garrett Richards,richg002,572070,richaga01,9784,
Lewis Brinson,brinl001,621446,brinsle01,14352,
Jake Cronenworth,cronj001,630105,croneja01,18036,
Matt Wieters,wietm001,446308,wietema01,4298,
Jose De Leon,delej003,592254,deleojo03,15463,
Kyle Stowers,stowk001,669065,stoweky01,26151,
Jordan Westburg,westj002,676059,westbjo01,27815,
Jacob Melton,meltj001,689200,meltoja01,31661,
Nick Sogard,sogan001,686765,sogarni01,25483,
Alejandro Osuna,osuna003,696030,osunaal02,27915,
Davis Schneider,schnd001,676914,schneda03,23565,
Cody Freeman,freec003,683227,freemco01,25629,
Colson Montgomery,montc004,695657,montgco01,29712,
Bryce Teodosio,teodb001,669326,teodobr01,29524,
Edgar Quero,quere001,700337,queroed01,28022,
Bob Seymour,seymb001,676044,seymobo01,30028,
Otto Kemp,kempo001,805249,kempot01,31792,
Zach Cole,colez001,805904,coleza01,31583,
John Rave,ravej001,670231,ravejo01,26284,
Willie MacIver,maciw001,680862,macivwi01,24641,
Jose Miguel Fernandez,fernj004,628336,fernajo03,19254,
Michael Lorenzen,lorem002,547179,lorenmi01,14843,
Kyle Schwarber,schwk001,656941,schwaky01,16478,
Rocky Gale,galer002,502570,galero01,10533,
Steve Pearce,pears001,456665,pearcst01,9957,
Ozzie Albies,albio001,645277,albieoz01,16556,
Logan Allen,allel002,663531,allenlo01,18555,
Gavin Sheets,sheeg001,657757,sheetga01,19901,
Jon Singleton,singj001,572138,singljo02,10441,
Dominic Canzone,canzd001,686527,canzodo01,26438,
Tyler Cropley,cropt001,680418,croplty01,24485,
Irving Lopez,lopei001,676761,lopezir01,20463,
Austin Shenton,shena001,668853,shentau01,25425,
Jose Abreu,abrej003,547989,abreujo02,15676,
Justin Turner,turnj001,457759,turneju01,5235,
Wilyer Abreu,abrew002,677800,abreuwi02,23772,
Jac Caglianone,caglj001,695506,caglija01,35041,
Brian Navarreto,navab001,640459,navarbr01,16398,
Owen Caissie,caiso001,683357,caissow01,27496,
Chris Stewart,stewc001,455755,stewach01,3878,
Deven Marrero,marrd001,571918,marrede01,13325,
Daniel Castro,castd001,593495,castrda01,15450,
Ketel Marte,martk001,606466,marteke01,13613,
Phillip Evans,evanp001,595943,evansph01,12950,
Raudy Read,readr002,600466,readra01,15766,
Christian Colon,coloc002,518568,colonch01,11145,
Steven Souza,souzs001,519306,souzast01,5667,
Kevin Cron,cronk001,605196,cronke01,16211,
Jorge Ona,ona-j001,671250,onajo01,20040,
Jay Bruce,brucj001,457803,bruceja01,9892,
Ka'ai Tom,tom-k001,664789,tomka01,18136,
Ronnie Dawson,dawsr001,669008,dawsoro01,19710,
Mitch Moreland,morem001,519048,morelmi01,3086,
Troy Stokes,stokt001,657011,stoketr01,17478,
Travis Shaw,shawt001,543768,shawtr01,11982,
Cody Thomas,thomc003,642137,thomaco01,19828,
Nelson Cruz,cruzn002,443558,cruzne02,2434,
Matt den Dekker,dendm001,544925,dendema01,11385,
Brent Rooker,rookb001,667670,rookebr01,19627,
Logan Morrison,morrl001,489149,morrilo01,9205,
Yermin Mercedes,mercy001,606213,merceye01,17423,
Kerry Carpenter,carpk001,681481,carpeke01,25961,
Jake Elmore,elmoj001,518653,elmorja01,7290,
Luken Baker,bakel001,663609,bakerlu01,21497,
Albert Pujols,pujoa001,405395,pujolal01,1177,
Cristhian Adames,adamc001,542436,adamecr01,6013,
Tirso Ornelas,ornet001,672359,ornelti01,22566,
Adrian Gonzalez,gonza003,408236,gonzaad01,1908,
Chase d'Arnaud,darnc001,488818,darnach01,6652,
Junior Caminero,camij001,691406,caminju01,28163,
Andre Lipcius,lipca001,686531,lipcian01,25822,
Giancarlo Stanton,stanm004,519317,stantmi03,4949,
Bryce Harper,harpb003,547180,harpebr03,11579,
Francisco Lindor,lindf001,596019,lindofr01,12916,
David Wright,wrigd002,431151,wrighda03,3787,
Sean Manaea,manas001,640455,manaese01,15873,
Mike Minor,minom001,501985,minormi01,10021,
Keynan Middleton,middk001,641871,middlke01,15264,
Framber Valdez,valdf001,664285,valdefr01,17295,
Luis Garcia,garcl007,677651,garcilu05,23735,
Bailey Falter,faltb001,663559,falteba01,20070,
Jack Larsen,larsj001,677223,larseja01,20510,
Brian Johnson,johnb004,598271,johnsbr02,14272,
James Shields,shiej002,448306,shielja02,7059,
Justin Verlander,verlj001,434378,verlaju01,8700,
Reynaldo Lopez,loper003,625643,lopezre01,16400,
PJ Conlon,conlp001,664869,conlopj01,18213,
Daniel Hudson,hudsd001,543339,hudsoda01,7146,
Hector Velazquez,velah001,584171,velazhe01,19341,
Dan Jennings,jennd003,543359,jennida01,8073,
Matt Carasiti,caram001,571539,carasma01,13276,
Taylor Cole,colet001,518566,coleta01,11964,
Jacob Waguespack,waguj001,621097,wagueja01,18318,
Asher Wojciechowski,wojca001,592879,wojcias01,10836,
Michel Baez,baezm001,673258,baezmi01,20100,
Khalil Lee,lee-k001,666137,leekh01,19952,
Oscar Hernandez,herno002,591712,hernaos01,13490,
Jonathan Holder,holdj002,656547,holdejo02,16588,
Andrew Kittredge,kitta001,552640,kittran01,12828,
Devin Smeltzer,smeld001,656970,smeltde01,19487,
Lewis Thorpe,thorl002,626929,thorple01,15906,
Chris Mazza,mazzc002,607391,mazzach01,14151,
Kyle Hart,hartk002,606996,hartky01,19646,
Ljay Newsome,newsl001,664714,newsolj01,19942,
Andrew Triggs,triga001,592811,triggan01,13533,
Matt Brash,brasm001,666374,brashma01,25756,
Bryan Baker,bakeb001,641329,bakerbr01,19804,
Konnor Pilkington,pilkk001,663455,pilkiko01,21453,
Kutter Crawford,crawk001,676710,crawfku01,20531,
Angel Zerpa,zerpa001,672582,zerpaan01,22717,
Luis Patino,patil001,672715,patinlu01,22815,
Cody Morris,morrc001,663752,morrico01,25388,
Luis Medina,medil002,665622,medinlu02,21649,
Quinn Priester,prieq001,682990,priesqu01,25977,
Emerson Hancock,hance001,676106,hancoem01,27470,
Colin Selby,selbc001,681882,selbyco01,24986,
Emmet Sheehan,sheee001,686218,sheehem01,29839,
Colin Rea,rea-c001,607067,reaco01,12317,
Steven Cruz,cruzs001,674444,cruzst01,23165,
Cody Bradford,bradc003,674003,bradfco01,27597,
Jacob Lopez,lopej007,682052,lopezja04,25098,
Bowden Francis,franb002,670102,francbo01,20548,
Yoshinobu Yamamoto,yamay001,808967,yamamyo01,33825,
Blair Henley,henlb002,668874,henlebl01,26190,
Roddery Munoz,munor001,682610,munozro01,25311,
Landon Knack,knacl001,689017,knackla01,27487,
Cooper Criswell,crisc002,681867,criswco01,24975,
Robert Gasser,gassr001,688107,gassero01,29812,
Gerson Garabito,garag001,642520,garabge01,19835,
Carson Spiers,spiec001,686730,spierca01,27685,
Hayden Birdsong,birdh001,806185,birdsha01,31635,
Michael Mercado,mercm002,675650,mercami01,23223,
Phil Hughes,hughp001,461833,hugheph01,7450,
Joe Biagini,biagj001,607352,biagijo01,13194,
Blaine Hardy,hardb001,543278,hardybl01,6499,
Austin Bibens-Dirkx,bibea001,502212,bibenau01,9559,
Burch Smith,smitb005,572143,smithbu03,12784,
Ervin Santana,sante001,429722,santaer01,3200,
Stephen Gonsalves,gonss001,624427,gonsast01,15492,
Alexander Wells,wella001,649144,wellsal01,19845,
Lou Trivino,trivl001,642152,trivilo01,15043,
Josh Smith,smitj004,595001,smithjo07,10946,
Austin Adams,adama002,613534,adamsau02,13801,
Osvaldo Bido,bidoo001,674370,bidoos01,23150,
Yerry Rodriguez,rodry002,666720,rodriye01,21955,
Brent Honeywell,honeb001,641703,honeybr01,16466,
Yilber Diaz,diazy005,700270,diazyi01,29271,
Zebby Matthews,mattz001,805673,matthze01,31827,
Julian Aguiar,aguij002,687924,aguiaju01,30031,
Rhett Lowder,lowdr001,695076,lowderh01,33876,
Jonathan Bermudez,bermj001,642834,bermujo01,21241,
Richard Fitts,fittr001,690916,fittsri01,30160,
Matt Bowman,bowmm001,621199,bowmama01,13528,
Brad Lord,lordb001,695418,lordbr02,31972,
Hunter Dobbins,dobbh001,690928,dobbihu01,30240,
Carson Palmquist,palmc001,687223,palmqca01,31612,
Mike Burrows,burrm001,681347,burromi01,24728,
Shinnosuke Ogasawara,ogass001,829272,ogasash01,35324,
Jack Perkins,perkj001,678022,perkija01,31468,
Brandon Sproat,sprob001,687075,sproabr01,33850,
AJ Blubaugh,bluba001,805123,blubaaj01,31764,
Joe Palumbo,paluj001,643478,palumjo01,17035,
Ryan Thompson,thomr007,657044,thompry02,16647,
Randy Rodriguez,rodrr010,678495,rodrira02,23974,
Jace Fry,fry-j001,605240,fryja01,16159,
Justin Hagenman,hagej002,663795,hagenju01,21546,
Victor Mederos,medev001,682989,medervi01,31533,
Gordon Graceffo,gracg001,700669,gracego01,29519,
Andrew Walters,walta001,689958,waltean01,33834,
Scott Blewett,blews001,656240,blewesc01,16427,
