#,Season,Name,Team,G,PA,HR,R,RBI,SB,BB%,K%,ISO,BABIP,AVG,OBP,SLG,wOBA,xwOBA,wRC+,BsR,Off,Def,WAR,top100,top20,Top50_Indicator
1,2018,Ronald Acuña Jr.,ATL,111,487,26,78,64,16,0.092,0.253,0.259,0.352,0.293,0.366,0.552,0.388,0.375,142.0,2.2,27.4,0.4,4.4,1.0,1.0,1
2,2018,Joey Wendle,TBR,139,545,7,62,61,16,0.068,0.176,0.136,0.353,0.3,0.354,0.435,0.338,0.304,117.0,3.3,14.6,5.4,4.0,,,0
3,2018,Miguel Andujar,NYY,149,606,27,83,92,2,0.041,0.16,0.23,0.316,0.297,0.328,0.527,0.361,0.322,129.0,-0.2,21.1,-4.2,3.9,1.0,,1
4,2018,Harrison Bader,STL,138,427,12,61,37,15,0.073,0.293,0.158,0.358,0.264,0.334,0.422,0.326,0.286,107.0,4.5,8.1,14.8,3.7,,,0
5,2018,Juan Soto,WSN,116,494,22,77,70,5,0.16,0.2,0.225,0.338,0.292,0.406,0.517,0.392,0.372,146.0,0.9,28.4,-7.8,3.7,1.0,,1
6,2018,Brian Anderson,MIA,156,670,11,87,65,2,0.093,0.193,0.127,0.332,0.273,0.357,0.4,0.333,0.334,113.0,0.1,10.9,-2.2,3.0,,,0
7,2018,Max Stassi,HOU,88,250,8,28,27,0,0.092,0.296,0.167,0.302,0.226,0.316,0.394,0.313,0.303,100.0,-1.4,-1.3,21.0,2.9,,,0
8,2018,Jorge Alfaro,PHI,108,377,10,35,37,3,0.048,0.366,0.145,0.406,0.262,0.324,0.407,0.314,0.298,95.0,0.6,-1.6,17.6,2.8,1.0,,1
9,2018,Shohei Ohtani,LAA,114,367,22,59,61,10,0.101,0.278,0.279,0.35,0.285,0.361,0.564,0.39,0.381,149.0,1.3,23.0,-8.9,2.7,1.0,1.0,1
10,2018,Jeff McNeil,NYM,63,248,3,35,19,7,0.056,0.097,0.142,0.359,0.329,0.381,0.471,0.368,0.329,136.0,3.9,14.9,3.2,2.6,,,0
11,2018,Gleyber Torres,NYY,123,484,24,54,77,6,0.087,0.252,0.209,0.321,0.271,0.34,0.48,0.349,0.338,121.0,-1.8,10.5,-2.9,2.5,1.0,1.0,1
12,2018,Niko Goodrum,DET,131,492,16,55,53,12,0.085,0.268,0.187,0.312,0.245,0.315,0.432,0.322,0.311,101.0,2.4,3.0,-1.7,1.9,,,0
13,2018,Ramón Laureano,OAK,48,176,5,27,19,7,0.091,0.284,0.186,0.388,0.288,0.358,0.474,0.357,0.343,131.0,2.6,9.1,2.9,1.9,,,0
14,2018,Christian Villanueva,SDP,110,384,20,42,46,3,0.06,0.271,0.214,0.276,0.236,0.299,0.45,0.323,0.3,104.0,0.4,2.2,2.4,1.7,,,0
15,2018,Luke Voit,2 Tms,47,161,15,30,36,0,0.106,0.267,0.35,0.365,0.322,0.398,0.671,0.447,0.437,188.0,0.0,17.0,-6.9,1.6,,,0
16,2018,David Fletcher,LAA,80,307,1,35,25,3,0.049,0.111,0.088,0.307,0.275,0.316,0.363,0.297,0.299,86.0,1.8,-3.2,7.3,1.5,,,0
17,2018,Nick Martini,OAK,55,179,1,26,19,0,0.117,0.201,0.118,0.379,0.296,0.397,0.414,0.357,0.331,131.0,0.9,7.5,-1.4,1.2,,,0
18,2018,Jesse Winker,CIN,89,334,7,38,43,0,0.147,0.138,0.132,0.336,0.299,0.405,0.431,0.366,0.366,127.0,-2.1,9.1,-7.5,1.2,1.0,,0
19,2018,Willy Adames,TBR,85,323,10,43,34,6,0.096,0.294,0.128,0.378,0.278,0.348,0.406,0.328,0.285,110.0,0.0,3.9,-3.2,1.2,1.0,,1
20,2018,Ji Man Choi,2 Tms,61,221,10,25,32,2,0.118,0.249,0.242,0.315,0.263,0.357,0.505,0.367,0.349,136.0,-1.1,8.5,-5.5,1.1,,,0
21,2018,Tyler O'Neill,STL,61,142,9,29,23,2,0.049,0.401,0.246,0.364,0.254,0.303,0.5,0.34,0.315,116.0,0.6,3.4,2.6,1.1,1.0,,0
22,2018,Franmil Reyes,SDP,87,285,16,36,31,0,0.084,0.281,0.218,0.345,0.28,0.34,0.498,0.36,0.329,129.0,-1.4,8.6,-7.4,1.0,,,0
23,2018,Jake Cave,MIN,91,309,13,54,45,2,0.058,0.33,0.208,0.363,0.265,0.313,0.473,0.332,0.34,109.0,-1.2,2.2,-3.0,1.0,,,0
24,2018,Ryan O'Hearn,KCR,44,170,12,23,30,0,0.118,0.265,0.336,0.293,0.262,0.353,0.597,0.398,0.345,153.0,-2.8,7.9,-4.1,1.0,,,0
25,2018,Brandon Lowe,TBR,43,148,6,16,25,2,0.108,0.257,0.217,0.279,0.233,0.324,0.45,0.334,0.334,114.0,0.8,3.4,0.0,0.9,,,1
26,2018,Willians Astudillo,MIN,30,97,3,9,21,0,0.021,0.031,0.161,0.341,0.355,0.371,0.516,0.379,0.352,141.0,-0.3,4.4,0.6,0.9,,,0
27,2018,David Bote,CHC,74,210,6,23,33,3,0.09,0.286,0.168,0.314,0.239,0.319,0.408,0.314,0.346,96.0,-1.1,-2.1,3.4,0.8,,,0
28,2018,Ryan LaMarre,2 Tms,76,180,2,15,18,2,0.056,0.294,0.103,0.389,0.279,0.322,0.382,0.306,0.271,92.0,0.2,-1.6,2.6,0.7,,,0
29,2018,Pablo Reyes,PIT,18,63,3,9,7,0,0.079,0.175,0.19,0.318,0.293,0.349,0.483,0.359,0.319,126.0,0.0,2.0,2.9,0.7,,,0
30,2018,Danny Jansen,TOR,31,95,3,12,8,0,0.095,0.179,0.185,0.274,0.247,0.347,0.432,0.34,0.314,115.0,-0.9,0.8,2.7,0.7,1.0,,1
31,2018,Lourdes Gurriel Jr.,TOR,65,263,11,30,35,1,0.034,0.224,0.165,0.326,0.281,0.309,0.446,0.322,0.321,102.0,-0.9,-0.2,-2.5,0.6,,,0
32,2018,Victor Robles,WSN,21,66,3,8,10,3,0.061,0.182,0.237,0.311,0.288,0.348,0.525,0.37,0.319,131.0,0.2,2.7,1.5,0.6,1.0,1.0,1
33,2018,Roman Quinn,PHI,50,143,2,13,12,10,0.07,0.245,0.153,0.34,0.26,0.317,0.412,0.316,0.271,97.0,0.8,0.2,1.3,0.6,,,0
34,2018,Tyler Austin,2 Tms,69,268,17,34,47,1,0.071,0.354,0.25,0.289,0.23,0.287,0.48,0.325,0.336,104.0,-1.2,0.2,-3.8,0.6,,,0
35,2018,Colin Moran,PIT,144,465,11,49,58,0,0.084,0.176,0.13,0.316,0.277,0.34,0.407,0.322,0.327,102.0,-4.8,-3.7,-5.2,0.5,,,0
36,2018,Peter O'Brien,MIA,22,74,4,8,10,0,0.095,0.297,0.258,0.341,0.273,0.338,0.53,0.366,0.384,135.0,0.0,3.2,-0.5,0.5,,,0
37,2018,Austin Meadows,2 Tms,59,191,6,19,17,5,0.052,0.209,0.174,0.336,0.287,0.325,0.461,0.332,0.316,109.0,1.0,3.1,-4.3,0.5,1.0,1.0,1
38,2018,Steven Duggar,SFG,41,152,2,20,17,5,0.066,0.289,0.135,0.354,0.255,0.303,0.39,0.297,0.246,87.0,1.2,-1.2,1.1,0.5,,,0
39,2018,Greg Allen,CLE,91,291,2,36,20,21,0.048,0.199,0.087,0.32,0.257,0.31,0.343,0.288,0.292,76.0,2.9,-5.3,-0.1,0.5,,,0
40,2018,Isiah Kiner-Falefa,TEX,111,396,4,43,34,7,0.071,0.157,0.096,0.306,0.261,0.325,0.357,0.301,0.288,79.0,0.1,-9.7,0.6,0.5,,,0
41,2018,Johnny Field,2 Tms,84,233,9,28,21,4,0.03,0.309,0.181,0.284,0.222,0.254,0.403,0.281,0.237,78.0,1.6,-4.6,0.9,0.4,,,0
42,2018,José Briceño,LAA,46,128,5,12,10,0,0.063,0.273,0.145,0.299,0.239,0.299,0.385,0.3,0.301,88.0,-0.9,-2.7,2.3,0.4,,,0
43,2018,Franklin Barreto,OAK,32,75,5,10,16,0,0.013,0.387,0.26,0.308,0.233,0.253,0.493,0.315,0.273,102.0,0.4,0.5,0.8,0.4,1.0,,1
44,2018,Ronald Guzmán,TEX,123,428,16,46,58,1,0.077,0.283,0.181,0.299,0.235,0.306,0.416,0.312,0.289,87.0,0.5,-6.2,-4.6,0.4,,,0
45,2018,DJ Stewart,BAL,17,47,3,8,10,2,0.085,0.255,0.3,0.269,0.25,0.34,0.55,0.373,0.278,138.0,0.0,2.1,0.1,0.4,,,0
46,2018,Aramis Garcia,SFG,19,65,4,8,9,0,0.031,0.477,0.206,0.5,0.286,0.308,0.492,0.341,0.238,117.0,-0.1,1.2,0.6,0.4,,,0
47,2018,Reese McGuire,TOR,14,33,2,5,4,1,0.061,0.273,0.29,0.35,0.29,0.333,0.581,0.385,0.312,145.0,0.4,2.1,0.3,0.4,,,0
48,2018,Mitch Garver,MIN,103,335,7,38,45,0,0.087,0.215,0.146,0.33,0.268,0.335,0.414,0.325,0.309,104.0,0.3,1.7,-9.7,0.4,,,0
49,2018,Brett Phillips,2 Tms,51,147,2,15,11,1,0.075,0.415,0.119,0.319,0.187,0.252,0.306,0.246,0.224,49.0,1.2,-7.8,6.3,0.3,,,0
50,2018,Rowdy Tellez,TOR,23,73,4,10,14,0,0.027,0.288,0.3,0.391,0.314,0.329,0.614,0.392,0.309,150.0,-0.2,4.2,-3.4,0.3,,,0
51,2018,Franchy Cordero,SDP,40,154,7,19,19,5,0.091,0.357,0.201,0.338,0.237,0.307,0.439,0.322,0.356,104.0,0.3,1.0,-2.8,0.3,,,0
52,2018,Christian Arroyo,TBR,20,59,1,5,6,0,0.102,0.271,0.132,0.361,0.264,0.339,0.396,0.323,0.309,107.0,-0.1,0.4,0.4,0.3,1.0,,0
53,2018,Jordan Luplow,PIT,37,103,3,16,7,2,0.097,0.175,0.174,0.197,0.185,0.272,0.359,0.277,0.296,71.0,-0.1,-3.7,3.4,0.3,,,0
54,2018,Chad Wallach,MIA,15,52,1,4,5,0,0.077,0.442,0.089,0.333,0.178,0.275,0.267,0.25,0.224,58.0,-0.2,-2.8,4.0,0.3,,,0
55,2018,Billy McKinney,2 Tms,38,132,6,14,13,1,0.083,0.25,0.21,0.296,0.252,0.318,0.462,0.335,0.337,111.0,-0.7,1.0,-2.8,0.3,,,0
56,2018,Renato Núñez,2 Tms,73,261,8,28,22,0,0.073,0.238,0.161,0.315,0.258,0.322,0.419,0.322,0.287,101.0,-1.0,-0.7,-5.6,0.3,,,0
57,2018,Patrick Wisdom,STL,32,58,4,11,10,2,0.103,0.328,0.26,0.333,0.26,0.362,0.52,0.379,0.344,142.0,0.1,3.1,-2.2,0.3,,,0
58,2018,Cam Gallagher,KCR,22,69,1,5,7,0,0.043,0.217,0.095,0.25,0.206,0.25,0.302,0.242,0.27,46.0,-0.7,-5.1,5.1,0.2,,,0
59,2018,Alex Verdugo,LAD,37,86,1,11,4,0,0.093,0.163,0.117,0.306,0.26,0.329,0.377,0.311,0.313,98.0,0.4,0.1,-0.4,0.2,1.0,,1
60,2018,José Rondón,CHW,42,107,6,15,14,2,0.065,0.28,0.24,0.266,0.23,0.28,0.47,0.319,0.304,102.0,-0.5,-0.2,-1.1,0.2,,,0
61,2018,Richard Urena,TOR,40,108,1,10,6,2,0.065,0.296,0.071,0.424,0.293,0.34,0.364,0.311,0.277,94.0,-0.5,-1.2,-0.4,0.2,1.0,,0
62,2018,Myles Straw,HOU,9,10,1,4,1,2,0.1,0.0,0.333,0.25,0.333,0.4,0.667,0.448,0.396,193.0,0.6,1.7,0.0,0.2,,,0
63,2018,J.P. Crawford,PHI,49,138,3,17,12,2,0.094,0.268,0.179,0.286,0.214,0.319,0.393,0.313,0.294,95.0,0.8,0.0,-2.2,0.2,1.0,1.0,1
64,2018,Isaac Galloway,MIA,43,74,3,7,7,1,0.122,0.284,0.188,0.25,0.203,0.301,0.391,0.304,0.29,94.0,-0.1,-0.6,0.3,0.2,,,0
65,2018,Kyle Higashioka,NYY,29,79,3,6,6,0,0.076,0.203,0.153,0.17,0.167,0.241,0.319,0.248,0.308,52.0,-0.3,-4.8,4.0,0.2,,,0
66,2018,Lane Adams,ATL,26,29,2,10,6,1,0.138,0.276,0.28,0.267,0.24,0.345,0.52,0.369,0.374,130.0,0.3,1.4,-0.4,0.2,,,0
67,2018,Luis Urías,SDP,12,53,2,5,5,1,0.057,0.189,0.146,0.216,0.208,0.264,0.354,0.269,0.274,68.0,0.3,-1.8,1.9,0.2,1.0,,1
68,2018,Phillip Ervin,CIN,78,247,7,27,31,6,0.081,0.243,0.151,0.31,0.252,0.324,0.404,0.315,0.305,94.0,1.1,-0.8,-5.0,0.2,,,0
69,2018,Garrett Hampson,COL,24,48,0,3,4,2,0.146,0.25,0.125,0.393,0.275,0.396,0.4,0.355,0.323,109.0,0.7,1.2,-1.0,0.2,,,0
70,2018,Andrew Velazquez,TBR,13,12,0,3,0,1,0.083,0.25,0.1,0.429,0.3,0.417,0.4,0.368,0.235,138.0,0.4,1.0,0.3,0.2,,,0
71,2018,Michael Pérez,TBR,24,80,1,9,11,0,0.038,0.238,0.108,0.357,0.284,0.304,0.392,0.298,0.254,90.0,-0.4,-1.4,0.3,0.2,,,0
72,2018,Mason Williams,CIN,51,132,2,10,6,1,0.053,0.22,0.106,0.37,0.293,0.331,0.398,0.315,0.282,94.0,-0.1,-1.1,-1.3,0.2,,,0
73,2018,Garrett Cooper,MIA,14,38,0,2,2,0,0.105,0.316,0.03,0.333,0.212,0.316,0.242,0.263,0.261,67.0,0.1,-1.4,1.8,0.2,,,0
74,2018,Kyle Farmer,LAD,39,77,0,1,9,0,0.065,0.195,0.088,0.296,0.235,0.312,0.324,0.278,0.285,76.0,-0.1,-2.4,1.3,0.1,,,0
75,2018,Tim Locastro,LAD,18,14,0,6,0,4,0.143,0.357,0.091,0.333,0.182,0.357,0.273,0.302,0.21,91.0,0.9,0.8,0.1,0.1,,,0
76,2018,Dwight Smith Jr.,TOR,35,75,2,9,8,0,0.093,0.173,0.215,0.294,0.262,0.347,0.477,0.353,0.289,123.0,0.1,2.1,-3.5,0.1,,,0
77,2018,Daniel Vogelbach,SEA,37,102,4,9,13,0,0.127,0.255,0.161,0.246,0.207,0.324,0.368,0.31,0.362,98.0,-0.4,-0.7,-1.8,0.1,,,0
78,2018,Matt Skole,CHW,4,13,1,2,1,0,0.154,0.231,0.273,0.286,0.273,0.385,0.545,0.398,0.422,156.0,0.0,0.9,-0.3,0.1,,,0
79,2018,Mark Zagunis,CHC,5,6,0,0,1,0,0.167,0.167,0.2,0.5,0.4,0.5,0.6,0.469,0.337,200.0,0.0,0.7,0.1,0.1,,,0
80,2018,Spencer Kieboom,WSN,52,143,2,16,13,0,0.112,0.196,0.088,0.281,0.232,0.322,0.32,0.29,0.273,77.0,-0.2,-4.2,0.7,0.1,,,0
81,2018,Christin Stewart,DET,17,72,2,7,10,0,0.139,0.181,0.15,0.304,0.267,0.375,0.417,0.348,0.347,119.0,0.0,1.6,-3.2,0.1,,,0
82,2018,Alex Blandino,CIN,69,147,1,14,8,0,0.088,0.279,0.055,0.337,0.234,0.324,0.289,0.279,0.264,70.0,-0.7,-6.1,2.5,0.1,,,0
83,2018,Austin Wynns,BAL,42,118,4,16,11,0,0.042,0.212,0.127,0.296,0.255,0.287,0.382,0.291,0.304,81.0,-0.1,-2.8,-0.5,0.1,,,0
84,2018,Terrance Gore,CHC,14,5,0,5,0,6,0.0,0.2,0.0,0.25,0.2,0.2,0.2,0.176,0.114,4.0,1.4,0.8,-0.2,0.1,,,0
85,2018,Cedric Mullins,BAL,45,191,4,23,11,2,0.089,0.194,0.124,0.279,0.235,0.312,0.359,0.298,0.275,86.0,-0.1,-3.2,-2.6,0.1,,,0
86,2018,Juan Graterol,2 Tms,4,9,0,2,0,0,0.111,0.0,0.0,0.25,0.25,0.333,0.25,0.272,0.273,68.0,0.0,-0.4,0.7,0.1,,,0
87,2018,Tzu-Wei Lin,BOS,37,73,1,15,6,0,0.11,0.233,0.169,0.319,0.246,0.329,0.415,0.324,0.327,100.0,0.2,0.2,-2.0,0.1,,,0
88,2018,Harold Castro,DET,6,10,0,2,0,1,0.0,0.2,0.0,0.375,0.3,0.3,0.3,0.264,0.298,61.0,0.2,-0.2,0.4,0.1,,,0
89,2018,Beau Taylor,OAK,7,6,0,0,0,0,0.167,0.333,0.2,0.333,0.2,0.333,0.4,0.323,0.168,107.0,-0.2,-0.1,0.4,0.0,,,0
90,2018,Jake Bauers,TBR,96,388,11,48,48,6,0.139,0.268,0.183,0.252,0.201,0.316,0.384,0.308,0.306,97.0,-0.8,-2.4,-10.4,0.0,1.0,,1
91,2018,Jacob Nottingham,MIL,9,24,0,2,0,0,0.167,0.333,0.05,0.333,0.2,0.333,0.25,0.277,0.219,70.0,-0.2,-1.0,0.7,0.0,,,0
92,2018,José Miguel Fernández,LAA,36,123,2,9,11,1,0.049,0.122,0.121,0.293,0.267,0.309,0.388,0.304,0.313,91.0,-0.5,-1.8,-2.1,0.0,,,0
93,2018,David Freitas,SEA,36,106,1,9,5,0,0.075,0.236,0.097,0.284,0.215,0.277,0.312,0.262,0.299,65.0,0.3,-4.1,0.6,0.0,,,0
94,2018,Adrián Sanchez,WSN,28,59,0,8,3,0,0.017,0.136,0.069,0.32,0.276,0.288,0.345,0.275,0.301,67.0,0.2,-2.2,0.5,0.0,,,0
95,2018,Ildemaro Vargas,ARI,14,20,1,2,4,1,0.05,0.2,0.158,0.214,0.211,0.25,0.368,0.268,0.292,63.0,0.1,-0.8,0.3,0.0,,,0
96,2018,Taylor Davis,CHC,5,6,0,0,2,0,0.0,0.167,0.0,0.4,0.4,0.333,0.4,0.293,0.244,82.0,0.0,-0.1,0.0,0.0,,,0
97,2018,Tony Renda,BOS,1,0,0,1,0,0,0.0,0.0,0.0,0.0,0.0,0.0,0.0,0.0,,,0.0,0.0,0.0,0.0,,,0
98,2018,Nate Orf,MIL,15,25,1,4,1,1,0.12,0.32,0.143,0.083,0.095,0.24,0.238,0.228,0.237,37.0,0.2,-1.7,0.9,0.0,,,0
99,2018,Edmundo Sosa,STL,3,3,0,1,0,0,0.333,0.333,0.0,0.0,0.0,0.333,0.0,0.23,0.232,42.0,0.0,-0.2,0.1,0.0,,,0
100,2018,John Andreoli,2 Tms,26,67,0,4,4,2,0.075,0.284,0.033,0.326,0.23,0.284,0.262,0.246,0.219,51.0,0.5,-3.4,1.0,0.0,,,0
101,2018,Yairo Muñoz,STL,108,329,8,39,42,5,0.091,0.216,0.137,0.338,0.276,0.35,0.413,0.326,0.297,107.0,-1.6,1.1,-11.3,0.0,,,0
102,2018,Darnell Sweeney,TOR,2,4,0,0,0,0,0.5,0.0,0.0,0.0,0.0,0.5,0.0,0.345,0.412,118.0,-0.1,0.0,-0.3,0.0,,,0
103,2018,Grayson Greiner,DET,30,116,0,9,12,0,0.147,0.276,0.063,0.313,0.219,0.328,0.281,0.279,0.329,72.0,-0.9,-4.8,0.7,0.0,,,0
104,2018,Michael Reed,ATL,7,7,0,1,0,0,0.0,0.429,0.0,0.5,0.286,0.286,0.286,0.251,0.391,51.0,0.0,-0.4,0.0,0.0,,,0
105,2018,Justin Williams,TBR,1,1,0,0,0,0,0.0,0.0,0.0,0.0,0.0,0.0,0.0,0.0,0.123,-100.0,0.0,-0.3,0.0,0.0,,,0
106,2018,Mike Freeman,CHC,1,1,0,0,0,0,0.0,0.0,0.0,0.0,0.0,0.0,0.0,0.0,,-100.0,0.0,-0.3,0.0,0.0,,,0
107,2018,Jack Reinheimer,NYM,21,35,0,4,0,1,0.143,0.257,0.0,0.238,0.167,0.286,0.167,0.224,0.23,40.0,0.2,-2.3,1.0,0.0,,,0
108,2018,Miguel Gómez,SFG,9,15,0,3,1,0,0.0,0.333,0.0,0.4,0.267,0.267,0.267,0.235,0.186,45.0,-0.3,-1.3,0.5,0.0,,,0
109,2018,Joe Hudson,LAA,8,12,0,0,1,0,0.0,0.0,0.083,0.167,0.167,0.167,0.25,0.177,0.386,5.0,0.0,-1.4,0.6,0.0,,,0
110,2018,Michael Hermosillo,LAA,31,62,1,7,1,0,0.048,0.274,0.123,0.282,0.211,0.274,0.333,0.269,0.249,67.0,-0.4,-2.9,0.4,0.0,,,0
111,2018,Nolan Fontana,LAA,8,12,1,1,1,0,0.083,0.5,0.273,0.0,0.091,0.167,0.364,0.227,0.185,38.0,0.0,-0.9,0.1,0.0,,,0
112,2018,Aristides Aquino,CIN,1,1,0,0,0,0,0.0,1.0,0.0,0.0,0.0,0.0,0.0,0.0,0.0,-100.0,-0.2,-0.4,0.0,0.0,,,0
113,2018,Rocky Gale,LAD,3,2,0,0,0,0,0.0,0.5,0.0,0.0,0.0,0.0,0.0,0.0,0.051,-100.0,0.0,-0.5,0.0,0.0,,,0
114,2018,Dustin Peterson,ATL,2,2,0,0,0,0,0.0,0.5,0.0,0.0,0.0,0.0,0.0,0.0,0.0,-100.0,0.0,-0.5,0.0,0.0,,,0
115,2018,Max Moroff,PIT,26,67,3,7,9,0,0.104,0.358,0.169,0.25,0.186,0.284,0.356,0.278,0.295,72.0,0.0,-2.2,-0.3,-0.1,,,0
116,2018,Abiatal Avelino,SFG,6,11,0,1,0,0,0.0,0.273,0.0,0.375,0.273,0.273,0.273,0.24,0.265,49.0,0.2,-0.5,-0.4,-0.1,,,0
117,2018,Christopher Bostick,2 Tms,15,18,0,0,2,0,0.111,0.389,0.063,0.333,0.188,0.278,0.25,0.244,0.265,55.0,-0.1,-1.1,0.0,-0.1,,,0
118,2018,Breyvic Valera,2 Tms,32,75,0,8,8,1,0.093,0.173,0.031,0.283,0.234,0.301,0.266,0.256,0.281,60.0,-0.5,-4.2,1.1,-0.1,,,0
119,2018,Jose Trevino,TEX,3,8,0,0,3,0,0.0,0.125,0.0,0.286,0.25,0.25,0.25,0.22,0.161,24.0,0.0,-0.7,-0.1,-0.1,,,0
120,2018,Dan Butler,BOS,2,7,0,0,1,0,0.0,0.286,0.0,0.2,0.167,0.143,0.167,0.126,0.211,-36.0,0.0,-1.1,0.3,-0.1,,,0
121,2018,AJ Reed,HOU,1,3,0,0,0,0,0.0,0.333,0.0,0.0,0.0,0.0,0.0,0.0,0.018,-100.0,0.0,-0.8,0.1,-0.1,,,0
122,2018,Engelb Vielma,BAL,6,8,0,1,0,0,0.125,0.5,0.0,0.333,0.143,0.25,0.143,0.196,0.183,17.0,0.0,-0.8,-0.2,-0.1,,,0
123,2018,Jon Berti,TOR,4,15,0,2,2,1,0.0,0.267,0.2,0.364,0.267,0.267,0.467,0.306,0.352,91.0,0.3,0.2,-1.4,-0.1,,,0
124,2018,Zach Vincej,SEA,1,4,0,0,1,0,0.0,0.25,0.0,0.667,0.5,0.5,0.5,0.44,0.411,187.0,0.0,0.4,-1.2,-0.1,,,0
125,2018,Jonathan Davis,TOR,20,27,0,3,0,3,0.037,0.222,0.04,0.263,0.2,0.259,0.24,0.229,0.306,38.0,0.6,-1.4,-0.3,-0.1,,,0
126,2018,Francisco Mejía,2 Tms,21,62,3,6,8,0,0.081,0.306,0.196,0.206,0.179,0.258,0.375,0.277,0.258,73.0,0.4,-1.6,-1.1,-0.1,1.0,1.0,1
127,2018,Steven Baron,STL,2,5,0,0,0,0,0.0,0.4,0.0,0.333,0.2,0.2,0.2,0.176,0.177,6.0,0.0,-0.6,-0.4,-0.1,,,0
128,2018,Meibrys Viloria,KCR,10,29,0,4,4,0,0.034,0.31,0.074,0.389,0.259,0.286,0.333,0.271,0.289,66.0,0.1,-1.1,-0.7,-0.1,,,0
129,2018,Gabriel Guerrero,CIN,14,18,1,1,1,0,0.0,0.444,0.167,0.222,0.167,0.167,0.333,0.211,0.264,24.0,0.0,-1.7,0.3,-0.1,,,0
130,2018,Blake Trahan,CIN,11,14,0,2,0,0,0.0,0.286,0.0,0.3,0.214,0.214,0.214,0.188,0.146,9.0,0.1,-1.4,0.1,-0.1,,,0
131,2018,Dylan Cozens,PHI,26,44,1,2,2,1,0.136,0.545,0.132,0.385,0.158,0.273,0.289,0.257,0.249,57.0,0.2,-2.1,-0.1,-0.1,,,0
132,2018,Daniel Palka,CHW,124,449,27,56,67,2,0.067,0.341,0.245,0.308,0.24,0.294,0.484,0.329,0.312,109.0,-1.3,3.4,-19.8,-0.1,,,0
133,2018,Kevin Kaczmarski,NYM,4,5,0,0,0,0,0.2,0.2,0.0,0.0,0.0,0.2,0.0,0.138,0.274,-17.0,-0.4,-1.1,-0.1,-0.1,,,0
134,2018,Austin Slater,SFG,74,225,1,21,23,7,0.089,0.307,0.055,0.377,0.251,0.333,0.307,0.287,0.264,80.0,1.7,-3.7,-4.4,-0.1,,,0
135,2018,Mitch Walding,PHI,13,19,1,1,2,0,0.105,0.632,0.176,0.0,0.059,0.158,0.235,0.179,0.214,6.0,0.0,-2.2,0.4,-0.1,,,0
136,2018,Ryan McMahon,COL,91,202,5,17,19,1,0.089,0.317,0.144,0.327,0.232,0.307,0.376,0.296,0.274,69.0,0.4,-7.1,-0.4,-0.1,1.0,,0
137,2018,Rafael Bautista,WSN,9,6,0,1,0,0,0.0,0.167,0.0,0.0,0.0,0.0,0.0,0.0,0.053,-100.0,0.0,-1.6,0.1,-0.1,,,0
138,2018,Nick Ciuffo,TBR,16,44,1,3,5,0,0.068,0.273,0.108,0.24,0.189,0.262,0.297,0.249,0.187,57.0,0.0,-2.3,-0.5,-0.1,,,0
139,2018,Yadiel Rivera,MIA,111,160,1,13,9,2,0.119,0.319,0.043,0.258,0.173,0.269,0.216,0.219,0.247,37.0,0.3,-11.9,5.7,-0.1,,,0
140,2018,Corban Joseph,BAL,14,19,0,1,3,0,0.053,0.263,0.056,0.308,0.222,0.263,0.278,0.241,0.19,47.0,0.0,-1.2,-0.8,-0.1,,,0
141,2018,Jacob Stallings,PIT,14,41,0,2,5,0,0.073,0.22,0.0,0.276,0.216,0.268,0.216,0.222,0.26,35.0,0.2,-3.0,0.3,-0.2,,,0
142,2018,Christian Walker,ARI,37,53,3,6,6,1,0.057,0.415,0.224,0.208,0.163,0.226,0.388,0.264,0.3,61.0,0.2,-2.3,-0.8,-0.2,,,0
143,2018,Anthony Alford,TOR,13,21,0,3,1,1,0.095,0.429,0.0,0.2,0.105,0.19,0.105,0.149,0.204,-16.0,0.2,-2.7,0.5,-0.2,1.0,,1
144,2018,Phillip Evans,NYM,15,23,0,1,1,1,0.087,0.348,0.0,0.231,0.143,0.217,0.143,0.175,0.214,7.0,0.3,-2.3,0.0,-0.2,,,0
145,2018,Erik González,CLE,81,143,1,17,16,3,0.035,0.238,0.11,0.347,0.265,0.301,0.375,0.294,0.279,81.0,1.0,-2.2,-4.3,-0.2,,,0
146,2018,Andrew Stevenson,WSN,57,86,1,9,13,1,0.07,0.267,0.067,0.333,0.253,0.306,0.32,0.276,0.3,68.0,0.1,-3.3,-1.0,-0.2,,,0
147,2018,Tyler Wade,NYY,36,70,1,8,5,1,0.057,0.329,0.106,0.238,0.167,0.214,0.273,0.215,0.209,30.0,0.9,-4.9,0.8,-0.2,,,0
148,2018,Raffy Lopez,SDP,37,117,3,11,13,1,0.111,0.368,0.108,0.259,0.176,0.265,0.284,0.236,0.236,46.0,-0.2,-7.9,2.6,-0.2,,,0
149,2018,Alfredo González,CHW,3,9,0,0,1,0,0.0,0.444,0.0,0.2,0.111,0.111,0.111,0.098,0.206,-49.0,0.0,-1.6,-0.5,-0.2,,,0
150,2018,Luis Guillorme,NYM,35,74,0,4,5,1,0.095,0.041,0.03,0.219,0.209,0.284,0.239,0.242,0.335,52.0,0.5,-3.9,-0.2,-0.2,,,0
151,2018,Tom Murphy,COL,37,96,2,5,11,0,0.031,0.458,0.161,0.404,0.226,0.25,0.387,0.268,0.216,51.0,-0.3,-6.1,1.3,-0.2,,,0
152,2018,Boog Powell,OAK,7,25,0,3,0,1,0.04,0.24,0.125,0.222,0.167,0.2,0.292,0.211,0.234,31.0,0.0,-2.1,-0.7,-0.2,,,0
153,2018,Braxton Lee,MIA,8,18,0,0,2,0,0.056,0.444,0.0,0.333,0.176,0.222,0.176,0.185,0.185,14.0,-0.8,-2.6,0.2,-0.2,,,0
154,2018,Sherman Johnson,LAA,10,11,0,0,0,0,0.0,0.364,0.0,0.0,0.0,0.091,0.0,0.065,0.121,-72.0,0.0,-2.3,0.0,-0.2,,,0
155,2018,Ramón Torres,KCR,9,29,0,4,1,0,0.034,0.103,0.036,0.2,0.179,0.207,0.214,0.188,0.236,9.0,0.0,-3.1,0.2,-0.2,,,0
156,2018,Sam Travis,BOS,19,38,1,5,7,0,0.053,0.263,0.167,0.28,0.222,0.263,0.389,0.281,0.242,70.0,0.1,-1.3,-2.0,-0.2,,,0
157,2018,Austin Dean,MIA,34,122,4,16,14,1,0.057,0.18,0.142,0.241,0.221,0.279,0.363,0.281,0.309,79.0,0.6,-2.6,-3.3,-0.2,,,0
158,2018,Adolis García,STL,21,17,0,3,1,0,0.0,0.412,0.059,0.2,0.118,0.118,0.176,0.125,0.097,-28.0,-0.1,-2.8,0.0,-0.2,,,0
159,2018,Victor Caratini,CHC,76,200,2,21,21,0,0.06,0.21,0.072,0.29,0.232,0.293,0.304,0.268,0.284,65.0,0.1,-8.5,0.0,-0.2,,,0
160,2018,Francisco Arcia,LAA,41,106,6,10,23,1,0.009,0.255,0.223,0.214,0.204,0.226,0.427,0.277,0.233,73.0,0.0,-3.5,-2.6,-0.3,,,0
161,2018,Eric Haase,CLE,9,17,0,0,1,0,0.0,0.353,0.0,0.2,0.125,0.176,0.125,0.146,0.16,-20.0,0.0,-2.5,-0.6,-0.3,,,0
162,2018,Mike Marjama,SEA,10,29,0,1,0,0,0.069,0.207,0.111,0.143,0.111,0.172,0.222,0.177,0.232,7.0,-0.5,-3.7,0.2,-0.3,,,0
163,2018,Javy Guerra,SDP,13,19,0,2,1,0,0.158,0.474,0.0,0.286,0.125,0.263,0.125,0.201,0.174,23.0,0.2,-1.6,-1.6,-0.3,,,0
164,2018,Rosell Herrera,2 Tms,86,302,1,25,20,3,0.063,0.189,0.083,0.288,0.234,0.286,0.317,0.266,0.283,62.0,0.1,-13.5,0.6,-0.3,,,0
165,2018,Tomás Nido,NYM,34,90,1,10,9,0,0.044,0.3,0.071,0.224,0.167,0.2,0.238,0.193,0.213,19.0,0.2,-8.7,3.2,-0.3,,,0
166,2018,Chris Shaw,SFG,22,62,1,2,7,1,0.113,0.371,0.093,0.29,0.185,0.274,0.278,0.25,0.232,56.0,0.0,-3.3,-1.3,-0.3,,,0
167,2018,Anthony Santander,BAL,33,108,1,8,6,1,0.056,0.194,0.099,0.241,0.198,0.25,0.297,0.242,0.266,48.0,0.5,-6.2,-0.4,-0.3,,,0
168,2018,Gift Ngoepe,TOR,13,19,0,2,0,0,0.053,0.632,0.0,0.167,0.056,0.105,0.056,0.083,0.194,-61.0,0.0,-3.7,-0.1,-0.3,,,0
169,2018,Ronny Rodríguez,DET,62,206,5,17,20,2,0.049,0.204,0.115,0.253,0.22,0.256,0.335,0.257,0.259,57.0,0.2,-10.5,0.3,-0.3,,,0
170,2018,Drew Robinson,TEX,47,125,3,20,9,2,0.128,0.456,0.11,0.347,0.183,0.288,0.294,0.265,0.268,55.0,0.4,-6.3,-1.3,-0.3,,,0
171,2018,Taylor Ward,LAA,40,147,6,14,15,2,0.061,0.306,0.156,0.214,0.178,0.245,0.333,0.255,0.277,58.0,0.5,-6.9,-1.6,-0.4,,,0
172,2018,Chance Sisco,BAL,63,184,2,13,16,1,0.071,0.359,0.088,0.293,0.181,0.288,0.269,0.259,0.274,60.0,-0.7,-9.6,-0.2,-0.4,1.0,,0
173,2018,Brandon Dixon,CIN,74,124,5,14,10,0,0.048,0.347,0.178,0.229,0.178,0.218,0.356,0.247,0.263,48.0,0.1,-7.8,0.4,-0.4,,,0
174,2018,Sócrates Brito,ARI,24,44,1,3,3,0,0.068,0.205,0.075,0.194,0.175,0.227,0.25,0.213,0.306,27.0,-1.2,-5.2,0.2,-0.4,,,0
175,2018,Mike Tauchman,COL,21,37,0,5,0,1,0.108,0.405,0.031,0.176,0.094,0.194,0.125,0.16,0.195,-21.0,0.3,-5.1,0.0,-0.4,,,0
176,2018,Jesmuel Valentín,PHI,46,89,1,8,6,0,0.09,0.27,0.127,0.236,0.177,0.258,0.304,0.25,0.246,53.0,0.0,-5.1,-1.8,-0.4,,,0
177,2018,Kyle Tucker,HOU,28,72,0,10,4,1,0.083,0.181,0.063,0.176,0.141,0.236,0.203,0.207,0.324,28.0,0.2,-5.9,-0.7,-0.4,1.0,1.0,1
178,2018,Ryan Cordell,CHW,19,40,1,3,4,0,0.0,0.375,0.108,0.13,0.108,0.125,0.216,0.144,0.232,-17.0,0.0,-5.7,-0.2,-0.5,,,0
179,2018,Charles Tilson,CHW,41,121,0,7,11,2,0.083,0.165,0.028,0.322,0.264,0.331,0.292,0.282,0.266,77.0,-0.2,-3.6,-5.1,-0.5,,,0
180,2018,Carson Kelly,STL,19,42,0,1,3,0,0.071,0.167,0.0,0.143,0.114,0.205,0.114,0.162,0.256,-3.0,-0.2,-5.5,-0.7,-0.5,1.0,,0
181,2018,Dawel Lugo,DET,27,101,1,10,8,0,0.069,0.198,0.096,0.26,0.213,0.267,0.309,0.255,0.25,55.0,-0.3,-5.8,-2.6,-0.5,,,0
182,2018,Carlos Tocci,TEX,66,135,0,11,5,0,0.052,0.289,0.058,0.329,0.225,0.271,0.283,0.246,0.215,42.0,-1.3,-10.6,1.0,-0.5,,,0
183,2018,Pedro Severino,WSN,70,213,2,14,15,1,0.085,0.221,0.079,0.211,0.168,0.254,0.247,0.221,0.248,32.0,0.4,-17.3,5.6,-0.5,,,0
184,2018,Dustin Fowler,OAK,69,203,6,19,23,6,0.039,0.232,0.13,0.262,0.224,0.256,0.354,0.263,0.305,67.0,-1.1,-9.2,-3.1,-0.5,,,0
185,2018,J.D. Davis,HOU,42,113,1,9,5,0,0.088,0.257,0.049,0.233,0.175,0.248,0.223,0.218,0.3,36.0,0.0,-8.7,-0.7,-0.6,,,0
186,2018,Kevin Kramer,PIT,21,40,0,5,4,0,0.05,0.5,0.0,0.278,0.135,0.175,0.135,0.144,0.189,-17.0,0.1,-5.6,-1.2,-0.6,,,0
187,2018,Stevie Wilkerson,BAL,16,49,0,2,3,1,0.061,0.327,0.065,0.267,0.174,0.224,0.239,0.208,0.186,25.0,-0.4,-4.7,-2.6,-0.6,,,0
188,2018,Willie Calhoun,TEX,35,108,2,8,11,0,0.056,0.222,0.111,0.267,0.222,0.269,0.333,0.262,0.253,53.0,-0.3,-6.3,-3.4,-0.6,1.0,,1
189,2018,Mike Gerber,DET,18,47,0,2,2,0,0.085,0.447,0.024,0.182,0.095,0.17,0.119,0.141,0.184,-22.0,-0.8,-7.7,-0.7,-0.7,,,0
190,2018,Scott Kingery,PHI,147,484,8,55,35,10,0.05,0.26,0.113,0.291,0.226,0.267,0.338,0.263,0.272,61.0,0.4,-22.6,1.0,-0.7,1.0,,1
191,2018,Kevin Newman,PIT,31,97,0,7,6,0,0.041,0.237,0.022,0.275,0.209,0.247,0.231,0.211,0.228,27.0,-0.9,-9.5,-2.4,-0.9,1.0,,0
192,2018,Hunter Dozier,KCR,102,388,11,36,34,2,0.062,0.281,0.166,0.296,0.229,0.278,0.395,0.291,0.304,79.0,-0.5,-10.2,-12.1,-0.9,,,0
193,2018,Magneuris Sierra,MIA,54,156,0,10,7,3,0.038,0.25,0.02,0.259,0.19,0.222,0.211,0.192,0.203,19.0,1.0,-14.5,-0.1,-1.0,,,0
194,2018,Noel Cuevas,COL,75,153,2,16,10,1,0.039,0.157,0.082,0.267,0.233,0.268,0.315,0.254,0.245,41.0,-1.5,-12.5,-3.2,-1.1,,,0
195,2018,Francisco Peña,STL,58,142,2,10,8,1,0.042,0.303,0.068,0.278,0.203,0.239,0.271,0.215,0.207,33.0,-0.2,-11.9,-3.6,-1.1,,,0
196,2018,Lewis Brinson,MIA,109,406,11,31,42,2,0.042,0.296,0.139,0.257,0.199,0.24,0.338,0.248,0.29,56.0,0.6,-21.0,-3.7,-1.3,1.0,1.0,1
197,2018,Victor Reyes,DET,100,219,1,35,12,9,0.023,0.21,0.066,0.277,0.222,0.239,0.288,0.229,0.261,37.0,1.0,-15.5,-5.0,-1.3,,,0
1,2019,Pete Alonso,NYM,161,693,53,103,120,1,0.104,0.264,0.323,0.28,0.26,0.358,0.583,0.384,0.38,144.0,0.6,40.7,-14.5,4.7,1.0,,1
2,2019,Yordan Alvarez,HOU,87,369,27,58,78,0,0.141,0.255,0.342,0.366,0.313,0.412,0.655,0.432,0.408,177.0,-1.0,35.1,-9.3,3.8,1.0,,1
3,2019,Victor Robles,WSN,155,617,17,86,65,28,0.057,0.227,0.165,0.31,0.255,0.326,0.419,0.317,0.294,92.0,4.2,-2.4,20.7,3.7,1.0,1.0,1
4,2019,Bryan Reynolds,PIT,134,546,16,83,68,3,0.084,0.222,0.189,0.387,0.314,0.377,0.503,0.371,0.359,130.0,-0.8,20.8,-0.3,3.7,,,0
5,2019,Tommy Edman,STL,92,349,11,59,36,15,0.046,0.175,0.196,0.346,0.304,0.35,0.5,0.357,0.331,124.0,6.1,17.0,8.8,3.6,,,0
6,2019,Mike Tauchman,NYY,87,296,13,46,47,6,0.115,0.24,0.227,0.333,0.277,0.361,0.504,0.364,0.322,128.0,2.5,13.3,7.6,3.1,,,0
7,2019,Christian Walker,ARI,152,603,29,86,73,8,0.111,0.257,0.217,0.312,0.259,0.348,0.476,0.346,0.364,111.0,0.6,9.4,2.7,3.0,,,0
8,2019,Fernando Tatis Jr.,SDP,84,372,22,61,53,16,0.081,0.296,0.272,0.41,0.317,0.379,0.59,0.398,0.347,151.0,2.3,27.1,-8.4,3.0,1.0,1.0,1
9,2019,Cavan Biggio,TOR,100,430,16,66,48,14,0.165,0.286,0.195,0.309,0.234,0.364,0.429,0.343,0.346,115.0,2.8,10.9,0.7,2.6,,,0
10,2019,Mike Yastrzemski,SFG,107,411,21,64,55,2,0.078,0.26,0.245,0.325,0.272,0.334,0.518,0.353,0.342,120.0,0.5,11.5,0.7,2.5,,,0
11,2019,Carson Kelly,ARI,111,365,18,46,47,0,0.132,0.216,0.232,0.271,0.245,0.348,0.478,0.339,0.34,107.0,-0.8,2.6,9.4,2.3,1.0,,0
12,2019,Keston Hiura,MIL,84,348,19,51,49,9,0.072,0.307,0.268,0.402,0.303,0.368,0.57,0.388,0.352,139.0,-1.2,16.6,-4.8,2.2,1.0,1.0,1
13,2019,Óscar Mercado,CLE,115,482,15,70,54,15,0.058,0.174,0.174,0.3,0.269,0.318,0.443,0.321,0.308,98.0,2.8,1.8,3.4,2.2,,,0
14,2019,Kevin Newman,PIT,130,531,12,61,64,16,0.053,0.117,0.138,0.333,0.308,0.353,0.446,0.339,0.303,109.0,0.4,6.9,-1.5,2.2,1.0,,0
15,2019,Alex Verdugo,LAD,106,377,12,43,44,4,0.069,0.13,0.181,0.309,0.294,0.342,0.475,0.341,0.339,112.0,0.9,7.1,2.6,2.1,1.0,,1
16,2019,Brandon Lowe,TBR,82,327,17,42,51,5,0.076,0.346,0.243,0.377,0.27,0.336,0.514,0.354,0.34,127.0,1.4,12.6,-4.5,1.9,,,1
17,2019,Will Smith,LAD,54,196,15,30,42,2,0.092,0.265,0.318,0.264,0.253,0.337,0.571,0.369,0.32,130.0,0.9,8.7,4.3,1.9,,,0
18,2019,Danny Jansen,TOR,107,384,13,41,43,0,0.081,0.206,0.153,0.23,0.207,0.279,0.36,0.275,0.312,69.0,-0.5,-15.8,20.6,1.8,1.0,,1
19,2019,Luis Arraez,MIN,92,366,4,54,28,2,0.098,0.079,0.104,0.355,0.334,0.399,0.439,0.36,0.334,126.0,1.8,13.7,-8.8,1.8,,,0
20,2019,Jon Berti,MIA,73,287,6,52,24,17,0.084,0.254,0.133,0.36,0.273,0.348,0.406,0.326,0.316,104.0,5.2,6.8,0.8,1.6,,,0
21,2019,Aristides Aquino,CIN,56,225,19,31,47,7,0.071,0.267,0.317,0.266,0.259,0.316,0.576,0.36,0.334,117.0,1.8,6.9,1.8,1.5,,,0
22,2019,Jacob Stallings,PIT,71,210,6,26,13,0,0.076,0.19,0.12,0.303,0.262,0.325,0.382,0.297,0.316,82.0,-0.9,-5.9,14.0,1.4,,,0
23,2019,Bo Bichette,TOR,46,212,11,32,21,4,0.066,0.236,0.26,0.368,0.311,0.358,0.571,0.384,0.337,143.0,-1.6,10.0,-3.1,1.4,1.0,1.0,1
24,2019,Garrett Cooper,MIA,107,421,15,52,50,0,0.078,0.261,0.165,0.357,0.281,0.344,0.446,0.337,0.345,111.0,-1.2,4.7,-3.7,1.4,,,0
25,2019,Reese McGuire,TOR,30,105,5,14,11,0,0.067,0.171,0.227,0.324,0.299,0.346,0.526,0.364,0.293,129.0,-0.4,3.5,5.3,1.2,,,0
26,2019,Eloy Jiménez,CHW,122,504,31,69,79,0,0.06,0.266,0.246,0.308,0.267,0.315,0.513,0.343,0.347,115.0,-0.6,8.9,-16.0,1.1,1.0,1.0,1
27,2019,Austin Nola,SEA,79,267,10,37,31,1,0.086,0.236,0.185,0.325,0.269,0.342,0.454,0.337,0.296,114.0,0.6,5.4,-4.1,1.1,,,0
28,2019,Daniel Vogelbach,SEA,144,558,30,73,76,0,0.165,0.267,0.232,0.232,0.208,0.341,0.439,0.333,0.345,112.0,-1.7,6.5,-16.1,1.0,,,0
29,2019,Myles Straw,HOU,56,128,0,27,7,8,0.148,0.188,0.074,0.345,0.269,0.378,0.343,0.323,0.313,103.0,2.5,3.0,2.8,1.0,,,0
30,2019,Mike Freeman,CLE,75,213,4,27,24,1,0.103,0.286,0.113,0.388,0.277,0.362,0.39,0.327,0.277,103.0,0.1,0.9,1.7,1.0,,,0
31,2019,Mike Ford,NYY,50,163,12,30,25,0,0.104,0.172,0.301,0.243,0.259,0.35,0.559,0.372,0.358,134.0,-0.7,6.5,-2.9,0.9,,,0
32,2019,Michael Chavis,BOS,95,382,18,46,58,2,0.081,0.332,0.19,0.347,0.254,0.322,0.444,0.323,0.302,96.0,-2.1,-4.0,-0.3,0.9,1.0,,0
33,2019,Dylan Moore,SEA,113,282,9,31,28,11,0.089,0.33,0.182,0.29,0.206,0.302,0.389,0.299,0.277,88.0,-0.4,-4.6,3.5,0.9,,,0
34,2019,Tim Locastro,ARI,91,250,1,38,17,17,0.056,0.176,0.09,0.31,0.25,0.357,0.34,0.314,0.295,90.0,3.6,0.4,0.1,0.8,,,0
35,2019,Nick Senzel,CIN,104,414,12,55,42,14,0.072,0.244,0.171,0.319,0.256,0.315,0.427,0.315,0.305,87.0,1.6,-5.3,0.1,0.8,1.0,1.0,1
36,2019,Trent Grisham,MIL,51,183,6,24,24,1,0.109,0.262,0.179,0.286,0.231,0.328,0.41,0.316,0.316,92.0,0.8,-1.2,3.3,0.8,,,0
37,2019,Sam Hilliard,COL,27,87,7,13,13,2,0.103,0.264,0.377,0.298,0.273,0.356,0.649,0.407,0.354,140.0,1.2,5.7,-0.9,0.7,,,0
38,2019,Adam Haseley,PHI,67,242,5,30,26,4,0.058,0.248,0.131,0.344,0.266,0.324,0.396,0.309,0.269,87.0,2.1,-2.1,1.9,0.7,1.0,,0
39,2019,Austin Hays,BAL,21,75,4,12,13,2,0.093,0.173,0.265,0.333,0.309,0.373,0.574,0.393,0.352,146.0,-0.4,4.0,0.2,0.7,1.0,,0
40,2019,Lane Thomas,STL,34,44,4,6,12,1,0.091,0.182,0.368,0.308,0.316,0.409,0.684,0.445,0.383,182.0,0.0,4.8,0.6,0.7,,,0
41,2019,César Puello,2 Tms,44,147,4,14,18,0,0.068,0.259,0.136,0.325,0.248,0.356,0.384,0.325,0.321,103.0,-0.9,-0.6,2.0,0.6,,,0
42,2019,Kyle Tucker,HOU,22,72,4,15,11,5,0.056,0.278,0.269,0.326,0.269,0.319,0.537,0.349,0.344,121.0,1.4,3.3,0.4,0.6,1.0,1.0,1
43,2019,Cam Gallagher,KCR,45,142,3,14,12,0,0.077,0.197,0.127,0.281,0.238,0.312,0.365,0.294,0.257,79.0,-1.8,-5.7,6.9,0.6,,,0
44,2019,Kyle Lewis,SEA,18,75,6,10,13,0,0.04,0.387,0.324,0.351,0.268,0.293,0.592,0.357,0.356,128.0,0.0,2.6,1.0,0.6,1.0,,1
45,2019,Seth Brown,OAK,26,83,0,11,13,1,0.084,0.277,0.16,0.423,0.293,0.361,0.453,0.347,0.302,120.0,-0.1,2.1,1.1,0.6,,,0
46,2019,Luis Rengifo,LAA,108,406,7,44,33,2,0.099,0.229,0.126,0.3,0.238,0.321,0.364,0.298,0.306,83.0,0.7,-8.1,-0.8,0.6,,,0
47,2019,Francisco Mejía,SDP,79,244,8,27,22,1,0.053,0.23,0.173,0.319,0.265,0.316,0.438,0.317,0.276,97.0,-0.7,-1.5,-0.7,0.5,1.0,1.0,1
48,2019,Shed Long Jr.,SEA,42,168,5,21,15,3,0.095,0.238,0.191,0.327,0.263,0.333,0.454,0.333,0.27,112.0,-0.2,2.4,-3.0,0.5,,,0
49,2019,Tim Lopes,SEA,41,128,1,11,12,6,0.117,0.227,0.09,0.354,0.27,0.359,0.36,0.318,0.283,101.0,0.3,0.5,-0.1,0.5,,,0
50,2019,Matt Beaty,LAD,99,268,9,36,46,5,0.063,0.123,0.193,0.275,0.265,0.317,0.458,0.324,0.319,101.0,1.6,1.9,-5.5,0.5,,,0
51,2019,Mike Brosseau,TBR,51,142,6,17,16,1,0.049,0.275,0.189,0.345,0.273,0.319,0.462,0.329,0.269,110.0,0.3,2.1,-2.3,0.5,,,0
52,2019,Terrance Gore,KCR,37,58,0,13,1,13,0.103,0.31,0.078,0.424,0.275,0.362,0.353,0.317,0.248,94.0,0.7,0.3,2.3,0.5,,,0
53,2019,Abraham Toro,HOU,25,89,2,13,9,1,0.101,0.213,0.167,0.259,0.218,0.303,0.385,0.295,0.3,84.0,0.2,-1.7,3.0,0.4,,,0
54,2019,Nico Hoerner,CHC,20,82,3,13,17,0,0.037,0.134,0.154,0.292,0.282,0.305,0.436,0.305,0.315,85.0,0.0,-1.7,3.5,0.4,1.0,,1
55,2019,Tyler Wade,NYY,43,108,2,16,11,7,0.102,0.259,0.117,0.328,0.245,0.33,0.362,0.303,0.269,88.0,2.7,1.0,-0.7,0.4,,,0
56,2019,Sean Murphy,OAK,20,60,4,14,8,0,0.1,0.267,0.321,0.273,0.245,0.333,0.566,0.37,0.344,136.0,0.3,3.1,-1.1,0.4,1.0,,1
57,2019,Mauricio Dubón,2 Tms,30,111,4,12,9,3,0.045,0.18,0.16,0.305,0.274,0.306,0.434,0.312,0.277,94.0,0.0,-0.9,1.5,0.4,,,0
58,2019,Ildemaro Vargas,ARI,92,211,6,25,24,1,0.043,0.114,0.144,0.279,0.269,0.299,0.413,0.3,0.289,81.0,0.7,-4.4,1.8,0.4,,,0
59,2019,Nick Solak,TEX,33,135,5,19,17,2,0.111,0.215,0.198,0.354,0.293,0.393,0.491,0.375,0.339,126.0,0.1,4.7,-5.6,0.4,,,0
60,2019,Edwin Ríos,LAD,28,56,4,10,8,0,0.161,0.375,0.34,0.409,0.277,0.393,0.617,0.413,0.406,160.0,-0.9,3.5,-1.4,0.4,,,0
61,2019,Thairo Estrada,NYY,35,69,3,12,12,4,0.043,0.217,0.188,0.283,0.25,0.294,0.438,0.308,0.301,91.0,1.4,0.6,0.7,0.4,,,0
62,2019,Kyle Higashioka,NYY,18,57,3,8,11,0,0.0,0.456,0.25,0.321,0.214,0.211,0.464,0.27,0.21,65.0,0.3,-2.3,3.5,0.3,,,0
63,2019,Michael Pérez,TBR,22,55,0,6,2,0,0.145,0.345,0.109,0.37,0.217,0.345,0.326,0.303,0.299,92.0,0.3,-0.2,1.4,0.3,,,0
64,2019,Vladimir Guerrero Jr.,TOR,123,514,15,52,69,0,0.089,0.177,0.162,0.308,0.272,0.339,0.433,0.329,0.333,106.0,-2.3,1.3,-16.8,0.3,1.0,1.0,1
65,2019,Gavin Lux,LAD,23,82,2,12,9,2,0.085,0.293,0.16,0.327,0.24,0.305,0.4,0.301,0.343,86.0,0.9,-0.6,1.0,0.3,1.0,,1
66,2019,Ryan Cordell,CHW,97,247,7,22,24,3,0.077,0.279,0.134,0.287,0.221,0.29,0.355,0.279,0.273,71.0,-0.5,-9.5,3.5,0.3,,,0
67,2019,Brandon Dixon,DET,118,420,15,41,52,5,0.05,0.324,0.187,0.336,0.248,0.29,0.435,0.303,0.308,87.0,0.7,-6.5,-5.8,0.3,,,0
68,2019,Alex Blandino,CIN,23,50,1,6,3,0,0.2,0.28,0.111,0.348,0.25,0.42,0.361,0.352,0.338,111.0,0.0,0.8,0.1,0.2,,,0
69,2019,Tyrone Taylor,MIL,15,12,0,1,1,0,0.083,0.083,0.2,0.444,0.4,0.5,0.6,0.465,0.317,190.0,0.1,1.5,0.5,0.2,,,0
70,2019,Randy Arozarena,STL,19,23,1,4,2,2,0.087,0.174,0.2,0.333,0.3,0.391,0.5,0.38,0.312,139.0,-0.2,1.0,0.5,0.2,1.0,,1
71,2019,Kyle Garlick,LAD,30,53,3,8,6,0,0.094,0.358,0.271,0.346,0.25,0.321,0.521,0.342,0.326,113.0,0.1,1.0,-0.6,0.2,,,0
72,2019,Domingo Leyba,ARI,21,30,0,6,5,0,0.133,0.3,0.16,0.412,0.28,0.367,0.44,0.34,0.286,107.0,0.1,0.4,0.5,0.2,,,0
73,2019,Luis Guillorme,NYM,45,70,1,8,3,0,0.1,0.2,0.115,0.304,0.246,0.324,0.361,0.299,0.303,88.0,0.3,-0.8,0.3,0.2,,,0
74,2019,Michael Hermosillo,LAA,18,46,0,7,3,2,0.109,0.413,0.083,0.278,0.139,0.304,0.222,0.254,0.274,53.0,0.9,-1.9,1.9,0.2,,,0
75,2019,Chad Wallach,MIA,19,54,1,4,3,0,0.111,0.222,0.125,0.314,0.25,0.333,0.375,0.309,0.359,93.0,-0.4,-0.9,0.7,0.1,,,0
76,2019,Tyler Heineman,MIA,5,12,1,1,2,0,0.0,0.333,0.364,0.333,0.273,0.273,0.636,0.366,0.228,130.0,0.1,0.6,0.5,0.1,,,0
77,2019,Seth Mejias-Brean,SDP,14,33,2,3,5,0,0.091,0.273,0.267,0.263,0.233,0.303,0.5,0.333,0.294,108.0,0.0,0.3,0.0,0.1,,,0
78,2019,Josh VanMeter,CIN,95,260,8,33,23,9,0.112,0.215,0.171,0.279,0.237,0.327,0.408,0.316,0.325,88.0,0.4,-3.7,-3.2,0.1,,,0
79,2019,Jacob Nottingham,MIL,9,7,1,1,4,0,0.0,0.286,0.5,0.333,0.333,0.429,0.833,0.504,0.238,215.0,0.0,1.1,0.0,0.1,,,0
80,2019,Brian O'Grady,CIN,28,48,2,4,3,0,0.083,0.354,0.238,0.261,0.19,0.292,0.429,0.305,0.309,81.0,0.1,-1.1,0.8,0.1,,,0
81,2019,Danny Mendick,CHW,16,40,2,6,4,0,0.025,0.275,0.154,0.385,0.308,0.325,0.462,0.332,0.257,107.0,-0.9,-0.5,0.2,0.1,,,0
82,2019,Robel García,CHC,31,80,5,8,11,0,0.088,0.438,0.292,0.303,0.208,0.275,0.5,0.315,0.277,92.0,0.4,-0.5,-1.0,0.1,,,0
83,2019,Nathaniel Lowe,TBR,50,169,7,24,19,0,0.077,0.296,0.191,0.34,0.263,0.325,0.454,0.328,0.33,109.0,-0.6,1.4,-6.6,0.1,,,0
84,2019,Kyle Farmer,CIN,97,197,9,22,27,4,0.051,0.299,0.18,0.284,0.23,0.279,0.41,0.289,0.29,70.0,0.7,-7.1,1.6,0.1,,,0
85,2019,Harold Ramírez,MIA,119,446,11,54,50,2,0.04,0.204,0.14,0.328,0.276,0.312,0.416,0.308,0.301,92.0,0.1,-4.5,-9.0,0.1,,,0
86,2019,Scott Heineman,TEX,25,85,2,8,7,1,0.106,0.235,0.16,0.264,0.213,0.306,0.373,0.295,0.282,73.0,-0.3,-3.3,0.9,0.1,,,0
87,2019,Edmundo Sosa,STL,8,10,0,2,0,1,0.1,0.2,0.0,0.333,0.25,0.4,0.25,0.315,0.401,96.0,0.1,0.1,0.1,0.1,,,0
88,2019,Johnny Davis,TBR,8,4,0,5,0,0,0.0,0.5,0.5,0.5,0.25,0.25,0.75,0.382,0.236,146.0,0.2,0.4,0.0,0.0,,,0
89,2019,Luis Torrens,SDP,7,16,0,2,0,0,0.125,0.375,0.071,0.375,0.214,0.313,0.286,0.271,0.303,67.0,0.2,-0.5,0.4,0.0,,,0
90,2019,Austin Riley,ATL,80,297,18,41,49,0,0.054,0.364,0.245,0.293,0.226,0.279,0.471,0.307,0.309,85.0,-1.1,-7.1,-1.9,0.0,1.0,,1
91,2019,Sheldon Neuse,OAK,25,61,0,3,7,0,0.066,0.311,0.054,0.368,0.25,0.295,0.304,0.262,0.296,63.0,-0.2,-3.1,1.2,0.0,,,0
92,2019,Kelvin Gutiérrez,KCR,20,79,1,4,11,1,0.063,0.304,0.096,0.367,0.26,0.304,0.356,0.284,0.253,72.0,0.2,-2.7,0.1,0.0,,,0
93,2019,Breyvic Valera,2 Tms,17,52,1,7,6,0,0.077,0.135,0.149,0.256,0.234,0.308,0.383,0.297,0.274,84.0,-0.5,-1.6,-0.2,0.0,,,0
94,2019,Ryan Court,SEA,12,25,1,1,5,0,0.04,0.44,0.167,0.333,0.208,0.24,0.375,0.258,0.291,61.0,0.1,-1.2,0.4,0.0,,,0
95,2019,Kevin Cron,ARI,39,78,6,12,16,0,0.051,0.359,0.31,0.237,0.211,0.269,0.521,0.321,0.348,95.0,-0.3,-0.8,-1.6,0.0,,,0
96,2019,Beau Taylor,2 Tms,11,30,2,3,2,0,0.133,0.233,0.24,0.125,0.16,0.3,0.4,0.303,0.397,92.0,-0.1,-0.4,-0.7,0.0,,,0
97,2019,Ty France,SDP,69,201,7,20,24,0,0.045,0.244,0.168,0.279,0.234,0.294,0.402,0.296,0.294,84.0,-1.4,-5.7,-0.8,0.0,,,0
98,2019,Erick Mejia,KCR,9,27,0,3,4,0,0.148,0.259,0.045,0.313,0.227,0.333,0.273,0.276,0.205,67.0,-0.2,-1.4,0.3,0.0,,,0
99,2019,Jose Trevino,TEX,40,126,2,18,13,0,0.024,0.214,0.125,0.312,0.258,0.272,0.383,0.274,0.258,59.0,-2.0,-8.7,3.9,0.0,,,0
100,2019,Yu Chang,CLE,28,84,1,8,6,0,0.131,0.262,0.096,0.24,0.178,0.286,0.274,0.254,0.299,53.0,-0.1,-5.1,1.9,0.0,,,0
101,2019,Joe Hudson,STL,1,1,0,0,0,0,0.0,1.0,0.0,0.0,0.0,0.0,0.0,0.0,0.0,-100.0,0.0,-0.3,0.0,0.0,,,0
102,2019,Rangel Ravelo,STL,29,43,2,4,7,0,0.07,0.279,0.205,0.231,0.205,0.256,0.41,0.276,0.35,71.0,-0.2,-1.9,0.3,0.0,,,0
103,2019,Dylan Cozens,PHI,1,1,0,0,0,0,0.0,0.0,0.0,0.0,0.0,0.0,0.0,0.0,0.059,-100.0,0.0,-0.3,0.0,0.0,,,0
104,2019,Anthony Alford,TOR,16,30,1,3,1,2,0.033,0.367,0.107,0.25,0.179,0.233,0.286,0.228,0.22,37.0,0.9,-1.5,0.1,0.0,1.0,,1
105,2019,Dom Nuñez,COL,16,43,2,4,4,0,0.07,0.395,0.231,0.238,0.179,0.233,0.41,0.264,0.201,46.0,0.1,-3.0,1.2,0.0,,,0
106,2019,Nick Ciuffo,TBR,3,6,0,0,0,0,0.0,0.5,0.0,0.333,0.167,0.167,0.167,0.145,0.141,-15.0,0.0,-0.9,0.3,0.0,,,0
107,2019,Ian Miller,MIN,12,17,0,2,1,0,0.0,0.176,0.059,0.214,0.176,0.176,0.235,0.174,0.246,-1.0,0.0,-2.2,1.2,0.0,,,0
108,2019,Drew Jackson,BAL,3,4,0,0,0,0,0.25,0.25,0.0,0.0,0.0,0.25,0.0,0.173,0.218,-3.0,0.0,-0.5,0.0,0.0,,,0
109,2019,Tres Barrera,WSN,2,2,0,0,0,0,0.0,0.0,0.0,0.0,0.0,0.0,0.0,0.0,0.073,-100.0,0.0,-0.6,0.0,0.0,,,0
110,2019,Wilkin Castillo,MIA,2,7,0,0,2,0,0.0,0.429,0.143,0.25,0.143,0.143,0.286,0.174,0.062,4.0,0.0,-0.9,0.2,0.0,,,0
111,2019,Mitch Walding,PHI,2,2,0,0,0,0,0.0,1.0,0.0,0.0,0.0,0.0,0.0,0.0,0.0,-100.0,0.0,-0.6,0.0,0.0,,,0
112,2019,Sam Haggerty,NYM,11,4,0,2,0,0,0.0,0.75,0.0,0.0,0.0,0.0,0.0,0.0,0.004,-100.0,0.4,-0.7,0.0,-0.1,,,0
113,2019,Garrett Stubbs,HOU,19,39,0,8,2,1,0.103,0.179,0.086,0.25,0.2,0.282,0.286,0.254,0.275,56.0,0.5,-1.7,-0.3,-0.1,,,0
114,2019,LaMonte Wade Jr.,MIN,26,69,2,10,5,0,0.159,0.13,0.179,0.2,0.196,0.348,0.375,0.32,0.36,98.0,-0.1,-0.3,-2.9,-0.1,,,0
115,2019,Steven Baron,PIT,7,10,0,0,1,0,0.0,0.6,0.1,0.5,0.2,0.2,0.3,0.209,0.128,24.0,0.0,-1.0,0.0,-0.1,,,0
116,2019,Luis Urías,SDP,71,249,4,27,24,0,0.1,0.225,0.102,0.284,0.223,0.329,0.326,0.294,0.307,82.0,-0.8,-6.6,-2.0,-0.1,1.0,,1
117,2019,Mark Zagunis,CHC,30,40,0,2,5,0,0.1,0.4,0.083,0.45,0.25,0.325,0.333,0.291,0.216,75.0,0.0,-1.3,-0.7,-0.1,,,0
118,2019,Ryan McBroom,KCR,23,83,0,8,6,0,0.084,0.301,0.067,0.44,0.293,0.361,0.36,0.318,0.325,95.0,-0.7,-1.2,-2.5,-0.1,,,0
119,2019,Tzu-Wei Lin,BOS,13,22,0,3,1,1,0.091,0.273,0.1,0.286,0.2,0.273,0.3,0.252,0.168,48.0,-0.2,-1.7,0.1,-0.1,,,0
120,2019,Zach Green,SFG,8,16,0,1,1,0,0.125,0.375,0.071,0.25,0.143,0.25,0.214,0.217,0.226,31.0,-0.1,-1.6,0.3,-0.1,,,0
121,2019,Abiatal Avelino,SFG,4,8,0,0,1,0,0.125,0.375,0.0,0.5,0.286,0.375,0.286,0.304,0.224,88.0,-0.8,-1.0,-0.1,-0.1,,,0
122,2019,Donovan Walton,SEA,7,19,0,2,2,0,0.158,0.263,0.0,0.273,0.188,0.316,0.188,0.246,0.265,53.0,-0.4,-1.6,-0.1,-0.1,,,0
123,2019,Jason Martin,PIT,20,40,0,5,2,2,0.1,0.25,0.056,0.346,0.25,0.325,0.306,0.282,0.354,72.0,0.4,-1.1,-1.2,-0.1,,,0
124,2019,Josh Rojas,ARI,41,157,2,17,16,4,0.115,0.261,0.094,0.295,0.217,0.312,0.312,0.279,0.32,67.0,-0.8,-7.5,1.5,-0.1,,,0
125,2019,Skye Bolt,OAK,5,11,0,1,0,0,0.091,0.273,0.1,0.143,0.1,0.182,0.2,0.173,0.311,3.0,0.0,-1.3,-0.3,-0.1,,,0
126,2019,Taylor Davis,CHC,7,20,1,2,4,0,0.1,0.2,0.167,0.154,0.167,0.25,0.333,0.253,0.342,51.0,-0.1,-1.4,-0.6,-0.1,,,0
127,2019,Jake Noll,WSN,8,13,0,1,2,0,0.077,0.308,0.083,0.25,0.167,0.231,0.25,0.214,0.202,24.0,0.1,-1.2,-0.6,-0.1,,,0
128,2019,Michael Reed,SFG,4,8,0,0,0,0,0.0,0.75,0.0,0.0,0.0,0.0,0.0,0.0,0.013,-100.0,0.0,-2.2,0.5,-0.1,,,0
129,2019,Jonathan Davis,TOR,37,95,2,8,6,3,0.053,0.253,0.084,0.224,0.181,0.266,0.265,0.24,0.305,45.0,0.9,-5.7,0.9,-0.1,,,0
130,2019,Seby Zavala,CHW,5,12,0,1,0,0,0.0,0.75,0.0,0.333,0.083,0.083,0.083,0.072,0.103,-68.0,0.0,-2.6,0.7,-0.1,,,0
131,2019,Deivy Grullón,PHI,4,9,0,0,1,0,0.0,0.222,0.111,0.143,0.111,0.111,0.222,0.135,0.172,-27.0,0.0,-1.5,-0.2,-0.1,,,0
132,2019,Dustin Peterson,DET,17,47,0,3,6,1,0.043,0.298,0.091,0.333,0.227,0.277,0.318,0.259,0.216,57.0,0.2,-2.3,-0.9,-0.1,,,0
133,2019,Juan Graterol,CIN,6,18,0,1,1,0,0.0,0.222,0.0,0.286,0.222,0.222,0.222,0.193,0.227,8.0,-0.2,-2.4,0.3,-0.2,,,0
134,2019,Willians Astudillo,MIN,58,204,4,28,21,0,0.025,0.039,0.111,0.258,0.268,0.299,0.379,0.288,0.319,77.0,-1.5,-7.6,-1.4,-0.2,,,0
135,2019,Harold Castro,DET,97,369,5,30,38,4,0.024,0.233,0.093,0.367,0.291,0.305,0.384,0.292,0.279,79.0,1.0,-8.8,-6.1,-0.2,,,0
136,2019,David Freitas,2 Tms,17,20,0,2,1,0,0.2,0.25,0.0,0.091,0.067,0.25,0.067,0.182,0.293,5.0,0.0,-2.5,0.2,-0.2,,,0
137,2019,Nick Dini,KCR,20,64,2,11,6,0,0.063,0.281,0.161,0.243,0.196,0.27,0.357,0.269,0.281,62.0,-0.2,-3.4,-0.7,-0.2,,,0
138,2019,Jack Mayfield,HOU,26,65,2,8,5,0,0.015,0.246,0.172,0.174,0.156,0.169,0.328,0.204,0.193,22.0,0.1,-6.3,2.2,-0.2,,,0
139,2019,Joshua Fuentes,COL,24,56,3,8,7,1,0.018,0.357,0.182,0.281,0.218,0.232,0.4,0.262,0.193,45.0,0.4,-3.7,0.2,-0.2,,,0
140,2019,Cole Tucker,PIT,56,159,2,16,13,0,0.063,0.252,0.15,0.276,0.211,0.266,0.361,0.264,0.283,60.0,1.1,-7.3,0.4,-0.2,,,0
141,2019,Willi Castro,DET,30,110,1,10,8,0,0.055,0.309,0.11,0.333,0.23,0.284,0.34,0.27,0.242,64.0,-0.3,-5.4,-0.4,-0.2,,,0
142,2019,Dawel Lugo,DET,77,288,6,28,26,0,0.028,0.205,0.136,0.288,0.245,0.271,0.381,0.272,0.287,66.0,-0.2,-12.9,0.6,-0.2,,,0
143,2019,Aramis Garcia,SFG,18,46,2,5,5,0,0.087,0.457,0.167,0.211,0.143,0.217,0.31,0.217,0.215,32.0,-0.1,-4.3,0.9,-0.2,,,0
144,2019,Josh Naylor,SDP,94,279,8,29,32,1,0.09,0.229,0.154,0.302,0.249,0.315,0.403,0.306,0.298,90.0,-0.8,-4.4,-6.5,-0.2,,,0
145,2019,Adrián Sanchez,WSN,28,32,0,3,1,0,0.031,0.313,0.0,0.333,0.226,0.25,0.226,0.212,0.196,23.0,0.0,-3.3,0.3,-0.2,,,0
146,2019,Anthony Bemboom,2 Tms,25,56,1,2,4,0,0.018,0.375,0.074,0.188,0.13,0.145,0.204,0.149,0.156,-18.0,0.2,-8.2,4.1,-0.2,,,0
147,2019,Andrew Knizner,STL,18,58,2,7,7,2,0.069,0.241,0.151,0.27,0.226,0.293,0.377,0.289,0.237,79.0,0.5,-1.1,-2.9,-0.2,,,0
148,2019,Rocky Gale,LAD,5,15,0,1,0,0,0.0,0.467,0.0,0.25,0.133,0.133,0.133,0.116,0.093,-35.0,0.0,-2.7,0.0,-0.2,,,0
149,2019,Jared Walsh,LAA,34,87,1,6,5,0,0.069,0.402,0.127,0.349,0.203,0.276,0.329,0.259,0.292,57.0,-0.1,-4.9,-0.5,-0.2,,,0
150,2019,Connor Joe,SFG,8,16,0,1,0,0,0.063,0.313,0.0,0.1,0.067,0.125,0.067,0.097,0.226,-47.0,0.2,-2.9,0.1,-0.2,,,0
151,2019,Raudy Read,WSN,6,11,0,0,0,0,0.0,0.455,0.0,0.167,0.091,0.091,0.091,0.079,0.143,-64.0,0.0,-2.4,-0.3,-0.2,,,0
152,2019,Eric Haase,CLE,10,17,1,1,3,0,0.059,0.471,0.188,0.0,0.063,0.118,0.25,0.155,0.225,-14.0,0.0,-2.5,-0.5,-0.2,,,0
153,2019,Garrett Hampson,COL,105,327,8,40,27,15,0.073,0.269,0.137,0.322,0.247,0.302,0.385,0.292,0.265,64.0,2.0,-13.4,0.6,-0.2,,,0
154,2019,Bobby Bradley,CLE,15,49,1,4,4,0,0.082,0.408,0.178,0.292,0.178,0.245,0.356,0.256,0.244,55.0,-0.1,-2.9,-1.3,-0.2,1.0,,0
155,2019,Andrew Velazquez,2 Tms,15,24,0,3,0,1,0.042,0.542,0.087,0.2,0.087,0.125,0.174,0.13,0.161,-28.0,0.3,-3.6,0.3,-0.2,,,0
156,2019,Matt Thaiss,LAA,53,164,8,17,23,0,0.104,0.317,0.211,0.264,0.211,0.293,0.422,0.303,0.283,86.0,-0.7,-3.6,-4.9,-0.2,,,0
157,2019,Alex Jackson,ATL,4,15,0,0,0,0,0.067,0.333,0.0,0.0,0.0,0.133,0.0,0.051,0.16,-83.0,0.0,-3.6,0.6,-0.3,,,0
158,2019,Charles Tilson,CHW,54,157,1,16,12,4,0.064,0.242,0.056,0.305,0.229,0.293,0.285,0.256,0.277,56.0,1.6,-7.4,-0.9,-0.3,,,0
159,2019,Patrick Wisdom,TEX,9,28,0,1,1,0,0.036,0.536,0.038,0.364,0.154,0.185,0.192,0.167,0.179,-14.0,-0.1,-4.2,0.4,-0.3,,,0
160,2019,Kean Wong,2 Tms,7,18,0,2,0,0,0.0,0.333,0.0,0.25,0.167,0.167,0.167,0.145,0.205,-12.0,-0.3,-3.0,-0.5,-0.3,,,0
161,2019,Nicky Lopez,KCR,103,402,2,44,30,1,0.045,0.127,0.084,0.273,0.24,0.276,0.325,0.26,0.242,56.0,2.0,-20.8,3.4,-0.3,,,0
162,2019,Wilfredo Tovar,LAA,31,88,0,5,5,0,0.057,0.17,0.06,0.235,0.193,0.239,0.253,0.217,0.26,28.0,-0.1,-8.1,2.0,-0.3,,,0
163,2019,Austin Allen,SDP,34,71,0,4,3,0,0.085,0.296,0.062,0.318,0.215,0.282,0.277,0.23,0.194,40.0,-0.1,-5.7,0.3,-0.3,,,0
164,2019,DJ Stewart,BAL,44,142,4,15,15,1,0.099,0.183,0.143,0.268,0.238,0.317,0.381,0.299,0.306,82.0,-0.5,-3.7,-5.2,-0.4,,,0
165,2019,Rowdy Tellez,TOR,111,409,21,49,54,1,0.071,0.284,0.222,0.267,0.227,0.293,0.449,0.308,0.335,91.0,-2.7,-7.2,-11.4,-0.4,,,0
166,2019,Jake Fraley,SEA,12,41,0,3,1,0,0.0,0.341,0.05,0.231,0.15,0.171,0.2,0.162,0.152,-4.0,0.0,-5.5,0.1,-0.4,,,0
167,2019,Sam Travis,BOS,59,157,6,17,16,2,0.07,0.229,0.167,0.243,0.215,0.274,0.382,0.273,0.285,62.0,-0.4,-8.0,-1.6,-0.4,,,0
168,2019,Austin Wynns,BAL,28,74,1,8,5,0,0.041,0.189,0.057,0.255,0.214,0.247,0.271,0.226,0.254,33.0,-0.1,-6.4,-0.2,-0.4,,,0
169,2019,Tomás Nido,NYM,50,144,4,9,14,0,0.049,0.257,0.125,0.232,0.191,0.231,0.316,0.227,0.239,41.0,-1.3,-12.5,3.9,-0.4,,,0
170,2019,Frank Schwindel,KCR,6,15,0,0,0,0,0.0,0.133,0.0,0.077,0.067,0.067,0.067,0.058,0.17,-81.0,0.0,-3.5,-1.2,-0.4,,,0
171,2019,Chris Shaw,SFG,16,20,0,0,0,0,0.1,0.4,0.0,0.1,0.056,0.15,0.056,0.113,0.187,-37.0,0.0,-3.6,-1.5,-0.4,,,0
172,2019,Zack Collins,CHW,27,102,3,10,12,0,0.137,0.382,0.163,0.295,0.186,0.307,0.349,0.285,0.32,76.0,-0.5,-3.7,-4.6,-0.4,1.0,,0
173,2019,Richie Martin,BAL,120,309,6,29,23,10,0.045,0.269,0.113,0.272,0.208,0.26,0.322,0.252,0.245,50.0,1.1,-18.6,2.6,-0.5,,,0
174,2019,Pablo Reyes,PIT,71,157,2,18,19,1,0.083,0.229,0.119,0.257,0.203,0.274,0.322,0.26,0.241,57.0,0.5,-8.4,-1.4,-0.5,,,0
175,2019,Kevin Kramer,PIT,22,50,0,5,5,0,0.12,0.34,0.024,0.259,0.167,0.26,0.19,0.212,0.253,26.0,-0.7,-5.7,-0.8,-0.5,,,0
176,2019,Billy McKinney,TOR,84,276,12,37,28,0,0.069,0.264,0.207,0.25,0.215,0.274,0.422,0.291,0.278,80.0,-0.2,-7.2,-7.9,-0.5,,,0
177,2019,Mike Gerber,SFG,12,26,0,0,0,0,0.077,0.577,0.042,0.111,0.042,0.115,0.083,0.1,0.158,-45.0,-0.7,-5.7,-0.4,-0.5,,,0
178,2019,Isaac Galloway,MIA,19,54,0,6,1,2,0.0,0.315,0.019,0.243,0.167,0.167,0.185,0.151,0.231,-11.0,0.4,-7.5,0.2,-0.5,,,0
179,2019,Eric Stamets,CLE,15,48,0,4,2,0,0.104,0.5,0.024,0.111,0.049,0.149,0.073,0.118,0.186,-39.0,-0.2,-8.7,1.3,-0.6,,,0
180,2019,Yonathan Daza,COL,44,105,0,7,3,1,0.067,0.2,0.031,0.26,0.206,0.257,0.237,0.221,0.23,18.0,0.4,-11.0,1.8,-0.6,,,0
181,2019,Marco Hernández,BOS,61,155,2,18,11,1,0.019,0.271,0.088,0.337,0.25,0.279,0.338,0.266,0.234,57.0,-0.9,-9.4,-2.2,-0.6,,,0
182,2019,Dwight Smith Jr.,BAL,101,392,13,46,53,5,0.066,0.209,0.171,0.274,0.241,0.297,0.412,0.299,0.29,83.0,1.0,-7.7,-12.6,-0.6,,,0
183,2019,Jaylin Davis,SFG,17,47,1,2,3,1,0.064,0.234,0.071,0.2,0.167,0.255,0.238,0.227,0.302,38.0,-0.7,-4.6,-3.3,-0.6,,,0
184,2019,Carter Kieboom,WSN,11,43,2,4,2,0,0.093,0.372,0.154,0.143,0.128,0.209,0.282,0.204,0.281,18.0,0.0,-4.7,-3.2,-0.6,1.0,,1
185,2019,Matt Skole,CHW,27,80,0,7,6,0,0.088,0.388,0.028,0.357,0.208,0.275,0.236,0.232,0.216,40.0,-0.2,-6.3,-3.1,-0.6,,,0
186,2019,Grayson Greiner,DET,58,224,5,18,19,0,0.058,0.313,0.106,0.276,0.202,0.251,0.308,0.242,0.253,45.0,-1.1,-16.7,1.7,-0.7,,,0
187,2019,Bubba Starling,KCR,56,197,4,26,12,2,0.046,0.284,0.102,0.286,0.215,0.255,0.317,0.247,0.243,47.0,0.3,-13.1,-1.1,-0.7,,,0
188,2019,Jake Rogers,DET,35,128,4,11,8,0,0.102,0.398,0.134,0.175,0.125,0.222,0.259,0.216,0.207,28.0,-0.3,-12.2,0.4,-0.7,,,0
189,2019,Travis Demeritte,DET,48,186,3,24,10,3,0.075,0.339,0.118,0.337,0.225,0.286,0.343,0.272,0.28,66.0,1.7,-6.5,-7.4,-0.7,,,0
190,2019,José Rondón,2 Tms,56,157,3,10,9,0,0.07,0.242,0.084,0.245,0.196,0.263,0.28,0.241,0.256,46.0,-0.5,-11.4,-1.5,-0.7,,,0
191,2019,Braden Bishop,SEA,27,60,0,3,4,0,0.05,0.35,0.0,0.171,0.107,0.153,0.107,0.124,0.176,-30.0,0.3,-9.6,0.1,-0.7,,,0
192,2019,Brendan Rodgers,COL,25,81,0,8,7,0,0.049,0.333,0.026,0.347,0.224,0.272,0.25,0.234,0.205,26.0,0.3,-7.5,-3.1,-0.8,1.0,1.0,1
193,2019,Stevie Wilkerson,BAL,119,361,10,41,35,3,0.061,0.299,0.158,0.3,0.225,0.286,0.383,0.286,0.253,73.0,-1.1,-13.5,-7.7,-0.8,,,0
194,2019,Corban Joseph,3 Tms,28,68,1,5,7,0,0.044,0.176,0.094,0.173,0.156,0.191,0.25,0.189,0.23,14.0,0.0,-7.7,-2.9,-0.8,,,0
195,2019,Humberto Arteaga,KCR,41,135,0,11,4,1,0.059,0.207,0.033,0.255,0.197,0.258,0.23,0.221,0.255,30.0,-0.2,-12.4,-1.1,-0.8,,,0
196,2019,Christin Stewart,DET,104,416,10,32,40,0,0.082,0.248,0.154,0.29,0.233,0.305,0.388,0.294,0.321,80.0,-2.0,-12.6,-11.1,-0.8,,,0
197,2019,Austin Dean,MIA,64,189,6,17,21,0,0.048,0.249,0.18,0.27,0.225,0.261,0.404,0.276,0.297,71.0,-0.5,-7.7,-7.1,-0.9,,,0
198,2019,Meibrys Viloria,KCR,42,148,1,7,15,0,0.068,0.297,0.075,0.293,0.211,0.259,0.286,0.236,0.213,40.0,-1.3,-12.7,-1.5,-0.9,,,0
199,2019,Isan Díaz,MIA,49,201,5,17,23,0,0.095,0.294,0.134,0.224,0.173,0.259,0.307,0.248,0.257,53.0,-2.8,-15.3,-5.8,-1.4,1.0,,0
1,2020,Kyle Lewis,SEA,58,242,11,37,28,5,0.14,0.293,0.175,0.341,0.262,0.364,0.437,0.349,0.344,127.0,1.0,9.1,2.8,2.0,1.0,,1
2,2020,Jake Cronenworth,SDP,54,192,4,26,20,3,0.094,0.156,0.192,0.324,0.285,0.354,0.477,0.356,0.393,126.0,1.4,7.9,4.6,1.9,,,0
3,2020,Ke'Bryan Hayes,PIT,24,95,5,17,11,1,0.095,0.211,0.306,0.45,0.376,0.442,0.682,0.464,0.362,194.0,0.6,12.0,3.2,1.9,1.0,1.0,1
4,2020,Sean Murphy,OAK,43,140,7,21,14,0,0.171,0.264,0.224,0.278,0.233,0.364,0.457,0.358,0.348,133.0,-0.2,5.5,5.5,1.6,1.0,,1
5,2020,Luis Robert Jr.,CHW,56,227,11,33,31,9,0.088,0.322,0.203,0.3,0.233,0.302,0.436,0.316,0.326,99.0,1.1,0.7,3.6,1.4,1.0,1.0,1
6,2020,Alec Bohm,PHI,44,180,4,24,23,1,0.089,0.2,0.144,0.41,0.338,0.4,0.481,0.381,0.357,138.0,-0.1,8.6,0.0,1.3,1.0,,0
7,2020,Andrés Giménez,NYM,49,132,3,22,12,8,0.053,0.212,0.136,0.318,0.263,0.333,0.398,0.321,0.303,105.0,2.2,3.1,5.8,1.2,1.0,,0
8,2020,Willi Castro,DET,36,140,6,21,24,0,0.05,0.271,0.202,0.448,0.349,0.381,0.55,0.393,0.364,154.0,-1.1,8.1,-1.9,1.2,,,0
9,2020,Luis Guillorme,NYM,30,68,0,6,9,2,0.147,0.25,0.105,0.463,0.333,0.426,0.439,0.381,0.317,145.0,0.3,4.2,2.9,0.9,,,0
10,2020,Mauricio Dubón,SFG,54,177,4,21,19,2,0.085,0.203,0.115,0.328,0.274,0.337,0.389,0.318,0.319,99.0,-0.8,-1.0,2.8,0.8,,,0
11,2020,Ryan Mountcastle,BAL,35,140,5,12,23,0,0.079,0.214,0.159,0.398,0.333,0.386,0.492,0.377,0.328,139.0,-0.4,6.3,-2.4,0.8,1.0,,0
12,2020,Randy Arozarena,TBR,23,76,7,15,11,4,0.079,0.289,0.359,0.306,0.281,0.382,0.641,0.422,0.369,177.0,0.6,7.9,-2.3,0.7,1.0,,1
13,2020,Bobby Dalbec,BOS,23,92,8,13,16,0,0.109,0.424,0.338,0.394,0.263,0.359,0.6,0.4,0.351,151.0,-0.1,5.7,-0.8,0.7,1.0,,0
14,2020,Edwin Ríos,LAD,32,83,8,13,17,0,0.048,0.217,0.395,0.216,0.25,0.301,0.645,0.385,0.397,143.0,0.1,4.7,-0.3,0.7,,,0
15,2020,Nick Madrigal,CHW,29,109,0,8,11,2,0.037,0.064,0.029,0.365,0.34,0.376,0.369,0.332,0.314,110.0,-2.4,-1.1,1.8,0.5,1.0,,1
16,2020,Nico Hoerner,CHC,48,126,0,19,13,3,0.095,0.19,0.037,0.279,0.222,0.312,0.259,0.265,0.297,63.0,-0.2,-6.1,5.5,0.5,1.0,,1
17,2020,Joshua Fuentes,COL,30,103,2,14,17,1,0.019,0.282,0.133,0.406,0.306,0.32,0.439,0.323,0.27,86.0,0.6,-1.2,2.2,0.5,,,0
18,2020,Anthony Bemboom,LAA,21,60,3,9,5,0,0.117,0.217,0.208,0.212,0.208,0.328,0.417,0.324,0.294,103.0,-1.1,-0.9,3.3,0.5,,,0
19,2020,Jacob Nottingham,MIL,20,54,4,8,13,0,0.093,0.37,0.271,0.208,0.188,0.278,0.458,0.313,0.3,94.0,0.3,-0.1,2.3,0.4,,,0
20,2020,Ryan Jeffers,MIN,26,62,3,5,7,0,0.081,0.306,0.164,0.364,0.273,0.355,0.436,0.346,0.349,122.0,-0.5,1.2,0.7,0.4,,,0
21,2020,Phillip Evans,PIT,11,45,1,6,9,0,0.111,0.156,0.128,0.419,0.359,0.444,0.487,0.409,0.331,157.0,-0.3,2.9,-0.9,0.4,,,0
22,2020,Leody Taveras,TEX,33,134,4,20,6,8,0.104,0.321,0.168,0.319,0.227,0.308,0.395,0.307,0.305,93.0,2.0,0.8,-1.8,0.4,1.0,,1
23,2020,Sam Huff,TEX,10,33,3,5,4,0,0.061,0.333,0.387,0.471,0.355,0.394,0.742,0.469,0.426,203.0,-0.1,4.1,-1.5,0.4,1.0,,0
24,2020,Austin Hays,BAL,33,134,4,20,9,2,0.06,0.187,0.115,0.316,0.279,0.328,0.393,0.315,0.292,96.0,-0.6,-1.3,1.3,0.4,1.0,,0
25,2020,Tyler Stephenson,CIN,8,20,2,4,6,0,0.1,0.45,0.353,0.5,0.294,0.4,0.647,0.437,0.324,169.0,0.0,1.7,0.5,0.3,1.0,,0
26,2020,Shogo Akiyama,CIN,54,183,0,16,9,7,0.137,0.186,0.052,0.314,0.245,0.357,0.297,0.304,0.315,81.0,0.3,-4.1,-1.1,0.3,,,0
27,2020,Rafael Marchán,PHI,3,9,1,3,3,0,0.111,0.222,0.375,0.6,0.5,0.556,0.875,0.592,0.494,277.0,0.0,2.0,0.5,0.3,,,0
28,2020,Tyrone Taylor,MIL,22,41,2,6,6,0,0.049,0.195,0.263,0.25,0.237,0.293,0.5,0.334,0.365,108.0,0.1,0.5,0.3,0.3,,,0
29,2020,Santiago Espinal,TOR,27,66,0,10,6,1,0.061,0.242,0.067,0.356,0.267,0.308,0.333,0.282,0.283,72.0,0.3,-2.0,2.8,0.3,,,0
30,2020,Chad Wallach,MIA,15,48,1,4,6,0,0.063,0.25,0.136,0.29,0.227,0.277,0.364,0.278,0.262,74.0,-0.3,-1.9,3.0,0.2,,,0
31,2020,Danny Mendick,CHW,33,114,3,11,6,0,0.053,0.219,0.14,0.288,0.243,0.281,0.383,0.285,0.257,78.0,-0.5,-3.6,0.9,0.2,,,0
32,2020,Jose Trevino,TEX,24,83,2,10,9,0,0.036,0.181,0.184,0.279,0.25,0.28,0.434,0.3,0.319,88.0,0.2,-1.0,0.0,0.2,,,0
33,2020,Joey Bart,SFG,33,111,0,15,7,0,0.027,0.369,0.087,0.387,0.233,0.288,0.32,0.271,0.248,68.0,-0.6,-5.1,2.8,0.2,1.0,1.0,1
34,2020,Sam Hilliard,COL,36,114,6,13,10,3,0.079,0.368,0.229,0.281,0.21,0.272,0.438,0.301,0.266,72.0,1.3,-2.8,0.3,0.2,,,0
35,2020,Ryan McBroom,KCR,36,85,6,8,10,0,0.047,0.353,0.259,0.311,0.247,0.282,0.506,0.33,0.3,106.0,-0.5,0.1,-2.2,0.2,,,0
36,2020,Jonathan Davis,TOR,13,34,1,4,6,1,0.088,0.324,0.185,0.375,0.259,0.364,0.444,0.35,0.35,118.0,0.2,1.0,-0.3,0.2,,,0
37,2020,Anderson Tejeda,TEX,23,77,3,7,8,4,0.026,0.39,0.2,0.381,0.253,0.273,0.453,0.306,0.252,92.0,0.5,-0.3,-1.1,0.1,,,0
38,2020,Wyatt Mathisen,ARI,9,33,2,5,5,0,0.152,0.364,0.222,0.308,0.222,0.364,0.444,0.355,0.332,120.0,0.0,0.8,-0.6,0.1,,,0
39,2020,Daulton Varsho,ARI,37,115,3,16,9,3,0.104,0.287,0.178,0.246,0.188,0.287,0.366,0.287,0.288,76.0,0.9,-2.7,-0.2,0.1,1.0,,0
40,2020,Luis Campusano,SDP,1,4,1,2,1,0,0.0,0.5,1.0,0.0,0.333,0.5,1.333,0.677,0.346,338.0,0.0,1.2,-0.1,0.1,1.0,,1
41,2020,Elliot Soto,LAA,3,7,0,2,0,0,0.143,0.143,0.167,0.4,0.333,0.429,0.5,0.403,0.261,157.0,0.0,0.5,0.5,0.1,,,0
42,2020,Jorge Oña,SDP,5,15,1,3,2,0,0.133,0.467,0.333,0.5,0.25,0.4,0.583,0.415,0.368,166.0,-0.2,1.1,-0.4,0.1,,,0
43,2020,Alejandro Kirk,TOR,9,25,1,4,3,0,0.04,0.16,0.208,0.421,0.375,0.4,0.583,0.418,0.344,165.0,-0.4,1.6,-1.2,0.1,,,0
44,2020,Sam Haggerty,SEA,13,54,1,7,6,4,0.074,0.296,0.14,0.364,0.26,0.315,0.4,0.311,0.311,101.0,1.0,1.0,-1.9,0.1,,,0
45,2020,Chadwick Tromp,SFG,24,64,4,11,10,0,0.016,0.313,0.213,0.231,0.213,0.219,0.426,0.264,0.235,64.0,-0.2,-3.1,1.8,0.1,,,0
46,2020,Yu Chang,CLE,10,13,0,1,1,0,0.154,0.308,0.0,0.286,0.182,0.308,0.182,0.243,0.273,49.0,0.0,-0.8,1.2,0.1,,,0
47,2020,Travis Blankenhorn,MIN,1,4,0,0,0,0,0.0,0.0,0.333,0.333,0.333,0.5,0.667,0.492,0.437,221.0,0.0,0.6,0.0,0.1,,,0
48,2020,Brian Navarreto,MIA,2,5,0,0,0,0,0.0,0.2,0.0,0.5,0.4,0.4,0.4,0.353,0.351,123.0,-0.2,-0.1,0.6,0.1,,,0
49,2020,Yoshi Tsutsugo,TBR,51,185,8,27,24,0,0.141,0.27,0.197,0.23,0.197,0.314,0.395,0.309,0.325,99.0,-0.6,-0.8,-3.6,0.1,,,0
50,2020,Tyler Heineman,SFG,15,50,0,3,1,1,0.08,0.12,0.024,0.222,0.19,0.292,0.214,0.243,0.27,50.0,0.0,-3.2,2.0,0.1,,,0
51,2020,Brent Rooker,MIN,7,21,1,4,5,0,0.0,0.238,0.263,0.385,0.316,0.381,0.579,0.408,0.395,163.0,0.4,2.1,-2.5,0.0,,,0
52,2020,William Contreras,ATL,4,10,0,0,1,0,0.0,0.4,0.1,0.667,0.4,0.4,0.5,0.389,0.339,142.0,0.0,0.5,-0.3,0.0,,,0
53,2020,Keibert Ruiz,LAD,2,8,1,1,1,0,0.0,0.375,0.375,0.25,0.25,0.25,0.625,0.358,0.346,126.0,0.0,0.2,-0.1,0.0,1.0,,1
54,2020,Mark Mathias,MIL,16,36,0,2,4,1,0.0,0.194,0.083,0.345,0.278,0.278,0.361,0.275,0.265,69.0,0.3,-1.1,-0.2,0.0,,,0
55,2020,Óscar Hernández,KCR,4,4,0,1,0,0,0.0,0.25,0.0,0.667,0.5,0.5,0.5,0.441,0.319,182.0,-0.2,0.2,-0.1,0.0,,,0
56,2020,Jack Mayfield,HOU,21,47,0,5,3,0,0.043,0.298,0.024,0.276,0.19,0.239,0.214,0.207,0.211,25.0,0.2,-4.1,2.6,0.0,,,0
57,2020,Gavin Lux,LAD,19,69,3,8,8,1,0.087,0.275,0.175,0.195,0.175,0.246,0.349,0.259,0.266,61.0,0.4,-3.0,0.7,0.0,1.0,1.0,1
58,2020,Austin Allen,OAK,14,32,1,1,3,0,0.031,0.438,0.129,0.313,0.194,0.219,0.323,0.233,0.168,47.0,-0.3,-2.4,1.4,0.0,,,0
59,2020,Alex Jackson,ATL,5,7,0,0,0,0,0.0,0.571,0.143,0.667,0.286,0.286,0.429,0.303,0.213,85.0,0.0,-0.1,0.1,0.0,,,0
60,2020,Brian O'Grady,TBR,2,5,0,2,0,1,0.0,0.2,0.2,0.5,0.4,0.4,0.6,0.424,0.367,178.0,0.2,0.6,-0.7,0.0,,,0
61,2020,Kelvin Gutiérrez,KCR,4,12,0,0,0,0,0.25,0.5,0.0,0.333,0.111,0.333,0.111,0.248,0.292,50.0,0.0,-0.8,0.3,0.0,,,0
62,2020,Zach McKinstry,LAD,4,7,0,1,0,0,0.0,0.429,0.143,0.5,0.286,0.286,0.429,0.303,0.258,89.0,0.0,-0.1,-0.1,0.0,,,0
63,2020,Jahmai Jones,LAA,3,7,0,2,1,0,0.0,0.286,0.0,0.6,0.429,0.429,0.429,0.378,0.331,140.0,0.0,0.3,-0.5,0.0,1.0,,0
64,2020,Justin Williams,STL,3,6,0,0,0,0,0.167,0.333,0.0,0.333,0.2,0.333,0.2,0.264,0.247,65.0,0.0,-0.3,0.0,0.0,,,0
65,2020,LaMonte Wade Jr.,MIN,16,44,0,3,1,1,0.091,0.205,0.077,0.3,0.231,0.318,0.308,0.285,0.266,79.0,-0.3,-1.4,-0.5,0.0,,,0
66,2020,Deivy Grullón,BOS,1,4,0,0,1,0,0.25,0.25,0.0,0.5,0.333,0.5,0.333,0.395,0.332,148.0,0.0,0.2,-0.3,0.0,,,0
67,2020,Estevan Florial,NYY,1,3,0,0,0,0,0.0,0.667,0.0,1.0,0.333,0.333,0.333,0.294,0.304,85.0,0.0,-0.1,0.0,0.0,1.0,,0
68,2020,Ian Miller,CHC,1,0,0,0,0,0,0.0,0.0,0.0,0.0,0.0,0.0,0.0,0.0,,,0.0,0.0,0.0,0.0,,,0
69,2020,Andrew Young,ARI,12,34,1,3,4,0,0.147,0.294,0.192,0.267,0.192,0.382,0.385,0.35,0.361,117.0,0.1,0.9,-2.2,0.0,,,0
70,2020,Terrance Gore,LAD,2,0,0,0,0,0,0.0,0.0,0.0,0.0,0.0,0.0,0.0,0.0,,,0.0,0.0,-0.1,0.0,,,0
71,2020,Nick Heath,KCR,15,18,0,2,3,2,0.111,0.333,0.077,0.286,0.154,0.313,0.231,0.265,0.326,61.0,-0.4,-1.2,0.3,0.0,,,0
72,2020,John Nogowski,STL,1,4,0,0,0,0,0.0,0.25,0.0,0.333,0.25,0.25,0.25,0.221,0.16,37.0,0.1,-0.3,0.0,0.0,,,0
73,2020,Aaron Whitefield,MIN,3,1,0,1,0,0,0.0,0.0,0.0,0.0,0.0,0.0,0.0,0.0,0.084,-100.0,0.0,-0.3,0.0,0.0,,,0
74,2020,Pavin Smith,ARI,12,44,1,7,4,1,0.114,0.182,0.135,0.3,0.27,0.341,0.405,0.32,0.357,97.0,-0.9,-1.0,-0.8,0.0,1.0,,0
75,2020,José Briceño,LAA,2,6,0,0,0,0,0.167,0.167,0.0,0.25,0.2,0.333,0.2,0.264,0.354,62.0,0.0,-0.3,-0.2,0.0,,,0
76,2020,Jaylin Davis,SFG,4,12,1,2,1,0,0.0,0.5,0.25,0.2,0.167,0.167,0.417,0.238,0.252,47.0,0.0,-0.9,0.2,0.0,,,0
77,2020,Luis Alexander Basabe,SFG,9,18,0,5,1,2,0.222,0.278,0.0,0.222,0.143,0.333,0.143,0.253,0.281,57.0,-0.7,-1.7,0.7,0.0,,,0
78,2020,Cristian Pache,ATL,2,4,0,0,0,0,0.0,0.5,0.0,0.5,0.25,0.25,0.25,0.221,0.082,31.0,0.0,-0.4,0.0,0.0,1.0,1.0,1
79,2020,Yermín Mercedes,CHW,1,1,0,0,0,0,0.0,0.0,0.0,0.0,0.0,0.0,0.0,0.0,0.232,-100.0,0.0,-0.3,-0.1,0.0,,,0
80,2020,Jake Noll,WSN,7,17,0,2,0,0,0.0,0.235,0.059,0.462,0.353,0.353,0.412,0.332,0.255,106.0,0.0,0.1,-0.9,0.0,,,0
81,2020,Patrick Wisdom,CHC,2,2,0,0,0,0,0.0,0.0,0.0,0.0,0.0,0.0,0.0,0.0,0.007,-100.0,0.0,-0.5,0.0,0.0,,,0
82,2020,Andrew Knizner,STL,8,17,0,1,4,0,0.0,0.294,0.063,0.333,0.25,0.235,0.313,0.229,0.317,42.0,-0.2,-1.5,0.2,-0.1,,,0
83,2020,Max Schrock,STL,11,17,1,1,1,0,0.0,0.353,0.176,0.2,0.176,0.176,0.353,0.22,0.204,37.0,0.0,-1.4,0.1,-0.1,,,0
84,2020,Evan White,SEA,54,202,8,19,26,1,0.089,0.416,0.17,0.264,0.176,0.252,0.346,0.261,0.292,67.0,-0.4,-8.6,0.6,-0.1,1.0,,0
85,2020,Luis González,CHW,3,2,0,1,0,0,0.0,0.5,0.0,0.0,0.0,0.5,0.0,0.364,0.364,132.0,0.1,0.1,-0.9,-0.1,,,0
86,2020,Anthony Alford,2 Tms,18,29,2,5,7,3,0.034,0.276,0.286,0.222,0.214,0.241,0.5,0.306,0.228,88.0,0.9,0.5,-2.2,-0.1,1.0,,1
87,2020,Adolis García,TEX,3,7,0,0,0,0,0.143,0.571,0.0,0.0,0.0,0.143,0.0,0.1,0.121,-49.0,0.0,-1.3,0.2,-0.1,,,0
88,2020,Dylan Carlson,STL,35,119,3,11,16,1,0.067,0.294,0.164,0.26,0.2,0.252,0.364,0.264,0.314,66.0,-0.3,-5.5,-0.5,-0.1,1.0,1.0,1
89,2020,Donovan Walton,SEA,5,14,0,0,3,0,0.071,0.357,0.077,0.25,0.154,0.214,0.231,0.201,0.22,26.0,-0.4,-1.7,0.4,-0.1,,,0
90,2020,Michael Hermosillo,LAA,7,10,0,0,2,1,0.1,0.1,0.0,0.25,0.25,0.3,0.25,0.246,0.185,50.0,0.2,-0.4,-0.8,-0.1,,,0
91,2020,Ramón Urías,BAL,10,27,1,3,3,0,0.074,0.222,0.2,0.444,0.36,0.407,0.56,0.413,0.392,164.0,-1.1,1.1,-2.8,-0.1,,,0
92,2020,Will Craig,PIT,2,4,0,0,0,0,0.0,0.25,0.0,0.0,0.0,0.0,0.0,0.0,0.303,-100.0,0.0,-1.1,-0.1,-0.1,,,0
93,2020,Jason Martin,PIT,7,11,0,2,0,0,0.182,0.364,0.0,0.0,0.0,0.182,0.0,0.127,0.168,-29.0,0.1,-1.7,0.3,-0.1,,,0
94,2020,Mark Payton,CIN,8,20,0,0,0,1,0.1,0.25,0.056,0.231,0.167,0.25,0.222,0.22,0.196,26.0,0.2,-1.7,-0.2,-0.1,,,0
95,2020,Ali Sánchez,NYM,5,10,0,0,0,0,0.1,0.3,0.0,0.167,0.111,0.2,0.111,0.158,0.106,-2.0,0.0,-1.3,0.0,-0.1,,,0
96,2020,Jared Oliva,PIT,6,16,0,0,0,1,0.0,0.375,0.0,0.3,0.188,0.188,0.188,0.165,0.206,-4.0,0.2,-2.0,0.2,-0.1,,,0
97,2020,Seth Brown,OAK,7,5,0,0,0,0,0.0,0.4,0.0,0.0,0.0,0.0,0.0,0.0,0.247,-100.0,0.0,-1.3,0.0,-0.1,,,0
98,2020,Eric Haase,DET,7,19,0,1,2,0,0.053,0.316,0.0,0.25,0.176,0.211,0.176,0.176,0.297,5.0,-0.1,-2.3,0.3,-0.1,,,0
99,2020,Sergio Alcántara,DET,10,23,1,2,1,0,0.087,0.174,0.238,0.125,0.143,0.217,0.381,0.253,0.2,57.0,0.2,-1.0,-1.1,-0.1,,,0
100,2020,Jonah Heim,OAK,13,41,0,5,5,0,0.073,0.073,0.0,0.229,0.211,0.268,0.211,0.223,0.299,41.0,-0.1,-3.1,0.4,-0.1,,,0
101,2020,Monte Harrison,MIA,32,51,1,8,3,6,0.078,0.51,0.085,0.35,0.17,0.235,0.255,0.222,0.226,36.0,1.6,-2.6,0.0,-0.1,1.0,,0
102,2020,Mickey Moniak,PHI,8,18,0,3,0,0,0.222,0.333,0.0,0.375,0.214,0.389,0.214,0.302,0.345,86.0,0.2,-0.1,-1.6,-0.1,1.0,1.0,1
103,2020,Braden Bishop,SEA,12,34,0,2,4,1,0.059,0.294,0.067,0.25,0.167,0.242,0.233,0.22,0.206,38.0,0.3,-2.3,-0.2,-0.1,,,0
104,2020,Jorge Mateo,SDP,22,28,0,4,2,1,0.036,0.393,0.115,0.267,0.154,0.185,0.269,0.196,0.259,21.0,0.5,-2.3,-0.1,-0.1,1.0,,0
105,2020,Derek Hill,DET,15,12,0,3,0,0,0.083,0.5,0.0,0.2,0.091,0.167,0.091,0.132,0.167,-26.0,0.2,-1.7,-0.2,-0.1,,,0
106,2020,Joe Hudson,SEA,9,20,0,0,0,0,0.1,0.25,0.0,0.25,0.176,0.263,0.176,0.213,0.189,33.0,0.0,-1.7,-0.7,-0.2,,,0
107,2020,Garrett Stubbs,HOU,14,10,0,1,1,0,0.0,0.0,0.0,0.111,0.125,0.111,0.125,0.098,0.229,-49.0,-0.5,-2.4,0.4,-0.2,,,0
108,2020,Yadiel Hernandez,WSN,12,28,1,3,6,0,0.036,0.429,0.231,0.286,0.192,0.214,0.423,0.26,0.227,58.0,-0.1,-1.6,-0.9,-0.2,,,0
109,2020,Jake Fraley,SEA,7,29,0,3,0,2,0.069,0.379,0.115,0.267,0.154,0.241,0.269,0.231,0.203,46.0,0.2,-1.7,-1.1,-0.2,,,0
110,2020,Eddy Alvarez,MIA,12,41,0,6,2,2,0.073,0.39,0.027,0.333,0.189,0.268,0.216,0.228,0.19,41.0,0.5,-2.6,-0.4,-0.2,,,0
111,2020,Daz Cameron,DET,17,59,0,4,3,1,0.034,0.322,0.07,0.289,0.193,0.22,0.263,0.212,0.22,29.0,-0.3,-5.4,0.8,-0.2,,,0
112,2020,Andrew Velazquez,BAL,40,77,0,11,3,4,0.13,0.299,0.048,0.25,0.159,0.274,0.206,0.231,0.242,39.0,0.1,-5.7,1.5,-0.2,,,0
113,2020,Daniel Johnson,CLE,5,13,0,0,0,0,0.077,0.385,0.0,0.143,0.083,0.154,0.083,0.074,0.19,-67.0,0.0,-2.7,0.0,-0.2,,,0
114,2020,Taylor Jones,HOU,7,22,1,3,3,0,0.045,0.318,0.19,0.231,0.19,0.227,0.381,0.258,0.277,60.0,-0.1,-1.2,-1.8,-0.2,,,0
115,2020,Carter Kieboom,WSN,33,122,0,15,9,0,0.139,0.27,0.01,0.299,0.202,0.344,0.212,0.275,0.274,68.0,-0.9,-6.0,0.4,-0.2,1.0,,1
116,2020,Jazz Chisholm Jr.,MIA,21,62,2,8,6,2,0.081,0.306,0.161,0.2,0.161,0.242,0.321,0.248,0.269,54.0,0.1,-3.6,-0.3,-0.2,1.0,,1
117,2020,Vimael Machín,OAK,24,71,0,11,0,0,0.113,0.141,0.032,0.245,0.206,0.296,0.238,0.25,0.338,60.0,0.2,-3.4,-1.5,-0.2,,,0
118,2020,Zack Collins,CHW,9,18,0,1,0,0,0.111,0.278,0.063,0.091,0.063,0.167,0.125,0.146,0.261,-17.0,0.0,-2.6,-0.6,-0.2,1.0,,0
119,2020,Lane Thomas,STL,18,40,1,5,2,0,0.1,0.325,0.139,0.136,0.111,0.2,0.25,0.203,0.213,25.0,-0.1,-3.9,-0.3,-0.2,,,0
120,2020,Rangel Ravelo,STL,13,41,1,5,6,0,0.098,0.146,0.114,0.167,0.171,0.244,0.286,0.233,0.27,45.0,0.1,-2.8,-1.5,-0.2,,,0
121,2020,Beau Taylor,CLE,7,24,0,1,2,0,0.083,0.375,0.0,0.083,0.048,0.13,0.048,0.099,0.165,-49.0,0.0,-4.5,0.9,-0.2,,,0
122,2020,Jonathan Araúz,BOS,25,80,1,8,9,0,0.1,0.263,0.069,0.34,0.25,0.325,0.319,0.291,0.325,77.0,0.0,-2.3,-2.4,-0.2,,,0
123,2020,Erick Mejia,KCR,8,16,0,1,0,1,0.0,0.438,0.071,0.143,0.071,0.071,0.143,0.088,0.076,-60.0,0.2,-2.9,-0.4,-0.3,,,0
124,2020,Nate Orf,OAK,6,7,0,1,0,0,0.0,0.143,0.0,0.0,0.0,0.0,0.0,0.0,0.258,-100.0,0.0,-1.8,-1.2,-0.3,,,0
125,2020,Myles Straw,HOU,33,86,0,8,8,6,0.047,0.256,0.049,0.283,0.207,0.244,0.256,0.223,0.255,37.0,0.7,-6.0,0.0,-0.3,,,0
126,2020,Scott Heineman,TEX,24,54,1,6,7,3,0.037,0.204,0.115,0.175,0.154,0.185,0.269,0.197,0.241,17.0,0.4,-5.1,0.1,-0.3,,,0
127,2020,Isaac Paredes,DET,34,108,1,7,6,0,0.074,0.222,0.07,0.28,0.22,0.278,0.29,0.255,0.247,59.0,-0.1,-5.6,-2.1,-0.3,,,0
128,2020,Michael Pérez,TBR,38,93,1,7,13,0,0.075,0.29,0.071,0.228,0.167,0.237,0.238,0.217,0.303,36.0,-1.8,-9.1,3.5,-0.3,,,0
129,2020,Thairo Estrada,NYY,26,52,1,8,3,1,0.019,0.365,0.063,0.25,0.167,0.231,0.229,0.212,0.25,29.0,0.1,-4.4,-0.2,-0.3,,,0
130,2020,José Marmolejos,SEA,35,115,6,12,18,0,0.061,0.278,0.206,0.232,0.206,0.261,0.411,0.287,0.317,84.0,-1.6,-3.8,-3.6,-0.3,,,0
131,2020,Joe McCarthy,SFG,4,10,0,0,0,0,0.0,0.5,0.0,0.0,0.0,0.0,0.0,0.0,0.026,-100.0,0.0,-2.7,-1.1,-0.3,,,0
132,2020,Lewin Díaz,MIA,14,41,0,2,3,0,0.049,0.293,0.051,0.222,0.154,0.195,0.205,0.181,0.215,9.0,-0.1,-4.9,0.2,-0.3,,,0
133,2020,Kevin Cron,ARI,8,20,0,0,0,0,0.05,0.35,0.0,0.0,0.0,0.15,0.0,0.108,0.206,-43.0,0.0,-3.7,-0.7,-0.3,,,0
134,2020,Edward Olivares,2 Tms,31,101,3,9,10,0,0.04,0.248,0.135,0.29,0.24,0.267,0.375,0.275,0.286,70.0,-0.7,-4.5,-3.4,-0.4,,,0
135,2020,Tim Lopes,SEA,46,151,2,16,15,5,0.04,0.225,0.126,0.299,0.238,0.278,0.364,0.279,0.276,79.0,1.4,-2.6,-6.8,-0.4,,,0
136,2020,Eli White,TEX,19,52,0,5,3,1,0.058,0.308,0.042,0.273,0.188,0.231,0.229,0.207,0.262,24.0,-0.8,-5.6,-0.2,-0.4,,,0
137,2020,Nick Solak,TEX,58,233,2,27,23,7,0.077,0.18,0.077,0.32,0.268,0.326,0.344,0.297,0.318,86.0,0.9,-3.1,-9.6,-0.4,,,0
138,2020,Jesús Sánchez,MIA,10,29,0,1,2,0,0.138,0.379,0.04,0.071,0.04,0.172,0.08,0.139,0.246,-18.0,0.0,-4.4,-0.6,-0.4,,,1
139,2020,Brendan Rodgers,COL,7,21,0,1,2,0,0.0,0.286,0.048,0.133,0.095,0.095,0.143,0.101,0.124,-60.0,0.0,-4.3,-0.8,-0.4,1.0,1.0,1
140,2020,Joseph Odom,SEA,18,44,0,2,2,0,0.091,0.455,0.0,0.263,0.128,0.209,0.128,0.168,0.178,2.0,-0.4,-5.7,-0.4,-0.4,,,0
141,2020,Kyle Garlick,PHI,12,23,0,0,3,0,0.0,0.304,0.045,0.2,0.136,0.174,0.182,0.162,0.234,-7.0,-0.2,-3.3,-1.8,-0.4,,,0
142,2020,Luis García Jr.,WSN,40,139,2,18,16,1,0.036,0.209,0.09,0.34,0.276,0.302,0.366,0.291,0.296,79.0,-0.4,-4.2,-4.2,-0.4,1.0,,0
143,2020,Abraham Toro,HOU,33,97,3,13,9,1,0.031,0.237,0.126,0.164,0.149,0.237,0.276,0.234,0.284,43.0,0.1,-6.6,-1.6,-0.4,,,0
144,2020,Sherten Apostel,TEX,7,21,0,1,0,0,0.048,0.429,0.05,0.182,0.1,0.143,0.15,0.134,0.153,-25.0,0.0,-3.3,-2.5,-0.5,,,0
145,2020,Jose Barrero,CIN,24,68,0,4,2,1,0.015,0.382,0.0,0.317,0.194,0.206,0.194,0.179,0.223,-1.0,-0.1,-8.9,0.8,-0.5,,,0
146,2020,Reese McGuire,TOR,19,45,1,2,1,0,0.0,0.244,0.073,0.069,0.073,0.073,0.146,0.091,0.126,-59.0,0.0,-8.8,0.5,-0.7,,,0
147,2020,Jo Adell,LAA,38,132,3,9,7,0,0.053,0.417,0.105,0.258,0.161,0.212,0.266,0.212,0.229,26.0,-0.3,-12.3,-6.9,-1.4,1.0,1.0,1
1,2021,Randy Arozarena,TBR,141,604,20,94,69,20,0.093,0.281,0.185,0.363,0.274,0.356,0.459,0.35,0.304,127.0,1.7,21.8,-3.2,3.9,1.0,,1
2,2021,Jonathan India,CIN,150,631,21,98,69,12,0.113,0.223,0.19,0.326,0.269,0.376,0.459,0.363,0.352,122.0,-0.3,17.2,-4.3,3.4,1.0,,0
3,2021,Adolis García,TEX,149,622,31,77,90,16,0.051,0.312,0.212,0.306,0.243,0.286,0.454,0.314,0.299,99.0,0.1,-1.0,8.6,2.9,,,0
4,2021,Dylan Carlson,STL,149,619,18,79,65,2,0.092,0.246,0.172,0.332,0.266,0.343,0.437,0.336,0.322,111.0,0.0,9.0,-5.9,2.4,1.0,1.0,1
5,2021,Wander Franco,TBR,70,308,7,53,39,2,0.078,0.12,0.174,0.311,0.288,0.347,0.463,0.348,0.329,126.0,3.0,12.8,0.1,2.4,1.0,1.0,1
6,2021,Patrick Wisdom,CHC,106,375,28,54,61,4,0.085,0.408,0.287,0.318,0.231,0.305,0.518,0.346,0.321,117.0,-0.4,7.7,2.8,2.3,,,0
7,2021,Chas McCormick,HOU,108,320,14,47,50,4,0.078,0.325,0.19,0.341,0.257,0.319,0.447,0.327,0.311,108.0,-1.2,1.9,8.3,2.1,,,0
8,2021,Edmundo Sosa,STL,113,326,6,39,27,4,0.052,0.193,0.118,0.326,0.271,0.346,0.389,0.322,0.32,102.0,0.4,1.4,7.7,2.0,,,0
9,2021,Frank Schwindel,2 Tms,64,259,14,44,43,2,0.062,0.158,0.264,0.348,0.326,0.371,0.591,0.403,0.332,154.0,-0.9,17.0,-6.2,2.0,,,0
10,2021,LaMonte Wade Jr.,SFG,109,381,18,52,56,6,0.087,0.234,0.229,0.289,0.253,0.326,0.482,0.343,0.344,118.0,-0.4,8.1,-2.0,1.9,,,0
11,2021,Ke'Bryan Hayes,PIT,96,396,6,49,38,9,0.078,0.22,0.116,0.321,0.257,0.316,0.373,0.301,0.294,85.0,1.9,-5.4,10.8,1.9,1.0,1.0,1
12,2021,Daulton Varsho,ARI,95,315,11,41,38,6,0.095,0.213,0.19,0.286,0.246,0.318,0.437,0.322,0.323,100.0,2.9,2.9,4.7,1.8,1.0,,0
13,2021,Jazz Chisholm Jr.,MIA,124,507,18,70,53,23,0.067,0.286,0.177,0.319,0.248,0.303,0.425,0.312,0.307,94.0,5.0,0.8,0.3,1.8,1.0,,1
14,2021,Tyler Stephenson,CIN,132,402,10,56,45,0,0.102,0.187,0.146,0.333,0.286,0.366,0.431,0.346,0.324,111.0,-2.0,3.6,0.7,1.8,1.0,,0
15,2021,Akil Baddoo,DET,124,461,13,60,55,18,0.098,0.265,0.177,0.335,0.259,0.33,0.436,0.329,0.309,108.0,2.5,7.2,-6.1,1.7,,,0
16,2021,Tyrone Taylor,MIL,93,271,12,33,43,6,0.074,0.218,0.21,0.277,0.247,0.321,0.457,0.333,0.314,107.0,2.0,4.4,-0.2,1.3,,,0
17,2021,Nick Madrigal,CHW,54,215,2,30,21,1,0.051,0.079,0.12,0.324,0.305,0.349,0.425,0.335,0.289,112.0,1.3,4.4,0.9,1.3,1.0,,1
18,2021,Brendan Rodgers,COL,102,415,15,49,51,0,0.046,0.202,0.186,0.328,0.284,0.328,0.47,0.341,0.311,98.0,0.1,-0.9,-0.7,1.2,1.0,1.0,1
19,2021,Ryan Jeffers,MIN,85,293,14,28,35,0,0.075,0.369,0.202,0.269,0.199,0.27,0.401,0.289,0.299,83.0,-1.3,-7.3,9.5,1.2,,,0
20,2021,Seth Brown,OAK,111,307,20,43,48,4,0.075,0.29,0.267,0.23,0.214,0.274,0.48,0.315,0.318,104.0,-1.4,0.0,1.6,1.2,,,0
21,2021,Thairo Estrada,SFG,52,132,7,19,22,1,0.068,0.174,0.207,0.286,0.273,0.333,0.479,0.346,0.313,119.0,0.7,3.9,3.4,1.2,,,0
22,2021,Andy Ibáñez,TEX,76,272,7,31,25,0,0.055,0.129,0.158,0.297,0.277,0.321,0.435,0.325,0.32,106.0,-1.2,0.7,1.2,1.1,,,0
23,2021,Jake Fraley,SEA,78,265,9,27,36,10,0.174,0.268,0.159,0.265,0.21,0.352,0.369,0.322,0.335,109.0,1.7,4.5,-2.6,1.1,,,0
24,2021,Jake Meyers,HOU,49,163,6,22,28,3,0.061,0.307,0.178,0.352,0.26,0.323,0.438,0.328,0.321,109.0,0.7,2.6,2.5,1.1,,,0
25,2021,Ramón Urías,BAL,85,296,7,33,38,1,0.095,0.257,0.134,0.369,0.279,0.361,0.412,0.341,0.344,115.0,-0.8,4.5,-4.1,1.1,,,0
26,2021,Eric Haase,DET,98,381,22,48,61,2,0.068,0.312,0.228,0.278,0.231,0.286,0.459,0.316,0.322,100.0,-0.2,-0.3,-2.3,1.0,,,0
27,2021,Jake Rogers,DET,38,127,6,17,17,1,0.087,0.362,0.257,0.344,0.239,0.306,0.496,0.339,0.298,115.0,0.9,3.2,1.9,0.9,,,0
28,2021,Sergio Alcántara,CHC,89,255,5,30,17,3,0.118,0.29,0.123,0.28,0.205,0.303,0.327,0.279,0.275,73.0,1.0,-7.7,8.5,0.9,,,0
29,2021,Bryan De La Cruz,MIA,58,219,5,17,19,1,0.082,0.242,0.131,0.38,0.296,0.356,0.427,0.339,0.301,111.0,-0.6,2.4,-0.4,0.9,,,0
30,2021,Jesús Sánchez,MIA,64,251,14,27,36,0,0.08,0.311,0.238,0.316,0.251,0.319,0.489,0.339,0.333,111.0,-1.4,2.1,-1.3,0.9,,,1
31,2021,Lane Thomas,2 Tms,77,264,7,35,28,6,0.14,0.239,0.177,0.293,0.235,0.341,0.412,0.328,0.322,104.0,0.6,1.9,-1.7,0.9,,,0
32,2021,Connor Joe,COL,63,211,8,23,35,0,0.123,0.194,0.184,0.323,0.285,0.379,0.469,0.366,0.37,114.0,-0.3,3.6,-1.7,0.9,,,0
33,2021,Ryan Mountcastle,BAL,144,586,33,77,89,4,0.07,0.275,0.232,0.297,0.255,0.309,0.487,0.335,0.326,111.0,-0.4,7.4,-19.1,0.8,1.0,,0
34,2021,Tres Barrera,WSN,30,107,2,8,10,0,0.112,0.206,0.121,0.328,0.264,0.374,0.385,0.333,0.311,107.0,-0.3,0.7,3.5,0.8,,,0
35,2021,Yu Chang,CLE,89,251,9,32,39,1,0.044,0.275,0.198,0.281,0.228,0.267,0.426,0.294,0.282,87.0,1.9,-2.0,1.0,0.8,,,0
36,2021,Pavin Smith,ARI,145,545,11,68,49,1,0.077,0.194,0.137,0.319,0.267,0.328,0.404,0.318,0.317,98.0,-2.1,-3.8,-7.1,0.7,1.0,,0
37,2021,Alejandro Kirk,TOR,60,189,8,19,24,0,0.101,0.116,0.194,0.234,0.242,0.328,0.436,0.33,0.373,106.0,-0.7,0.6,0.3,0.7,,,0
38,2021,Jonah Heim,TEX,82,285,10,22,32,3,0.053,0.204,0.162,0.21,0.196,0.239,0.358,0.256,0.285,59.0,0.2,-14.0,11.6,0.7,,,0
39,2021,Derek Hill,DET,49,150,3,19,14,6,0.067,0.28,0.129,0.351,0.259,0.313,0.388,0.305,0.289,93.0,1.4,0.0,1.9,0.7,,,0
40,2021,Andrés Giménez,CLE,68,210,5,23,16,11,0.052,0.257,0.133,0.273,0.218,0.282,0.351,0.277,0.268,76.0,1.9,-4.2,3.9,0.7,1.0,,0
41,2021,Jose Siri,HOU,21,49,4,10,9,3,0.02,0.347,0.304,0.4,0.304,0.347,0.609,0.401,0.378,158.0,0.8,4.3,0.0,0.6,,,0
42,2021,Brandon Marsh,LAA,70,260,2,27,19,6,0.077,0.35,0.102,0.403,0.254,0.317,0.356,0.296,0.324,85.0,1.8,-3.1,0.0,0.6,1.0,,1
43,2021,Jack Mayfield,2 Tms,87,290,10,30,39,5,0.059,0.234,0.169,0.254,0.218,0.272,0.387,0.284,0.25,78.0,0.1,-7.8,3.7,0.6,,,0
44,2021,Lars Nootbaar,STL,58,124,5,15,15,2,0.105,0.226,0.183,0.273,0.239,0.317,0.422,0.316,0.286,99.0,0.7,0.5,0.9,0.6,,,0
45,2021,Matt Vierling,PHI,34,77,2,11,6,2,0.052,0.26,0.155,0.42,0.324,0.364,0.479,0.356,0.32,122.0,0.8,2.9,-0.1,0.5,,,0
46,2021,Keibert Ruiz,2 Tms,29,96,3,10,15,0,0.063,0.094,0.136,0.276,0.273,0.333,0.409,0.325,0.307,102.0,-0.6,-0.4,2.4,0.5,1.0,,1
47,2021,Kyle Isbel,KCR,28,83,1,16,7,2,0.084,0.277,0.158,0.385,0.276,0.337,0.434,0.333,0.251,107.0,1.6,2.4,-0.1,0.5,,,0
48,2021,Gavin Sheets,CHW,54,179,11,23,34,0,0.089,0.223,0.256,0.264,0.25,0.324,0.506,0.352,0.337,123.0,-1.1,4.0,-5.4,0.5,,,0
49,2021,Bobby Dalbec,BOS,133,453,25,50,78,2,0.062,0.344,0.254,0.316,0.24,0.298,0.494,0.334,0.344,106.0,-0.1,3.2,-14.1,0.5,1.0,,0
50,2021,Taylor Walls,TBR,54,176,1,15,15,4,0.131,0.278,0.086,0.304,0.211,0.314,0.296,0.279,0.28,79.0,0.7,-3.8,1.8,0.4,,,0
51,2021,Dom Nuñez,COL,81,263,10,31,33,0,0.129,0.346,0.211,0.258,0.189,0.293,0.399,0.294,0.261,68.0,-0.2,-11.0,6.0,0.4,,,0
52,2021,Estevan Florial,NYY,11,25,1,3,2,1,0.2,0.24,0.25,0.385,0.3,0.44,0.55,0.423,0.323,175.0,0.3,2.5,0.4,0.4,1.0,,0
53,2021,Jorge Mateo,2 Tms,89,209,4,19,14,10,0.043,0.263,0.129,0.324,0.247,0.293,0.376,0.291,0.287,83.0,1.5,-3.0,-0.2,0.4,1.0,,0
54,2021,Ha-Seong Kim,SDP,117,298,8,27,34,6,0.074,0.238,0.15,0.241,0.202,0.27,0.352,0.27,0.265,71.0,0.5,-10.4,4.1,0.4,,,0
55,2021,Ernie Clement,CLE,40,133,3,16,9,0,0.053,0.143,0.107,0.253,0.231,0.285,0.339,0.275,0.289,74.0,-0.2,-4.4,3.4,0.4,,,0
56,2021,Webster Rivas,SDP,24,77,2,8,4,0,0.104,0.208,0.118,0.26,0.221,0.303,0.338,0.286,0.257,82.0,-0.3,-2.1,3.0,0.3,,,0
57,2021,Kyle Garlick,MIN,36,107,5,17,10,1,0.056,0.299,0.232,0.286,0.232,0.28,0.465,0.314,0.345,100.0,0.4,0.4,-0.7,0.3,,,0
58,2021,Bobby Bradley,CLE,74,279,16,36,41,0,0.09,0.355,0.237,0.263,0.208,0.294,0.445,0.314,0.331,101.0,-0.9,-0.6,-5.7,0.3,1.0,,0
59,2021,Jake McCarthy,ARI,24,70,2,11,4,3,0.114,0.329,0.153,0.324,0.22,0.333,0.373,0.315,0.255,96.0,0.1,-0.3,1.2,0.3,,,0
60,2021,Yonathan Daza,COL,107,331,2,26,30,2,0.063,0.181,0.073,0.346,0.282,0.332,0.355,0.304,0.286,74.0,-0.2,-11.2,3.3,0.3,,,0
61,2021,Jake Burger,CHW,15,42,1,5,3,0,0.095,0.357,0.211,0.409,0.263,0.333,0.474,0.344,0.351,118.0,0.2,1.2,0.5,0.3,,,0
62,2021,Anthony Alford,PIT,49,148,5,14,11,5,0.081,0.392,0.173,0.371,0.233,0.311,0.406,0.31,0.289,91.0,-1.4,-3.1,1.2,0.3,1.0,,1
63,2021,Ben Rortvedt,MIN,39,98,3,8,7,0,0.061,0.296,0.112,0.211,0.169,0.229,0.281,0.227,0.267,41.0,-0.1,-7.2,6.7,0.3,,,0
64,2021,Nick Gordon,MIN,73,216,4,19,23,10,0.056,0.255,0.115,0.31,0.24,0.292,0.355,0.283,0.318,79.0,2.2,-3.3,-1.4,0.3,1.0,,0
65,2021,Alex Kirilloff,MIN,59,231,8,23,34,1,0.061,0.225,0.172,0.295,0.251,0.299,0.423,0.307,0.366,95.0,-1.3,-2.8,-2.6,0.3,1.0,1.0,1
66,2021,Yadiel Hernandez,WSN,112,289,9,33,32,3,0.076,0.204,0.14,0.318,0.273,0.329,0.413,0.32,0.312,99.0,-0.1,-0.5,-6.7,0.2,,,0
67,2021,Michael Hermosillo,CHC,16,38,3,5,7,0,0.026,0.316,0.306,0.19,0.194,0.237,0.5,0.307,0.324,92.0,0.0,-0.4,1.4,0.2,,,0
68,2021,Breyvic Valera,TOR,39,97,1,10,15,1,0.082,0.124,0.103,0.28,0.253,0.313,0.356,0.293,0.284,81.0,-0.1,-2.4,1.2,0.2,,,0
69,2021,Geraldo Perdomo,ARI,11,37,0,5,1,0,0.162,0.162,0.161,0.32,0.258,0.378,0.419,0.331,0.283,106.0,0.3,0.6,0.2,0.2,1.0,,0
70,2021,Luis González,CHW,6,11,0,2,0,0,0.273,0.182,0.25,0.333,0.25,0.455,0.5,0.414,0.339,165.0,0.0,0.9,0.8,0.2,,,0
71,2021,Yonny Hernández,TEX,43,166,0,15,6,11,0.102,0.193,0.035,0.277,0.217,0.315,0.252,0.265,0.297,65.0,2.2,-4.9,1.2,0.2,,,0
72,2021,Nick Fortes,MIA,14,34,4,6,7,1,0.088,0.235,0.387,0.263,0.29,0.353,0.677,0.426,0.371,168.0,0.3,3.2,-2.6,0.2,,,0
73,2021,Trevor Larnach,MIN,79,301,7,29,28,1,0.103,0.346,0.127,0.338,0.223,0.322,0.35,0.3,0.306,91.0,-2.2,-5.6,-3.0,0.2,1.0,,1
74,2021,Alfonso Rivas III,CHC,18,49,1,7,3,0,0.082,0.327,0.091,0.481,0.318,0.388,0.409,0.353,0.289,121.0,-0.2,1.1,-1.1,0.2,,,0
75,2021,Max Schrock,CIN,53,134,3,19,14,1,0.06,0.179,0.16,0.333,0.288,0.328,0.448,0.329,0.293,100.0,-0.5,-0.5,-2.3,0.2,,,0
76,2021,Nick Maton,PHI,52,131,2,16,14,2,0.076,0.298,0.128,0.364,0.256,0.323,0.385,0.309,0.281,91.0,0.5,-1.0,-1.9,0.2,,,0
77,2021,DJ Peters,2 Tms,70,240,13,29,38,2,0.05,0.342,0.224,0.237,0.197,0.242,0.422,0.272,0.273,70.0,1.1,-7.6,0.9,0.2,,,0
78,2021,Connor Wong,BOS,6,14,0,3,1,0,0.071,0.5,0.231,0.667,0.308,0.357,0.538,0.376,0.325,134.0,0.0,0.6,0.4,0.1,,,0
79,2021,Lewin Díaz,MIA,40,128,8,16,13,0,0.047,0.258,0.246,0.21,0.205,0.242,0.451,0.288,0.294,78.0,-0.1,-3.7,0.9,0.1,,,0
80,2021,TJ Friedl,CIN,14,36,1,9,2,0,0.111,0.056,0.129,0.276,0.29,0.361,0.419,0.338,0.301,106.0,0.1,0.3,-0.1,0.1,,,0
81,2021,Seth Beer,ARI,5,10,1,4,3,0,0.1,0.3,0.444,0.6,0.444,0.5,0.889,0.57,0.471,261.0,0.0,2.1,-1.0,0.1,,,0
82,2021,Jo Adell,LAA,35,140,4,17,26,2,0.057,0.229,0.162,0.298,0.246,0.295,0.408,0.303,0.312,89.0,-0.5,-2.3,-1.1,0.1,1.0,1.0,1
83,2021,Josh Lowe,TBR,2,2,0,0,0,1,0.5,0.0,0.0,1.0,1.0,1.0,1.0,0.785,0.443,422.0,0.2,1.0,0.1,0.1,,,0
84,2021,Austin Allen,OAK,4,8,1,2,1,0,0.0,0.375,0.375,0.25,0.25,0.25,0.625,0.361,0.26,135.0,0.0,0.3,0.5,0.1,,,0
85,2021,Luke Williams,PHI,58,108,1,8,6,2,0.093,0.213,0.071,0.311,0.245,0.315,0.316,0.283,0.266,75.0,-0.1,-3.6,1.1,0.1,,,0
86,2021,Jose Barrero,CIN,21,56,0,4,3,1,0.054,0.304,0.12,0.303,0.2,0.286,0.32,0.271,0.238,62.0,0.5,-2.2,1.5,0.1,,,0
87,2021,Ryan McKenna,BAL,90,197,2,20,14,1,0.122,0.376,0.083,0.312,0.183,0.292,0.266,0.259,0.281,59.0,1.8,-8.1,2.4,0.1,,,0
88,2021,Hoy Park,2 Tms,45,150,3,16,14,1,0.12,0.253,0.141,0.25,0.195,0.297,0.336,0.279,0.292,71.0,0.5,-5.0,1.0,0.1,,,0
89,2021,Andy Burns,LAD,9,15,0,2,0,0,0.2,0.067,0.091,0.3,0.273,0.467,0.364,0.386,0.401,144.0,-0.1,0.7,-0.3,0.1,,,0
90,2021,Yermín Mercedes,CHW,68,262,7,26,37,0,0.076,0.176,0.133,0.309,0.271,0.328,0.404,0.317,0.313,100.0,-1.4,-1.4,-6.6,0.1,,,0
91,2021,Oneil Cruz,PIT,2,9,1,2,3,0,0.0,0.444,0.333,0.5,0.333,0.333,0.667,0.418,0.377,161.0,0.0,0.7,-0.3,0.1,1.0,,1
92,2021,Jonathan Araúz,BOS,28,75,3,9,8,0,0.107,0.2,0.185,0.191,0.185,0.274,0.369,0.282,0.27,71.0,0.4,-2.3,0.5,0.1,,,0
93,2021,Payton Henry,MIA,5,16,0,0,0,0,0.063,0.313,0.067,0.4,0.267,0.313,0.333,0.286,0.331,76.0,0.0,-0.5,0.6,0.1,,,0
94,2021,Luis Barrera,OAK,6,8,0,1,0,0,0.0,0.25,0.0,0.333,0.25,0.25,0.25,0.22,0.238,39.0,0.0,-0.5,0.9,0.1,,,0
95,2021,Jakson Reetz,WSN,2,2,0,1,0,0,0.0,0.0,0.5,0.5,0.5,0.5,1.0,0.621,0.383,294.0,0.0,0.5,0.0,0.1,,,0
96,2021,Alex De Goti,HOU,2,7,0,2,1,0,0.143,0.286,0.0,0.5,0.333,0.429,0.333,0.35,0.284,124.0,0.0,0.2,0.0,0.0,,,0
97,2021,Tyler Nevin,BAL,6,18,1,3,3,0,0.222,0.278,0.357,0.375,0.286,0.444,0.643,0.452,0.335,190.0,-0.2,1.8,-2.0,0.0,,,0
98,2021,Mario Feliciano,MIL,1,1,0,1,0,0,1.0,0.0,0.0,0.0,0.0,1.0,0.0,0.692,0.692,340.0,0.1,0.4,0.0,0.0,,,0
99,2021,Ivan Castillo,SDP,3,4,0,0,1,0,0.25,0.0,0.0,0.333,0.333,0.5,0.333,0.393,0.308,151.0,0.0,0.3,0.0,0.0,,,0
100,2021,Riley Adams,2 Tms,47,120,2,13,10,0,0.125,0.333,0.162,0.351,0.222,0.358,0.384,0.332,0.317,106.0,0.2,1.2,-4.9,0.0,,,0
101,2021,Brian Miller,MIA,5,11,0,1,0,0,0.0,0.273,0.0,0.375,0.273,0.273,0.273,0.24,0.23,46.0,0.0,-0.8,0.7,0.0,,,0
102,2021,Kelvin Gutiérrez,2 Tms,85,295,3,23,20,0,0.064,0.258,0.085,0.311,0.232,0.292,0.316,0.27,0.263,66.0,0.3,-11.9,2.1,0.0,,,0
103,2021,Erick Castillo,CHC,4,9,0,0,0,0,0.111,0.111,0.0,0.286,0.25,0.333,0.25,0.272,0.188,69.0,-0.1,-0.4,0.3,0.0,,,0
104,2021,Ali Sánchez,STL,2,4,0,0,0,0,0.0,0.0,0.5,0.5,0.5,0.5,1.0,0.621,0.51,297.0,-0.9,0.1,-0.1,0.0,,,0
105,2021,Monte Harrison,MIA,9,11,0,0,0,0,0.0,0.273,0.1,0.286,0.2,0.2,0.3,0.212,0.205,28.0,-0.2,-1.2,1.0,0.0,1.0,,0
106,2021,Chadwick Tromp,SFG,9,18,1,1,2,0,0.0,0.222,0.167,0.231,0.222,0.222,0.389,0.258,0.204,62.0,-0.2,-1.0,0.5,0.0,,,0
107,2021,Isaac Paredes,DET,23,85,1,7,5,0,0.118,0.129,0.111,0.226,0.208,0.306,0.319,0.274,0.282,71.0,-1.5,-4.5,1.6,0.0,,,0
108,2021,John Andreoli,SDP,7,7,0,2,0,0,0.143,0.429,0.167,0.333,0.167,0.286,0.333,0.276,0.335,75.0,0.1,-0.2,0.0,0.0,,,0
109,2021,Jack Kruger,LAA,1,0,0,0,0,0,0.0,0.0,0.0,0.0,0.0,0.0,0.0,0.0,,,0.0,0.0,0.0,0.0,,,0
110,2021,Joey Bart,SFG,2,6,0,1,1,0,0.0,0.333,0.0,0.5,0.333,0.333,0.333,0.293,0.322,85.0,0.0,-0.1,-0.2,0.0,1.0,1.0,1
111,2021,Nick Ciuffo,BAL,2,6,0,0,0,0,0.167,0.167,0.2,0.25,0.2,0.333,0.4,0.322,0.262,102.0,0.1,0.1,-0.4,0.0,,,0
112,2021,Corey Ray,MIL,1,3,0,1,0,0,0.333,0.333,0.0,0.0,0.0,0.333,0.0,0.231,0.356,41.0,0.0,-0.2,0.0,0.0,1.0,,1
113,2021,Brian O'Grady,SDP,32,61,2,8,9,0,0.131,0.279,0.176,0.182,0.157,0.267,0.333,0.265,0.293,68.0,0.0,-2.5,0.2,0.0,,,0
114,2021,Romy Gonzalez,CHW,10,33,0,4,2,0,0.03,0.333,0.094,0.381,0.25,0.273,0.344,0.267,0.265,66.0,0.2,-1.2,-0.2,0.0,,,0
115,2021,Tucupita Marcano,SDP,25,50,0,7,3,0,0.12,0.18,0.023,0.229,0.182,0.28,0.205,0.231,0.287,46.0,-0.1,-3.5,1.6,0.0,,,0
116,2021,Otto Lopez,TOR,1,1,0,0,0,0,0.0,1.0,0.0,0.0,0.0,0.0,0.0,0.0,0.0,-100.0,0.0,-0.3,0.0,0.0,,,0
117,2021,Cody Wilson,WSN,1,1,0,0,0,0,0.0,0.0,0.0,0.0,0.0,0.0,0.0,0.0,0.011,-100.0,0.0,-0.3,0.0,0.0,,,0
118,2021,Anthony Bemboom,LAA,8,28,0,2,2,0,0.036,0.357,0.0,0.353,0.222,0.25,0.222,0.213,0.197,29.0,0.1,-2.3,1.1,0.0,,,0
119,2021,Luis Marté,MIA,4,7,0,2,0,0,0.143,0.286,0.0,0.25,0.167,0.286,0.167,0.224,0.227,36.0,0.0,-0.5,0.0,0.0,,,0
120,2021,Jacob Wilson,2 Tms,12,21,0,3,1,0,0.048,0.143,0.15,0.176,0.15,0.19,0.3,0.209,0.224,29.0,0.2,-1.6,0.6,0.0,,,1
121,2021,Wilfredo Tovar,NYM,6,12,0,0,1,0,0.083,0.333,0.0,0.286,0.182,0.25,0.182,0.204,0.241,28.0,0.0,-1.1,0.4,0.0,,,0
122,2021,Braden Bishop,SEA,8,5,0,1,0,0,0.0,0.4,0.0,0.5,0.25,0.25,0.25,0.22,0.149,39.0,0.0,-0.4,-0.1,0.0,,,0
123,2021,Daniel Johnson,CLE,30,81,4,9,5,1,0.049,0.333,0.156,0.283,0.221,0.259,0.377,0.274,0.27,74.0,0.2,-2.4,-0.7,0.0,,,0
124,2021,Tyler Payne,CHC,1,2,0,0,0,0,0.0,1.0,0.0,0.0,0.0,0.0,0.0,0.0,0.0,-100.0,0.0,-0.5,0.1,0.0,,,0
125,2021,Joseph Odom,TBR,2,2,0,0,0,0,0.0,0.5,0.0,0.0,0.0,0.0,0.0,0.0,0.098,-100.0,0.0,-0.5,0.0,0.0,,,0
126,2021,Rodolfo Castro,PIT,31,93,5,9,8,0,0.065,0.29,0.198,0.222,0.198,0.258,0.395,0.281,0.292,73.0,-0.1,-3.3,-0.2,0.0,,,0
127,2021,Emmanuel Rivera,KCR,29,98,1,13,5,2,0.082,0.214,0.078,0.324,0.256,0.316,0.333,0.289,0.317,78.0,0.7,-2.0,-1.8,0.0,,,0
128,2021,Kevin Padlo,2 Tms,10,15,0,1,0,0,0.133,0.6,0.077,0.25,0.077,0.2,0.154,0.175,0.171,10.0,0.0,-1.7,0.7,0.0,,,0
129,2021,Ronnie Dawson,HOU,3,6,0,2,0,0,0.167,0.0,0.0,0.2,0.2,0.333,0.2,0.262,0.29,64.0,-0.2,-0.5,-0.2,0.0,,,0
130,2021,Hunter Owen,PIT,3,5,0,0,0,0,0.0,0.6,0.0,0.0,0.0,0.2,0.0,0.144,0.188,-17.0,0.0,-0.7,0.0,-0.1,,,0
131,2021,Sean Kazmar Jr.,ATL,3,2,0,0,0,0,0.0,0.0,0.0,0.0,0.0,0.0,0.0,0.0,0.124,-100.0,0.0,-0.5,-0.1,-0.1,,,0
132,2021,Johneshwy Fargas,2 Tms,22,54,0,4,5,1,0.019,0.278,0.135,0.351,0.25,0.264,0.385,0.275,0.209,73.0,-0.4,-2.2,-0.2,-0.1,,,0
133,2021,Seby Zavala,CHW,37,104,5,15,15,0,0.058,0.394,0.194,0.255,0.183,0.24,0.376,0.265,0.219,65.0,0.2,-4.3,0.1,-0.1,,,0
134,2021,Taylor Jones,HOU,35,108,2,11,16,0,0.037,0.269,0.157,0.315,0.245,0.269,0.402,0.283,0.249,79.0,-0.6,-3.5,-0.8,-0.1,,,0
135,2021,Eli White,TEX,64,220,6,26,15,4,0.082,0.3,0.131,0.23,0.177,0.259,0.308,0.253,0.249,57.0,0.3,-11.2,3.0,-0.1,,,0
136,2021,Yohel Pozo,TEX,21,77,1,8,9,0,0.039,0.13,0.095,0.317,0.284,0.312,0.378,0.3,0.3,89.0,-0.4,-1.5,-1.9,-0.1,,,0
137,2021,Taylor Trammell,SEA,51,178,8,23,18,2,0.096,0.421,0.199,0.233,0.16,0.256,0.359,0.27,0.233,73.0,-0.3,-6.2,-0.6,-0.1,1.0,1.0,1
138,2021,Rafael Marchán,PHI,20,56,1,7,4,0,0.071,0.179,0.115,0.268,0.231,0.286,0.346,0.277,0.278,70.0,-0.2,-2.3,-0.4,-0.1,,,0
139,2021,Jaylin Davis,SFG,5,9,0,1,0,0,0.0,0.111,0.111,0.125,0.111,0.111,0.222,0.138,0.128,-16.0,0.0,-1.3,0.3,-0.1,,,0
140,2021,Cal Raleigh,SEA,47,148,2,6,13,0,0.047,0.351,0.129,0.267,0.18,0.223,0.309,0.231,0.227,46.0,0.0,-9.7,3.8,-0.1,,,0
141,2021,Trey Amburgey,NYY,2,4,0,0,0,0,0.0,0.5,0.0,0.0,0.0,0.0,0.0,0.0,0.028,-100.0,0.0,-1.0,0.1,-0.1,,,0
142,2021,Daz Cameron,DET,35,115,4,16,13,6,0.087,0.33,0.165,0.262,0.194,0.278,0.359,0.281,0.284,76.0,2.2,-1.2,-3.6,-0.1,,,0
143,2021,Ryan Dorow,TEX,3,7,0,0,0,0,0.143,0.429,0.0,0.0,0.0,0.143,0.0,0.099,0.175,-47.0,0.0,-1.3,0.1,-0.1,,,0
144,2021,Stuart Fairchild,ARI,12,17,0,3,2,0,0.059,0.176,0.067,0.167,0.133,0.235,0.2,0.208,0.278,26.0,0.0,-1.6,0.1,-0.1,,,0
145,2021,Jack López,BOS,7,16,0,2,0,0,0.063,0.375,0.154,0.286,0.154,0.214,0.308,0.227,0.152,34.0,0.0,-1.3,-0.1,-0.1,,,0
146,2021,Taylor Gushue,CHC,2,4,0,0,0,0,0.0,0.75,0.0,0.0,0.0,0.0,0.0,0.0,0.005,-100.0,0.0,-1.1,0.0,-0.1,,,0
147,2021,Scott Hurst,STL,7,5,0,0,0,0,0.0,0.2,0.0,0.0,0.0,0.0,0.0,0.0,0.153,-100.0,0.2,-1.1,0.0,-0.1,,,0
148,2021,William Contreras,ATL,52,185,8,19,23,0,0.103,0.292,0.184,0.265,0.215,0.303,0.399,0.303,0.32,87.0,-0.7,-3.8,-3.5,-0.1,,,0
149,2021,Ryan Vilade,COL,3,7,0,0,0,0,0.143,0.143,0.0,0.0,0.0,0.143,0.0,0.099,0.331,-59.0,0.0,-1.4,0.0,-0.1,,,0
150,2021,Dillon Thomas,SEA,4,9,0,2,2,0,0.0,0.778,0.0,0.5,0.111,0.111,0.111,0.098,0.101,-43.0,0.2,-1.3,-0.2,-0.1,,,0
151,2021,José Devers,MIA,21,46,0,7,5,0,0.065,0.239,0.073,0.323,0.244,0.304,0.317,0.276,0.284,70.0,0.4,-1.4,-1.4,-0.1,,,0
152,2021,Travis Blankenhorn,2 Tms,24,24,1,4,4,0,0.042,0.333,0.217,0.214,0.174,0.208,0.391,0.253,,59.0,0.0,-1.2,-0.9,-0.1,,,0
153,2021,Jacob Nottingham,2 Tms,15,45,3,5,6,0,0.044,0.444,0.25,0.167,0.15,0.222,0.4,0.263,0.246,66.0,-0.2,-2.1,-0.8,-0.1,,,0
154,2021,Edward Olivares,KCR,39,111,5,14,12,2,0.045,0.171,0.168,0.244,0.238,0.291,0.406,0.301,0.297,86.0,-0.3,-2.3,-2.9,-0.1,,,0
155,2021,Zach McKinstry,LAD,60,172,7,19,29,1,0.058,0.291,0.19,0.262,0.215,0.263,0.405,0.282,0.272,77.0,-0.1,-5.2,-2.0,-0.1,,,0
156,2021,Troy Stokes Jr.,PIT,8,20,0,2,2,1,0.05,0.25,0.056,0.154,0.111,0.2,0.167,0.177,0.232,4.0,0.2,-2.2,0.1,-0.2,,,0
157,2021,Garrett Stubbs,HOU,18,38,0,2,3,0,0.053,0.184,0.059,0.222,0.176,0.222,0.235,0.205,0.212,26.0,0.2,-3.3,0.4,-0.2,,,0
158,2021,Eddy Alvarez,MIA,24,74,1,8,6,1,0.054,0.243,0.141,0.244,0.188,0.297,0.328,0.277,0.327,71.0,1.0,-1.8,-2.2,-0.2,,,0
159,2021,Joshua Palacios,TOR,13,42,0,7,4,0,0.071,0.262,0.0,0.28,0.2,0.293,0.2,0.236,0.302,42.0,0.3,-2.7,-0.3,-0.2,,,0
160,2021,Scott Heineman,CIN,19,34,2,5,3,0,0.088,0.441,0.2,0.077,0.1,0.206,0.3,0.226,0.205,33.0,0.0,-2.9,0.1,-0.2,,,0
161,2021,Jacob Robson,DET,4,7,0,1,0,0,0.0,0.571,0.0,0.0,0.0,0.0,0.0,0.0,0.134,-100.0,-0.1,-2.0,0.1,-0.2,,,0
162,2021,Anderson Tejeda,TEX,5,17,0,1,0,1,0.059,0.588,0.0,0.167,0.063,0.118,0.063,0.092,0.114,-51.0,0.2,-3.0,0.7,-0.2,,,0
163,2021,Chris Gittens,NYY,16,44,1,1,5,0,0.159,0.295,0.083,0.13,0.111,0.25,0.194,0.216,0.302,34.0,0.0,-3.6,0.2,-0.2,,,0
164,2021,Zach Reks,LAD,6,10,0,2,0,0,0.0,0.7,0.0,0.0,0.0,0.0,0.0,0.0,0.075,-100.0,0.0,-2.6,0.3,-0.2,,,0
165,2021,Andrew Vaughn,CHW,127,469,15,56,48,1,0.087,0.215,0.161,0.271,0.235,0.309,0.396,0.306,0.332,93.0,-2.6,-6.9,-11.2,-0.2,1.0,1.0,1
166,2021,Trent Giambrone,CHC,5,13,0,0,0,0,0.0,0.308,0.0,0.222,0.154,0.154,0.154,0.135,0.113,-20.0,0.0,-2.0,-0.5,-0.2,,,0
167,2021,Henry Ramos,ARI,18,55,1,5,8,0,0.073,0.218,0.1,0.237,0.2,0.255,0.3,0.244,0.261,49.0,0.3,-3.2,-0.7,-0.2,,,0
168,2021,Andrew Young,ARI,58,104,6,13,15,0,0.058,0.433,0.275,0.317,0.209,0.298,0.484,0.332,0.312,106.0,0.2,1.0,-6.7,-0.2,,,0
169,2021,Jose Rojas,LAA,61,184,6,26,15,2,0.082,0.272,0.19,0.259,0.208,0.277,0.399,0.292,0.293,82.0,-1.2,-5.3,-3.4,-0.2,,,0
170,2021,Alejo Lopez,CIN,14,23,0,3,0,0,0.0,0.217,0.0,0.333,0.261,0.261,0.261,0.229,0.245,35.0,-0.2,-2.1,-1.1,-0.2,,,0
171,2021,Leody Taveras,TEX,49,185,3,14,9,10,0.049,0.324,0.109,0.225,0.161,0.207,0.27,0.209,0.246,28.0,2.6,-13.8,5.1,-0.2,1.0,,1
172,2021,Brent Rooker,MIN,58,213,9,25,16,0,0.07,0.329,0.196,0.264,0.201,0.291,0.397,0.301,0.341,91.0,0.4,-2.0,-7.8,-0.2,,,0
173,2021,Patrick Mazeika,NYM,37,87,1,6,6,0,0.046,0.207,0.076,0.23,0.19,0.253,0.266,0.228,0.231,44.0,0.2,-6.0,0.5,-0.3,,,0
174,2021,Andrew Velazquez,NYY,28,68,1,11,6,4,0.015,0.338,0.134,0.326,0.224,0.235,0.358,0.252,0.256,59.0,0.5,-2.9,-2.1,-0.3,,,0
175,2021,José Godoy,SEA,16,40,0,2,3,0,0.075,0.35,0.027,0.261,0.162,0.225,0.189,0.193,0.186,21.0,0.0,-3.8,-0.3,-0.3,,,0
176,2021,Sam Haggerty,SEA,35,94,2,15,5,5,0.064,0.298,0.105,0.25,0.186,0.247,0.291,0.24,0.285,52.0,0.8,-4.6,-1.4,-0.3,,,0
177,2021,P.J. Higgins,CHC,9,25,0,1,0,0,0.08,0.32,0.0,0.067,0.043,0.12,0.043,0.09,0.164,-49.0,-0.1,-4.9,1.1,-0.3,,,0
178,2021,Kevin Smith,TOR,18,36,1,2,1,0,0.083,0.306,0.094,0.1,0.094,0.194,0.188,0.182,0.246,6.0,-0.1,-4.2,-0.1,-0.3,,,0
179,2021,Mickey Moniak,PHI,21,37,1,3,3,0,0.081,0.432,0.091,0.125,0.091,0.167,0.182,0.147,0.19,-14.0,0.3,-5.1,0.8,-0.3,1.0,1.0,1
180,2021,Sebastián Rivero,KCR,17,44,0,1,3,0,0.068,0.341,0.05,0.28,0.175,0.25,0.225,0.22,0.238,31.0,-0.1,-3.8,-0.9,-0.3,,,0
181,2021,Nick Heath,ARI,20,39,0,3,1,0,0.103,0.385,0.029,0.25,0.143,0.231,0.171,0.18,0.209,8.0,-0.9,-5.5,1.0,-0.3,,,0
182,2021,Mark Payton,CIN,24,24,0,2,0,0,0.083,0.292,0.0,0.267,0.182,0.25,0.182,0.204,0.272,19.0,-0.6,-3.1,-0.9,-0.3,,,0
183,2021,Jake Hager,2 Tms,14,30,0,2,2,0,0.133,0.467,0.0,0.25,0.115,0.233,0.115,0.18,0.232,9.0,-0.1,-3.6,-0.7,-0.3,,,0
184,2021,Luke Raley,LAD,33,72,2,5,4,0,0.028,0.347,0.106,0.256,0.182,0.25,0.288,0.236,0.302,47.0,0.1,-4.8,-0.9,-0.3,,,0
185,2021,Greg Deichmann,CHC,14,31,0,0,1,0,0.032,0.452,0.0,0.25,0.133,0.161,0.133,0.136,0.174,-20.0,0.0,-4.8,0.3,-0.3,,,0
186,2021,Jason Martin,TEX,58,154,6,14,17,3,0.052,0.266,0.146,0.245,0.208,0.248,0.354,0.26,0.28,62.0,0.0,-7.3,-1.5,-0.3,,,0
187,2021,Donovan Walton,SEA,24,69,2,6,7,1,0.058,0.217,0.159,0.239,0.206,0.254,0.365,0.267,0.269,71.0,0.2,-2.2,-3.6,-0.4,,,0
188,2021,Colton Welker,COL,19,40,0,7,2,0,0.075,0.275,0.027,0.269,0.189,0.25,0.216,0.215,0.297,16.0,-0.3,-4.6,-0.3,-0.4,1.0,,0
189,2021,Jarren Duran,BOS,33,112,2,17,10,2,0.036,0.357,0.121,0.318,0.215,0.241,0.336,0.247,0.25,48.0,0.5,-6.7,-0.8,-0.4,,,0
190,2021,Luis Campusano,SDP,11,38,0,0,1,0,0.105,0.289,0.0,0.13,0.088,0.184,0.088,0.142,0.246,-12.0,-0.9,-6.3,1.4,-0.4,1.0,,1
191,2021,Jared Oliva,PIT,20,43,0,4,2,2,0.07,0.233,0.05,0.233,0.175,0.233,0.225,0.197,0.214,17.0,0.4,-4.1,-1.1,-0.4,,,0
192,2021,Alan Trejo,COL,28,50,1,7,3,0,0.06,0.3,0.109,0.29,0.217,0.26,0.326,0.245,0.278,36.0,-0.9,-5.0,-0.5,-0.4,,,0
193,2021,Wyatt Mathisen,ARI,23,51,1,3,8,0,0.098,0.412,0.071,0.19,0.119,0.255,0.19,0.219,0.27,33.0,0.1,-4.2,-1.6,-0.4,,,0
194,2021,Vimael Machín,OAK,15,37,0,1,1,0,0.081,0.27,0.0,0.182,0.125,0.2,0.125,0.16,0.19,-1.0,-0.1,-4.7,-0.8,-0.4,,,0
195,2021,Sheldon Neuse,LAD,33,66,3,6,4,1,0.015,0.394,0.154,0.222,0.169,0.182,0.323,0.214,0.249,32.0,-0.7,-6.4,-0.1,-0.4,,,0
196,2021,Aramis Garcia,OAK,32,94,3,8,7,0,0.011,0.298,0.114,0.263,0.205,0.239,0.318,0.244,0.229,56.0,-1.0,-6.1,-1.5,-0.4,,,0
197,2021,Khalil Lee,NYM,11,18,0,2,1,0,0.0,0.722,0.056,0.2,0.056,0.056,0.111,0.069,0.068,-60.0,0.0,-3.7,-1.3,-0.4,,,0
198,2021,Jason Vosler,SFG,41,82,3,12,9,2,0.085,0.256,0.178,0.2,0.178,0.256,0.356,0.261,0.296,64.0,-0.4,-4.2,-3.0,-0.4,,,0
199,2021,Vidal Bruján,TBR,10,26,0,3,2,1,0.0,0.308,0.0,0.111,0.077,0.077,0.077,0.068,0.175,-63.0,0.3,-4.9,-0.5,-0.5,1.0,,1
200,2021,Edwin Ríos,LAD,25,60,1,4,1,0,0.117,0.3,0.059,0.094,0.078,0.217,0.137,0.182,0.256,12.0,-0.2,-7.0,0.3,-0.5,,,0
201,2021,Alex Jackson,2 Tms,52,151,3,13,12,0,0.086,0.483,0.099,0.273,0.137,0.252,0.237,0.227,0.222,37.0,0.2,-11.8,2.1,-0.5,,,0
202,2021,Will Craig,PIT,18,65,1,5,3,0,0.077,0.338,0.083,0.324,0.217,0.277,0.3,0.251,0.226,53.0,-0.2,-4.1,-2.9,-0.5,,,0
203,2021,Jarred Kelenic,SEA,93,377,14,41,43,6,0.095,0.281,0.169,0.216,0.181,0.265,0.35,0.27,0.314,73.0,0.1,-12.3,-5.8,-0.5,1.0,1.0,1
204,2021,Kean Wong,LAA,32,66,0,3,6,0,0.03,0.258,0.067,0.233,0.167,0.194,0.233,0.187,0.25,11.0,-0.7,-7.9,0.2,-0.5,,,0
205,2021,José Marmolejos,SEA,41,122,4,11,12,0,0.123,0.32,0.151,0.203,0.16,0.262,0.311,0.256,0.279,64.0,-0.7,-6.1,-3.8,-0.6,,,0
206,2021,Cristian Pache,ATL,22,68,1,6,4,0,0.029,0.368,0.095,0.162,0.111,0.152,0.206,0.159,0.192,-7.0,0.0,-9.3,1.0,-0.6,1.0,1.0,1
207,2021,Skye Bolt,2 Tms,34,60,1,5,4,2,0.017,0.25,0.07,0.098,0.088,0.103,0.158,0.113,0.204,-32.0,0.9,-8.8,0.7,-0.6,,,0
208,2021,Drew Ellis,ARI,28,83,1,10,5,0,0.12,0.325,0.072,0.195,0.13,0.277,0.203,0.23,0.229,40.0,0.2,-6.1,-3.1,-0.6,,,0
209,2021,Gilberto Celestino,MIN,23,62,2,7,3,0,0.048,0.226,0.153,0.14,0.136,0.177,0.288,0.201,0.241,23.0,-0.9,-6.7,-1.9,-0.7,,,0
210,2021,Justin Williams,STL,51,137,4,10,11,0,0.124,0.336,0.101,0.217,0.16,0.27,0.261,0.229,0.316,42.0,-0.6,-10.7,-0.5,-0.7,,,0
211,2021,John Nogowski,2 Tms,52,143,1,14,14,0,0.084,0.154,0.078,0.271,0.233,0.301,0.31,0.273,0.279,68.0,-2.1,-8.0,-3.6,-0.7,,,0
212,2021,Owen Miller,CLE,60,202,4,17,18,2,0.045,0.267,0.105,0.261,0.204,0.243,0.309,0.241,0.267,51.0,0.1,-12.0,-1.8,-0.7,,,0
213,2021,Phillip Evans,PIT,76,247,5,23,16,1,0.113,0.215,0.093,0.25,0.206,0.312,0.299,0.278,0.312,70.0,0.3,-9.0,-6.7,-0.7,,,0
214,2021,Curtis Terry,TEX,13,48,0,3,1,0,0.042,0.313,0.044,0.133,0.089,0.146,0.133,0.132,0.193,-24.0,0.1,-7.2,-1.9,-0.7,,,0
215,2021,Zack Short,DET,61,184,6,21,20,2,0.12,0.321,0.141,0.165,0.141,0.239,0.282,0.23,0.242,42.0,0.4,-12.8,-1.7,-0.8,,,0
216,2021,Jahmai Jones,BAL,26,72,0,5,3,1,0.056,0.361,0.045,0.244,0.149,0.208,0.194,0.186,0.195,10.0,0.5,-7.4,-3.7,-0.9,1.0,,0
217,2021,Robel García,HOU,47,117,1,8,8,0,0.068,0.359,0.057,0.234,0.151,0.216,0.208,0.194,0.224,19.0,-0.4,-12.1,-1.3,-0.9,,,0
218,2021,Domingo Leyba,2 Tms,34,96,1,6,4,0,0.083,0.24,0.046,0.143,0.115,0.198,0.161,0.172,0.236,2.0,-0.2,-11.9,-1.1,-1.0,,,0
219,2021,Andrew Knizner,STL,63,185,1,18,9,0,0.108,0.211,0.062,0.223,0.174,0.281,0.236,0.238,0.274,48.0,-0.7,-12.9,-3.1,-1.0,,,0
220,2021,Ka'ai Tom,2 Tms,48,133,2,10,12,1,0.128,0.271,0.093,0.178,0.139,0.278,0.231,0.239,0.289,45.0,-0.8,-9.9,-5.0,-1.0,,,0
221,2021,Zack Collins,CHW,78,231,4,25,26,1,0.147,0.299,0.128,0.303,0.21,0.33,0.338,0.3,0.323,89.0,-1.5,-4.7,-14.5,-1.1,1.0,,0
1,2022,Julio Rodríguez,SEA,132,560,28,84,75,25,0.071,0.259,0.225,0.345,0.284,0.345,0.509,0.366,0.337,148.0,3.6,33.5,3.9,5.8,1.0,1.0,1
2,2022,Adley Rutschman,BAL,113,470,13,70,42,4,0.138,0.183,0.191,0.291,0.254,0.362,0.445,0.354,0.342,135.0,1.4,19.9,13.1,5.0,1.0,1.0,1
3,2022,Michael Harris II,ATL,114,441,19,75,64,20,0.048,0.243,0.217,0.361,0.297,0.339,0.514,0.368,0.335,137.0,5.1,24.3,6.2,4.8,,,1
4,2022,Steven Kwan,CLE,147,638,6,89,52,19,0.097,0.094,0.101,0.323,0.298,0.373,0.4,0.341,0.312,125.0,6.0,23.9,0.8,4.7,,,0
5,2022,Jeremy Peña,HOU,136,558,22,72,63,11,0.039,0.242,0.173,0.298,0.253,0.289,0.426,0.309,0.304,102.0,2.2,3.8,10.1,3.3,,,1
6,2022,Brendan Donovan,STL,126,468,5,64,45,2,0.128,0.15,0.097,0.33,0.281,0.394,0.379,0.349,0.339,127.0,-2.4,12.4,-2.9,2.7,,,0
7,2022,Lars Nootbaar,STL,108,347,14,53,40,4,0.147,0.205,0.221,0.248,0.228,0.34,0.448,0.342,0.346,123.0,0.5,9.6,2.7,2.5,,,0
8,2022,Bobby Witt Jr.,KCR,150,632,20,82,80,30,0.047,0.214,0.174,0.295,0.254,0.294,0.428,0.311,0.313,98.0,7.2,5.7,-3.5,2.3,1.0,1.0,1
9,2022,Jake McCarthy,ARI,99,354,8,53,43,23,0.065,0.215,0.143,0.349,0.283,0.342,0.427,0.337,0.298,116.0,6.7,13.3,-4.3,2.2,,,0
10,2022,Seby Zavala,CHW,61,205,2,22,21,0,0.093,0.312,0.112,0.404,0.27,0.347,0.382,0.323,0.283,111.0,-1.9,0.6,12.0,2.0,,,0
11,2022,Seiya Suzuki,CHC,111,446,14,54,46,9,0.094,0.247,0.171,0.326,0.262,0.336,0.433,0.334,0.326,118.0,-0.4,9.1,-5.9,1.9,,,0
12,2022,Jose Siri,2 Tms,104,325,7,53,24,14,0.062,0.332,0.126,0.305,0.213,0.268,0.339,0.268,0.261,75.0,3.6,-5.6,12.5,1.8,,,0
13,2022,Joey Meneses,WSN,56,240,13,33,34,1,0.063,0.217,0.239,0.371,0.324,0.367,0.563,0.395,0.332,158.0,-1.3,14.9,-6.5,1.7,,,0
14,2022,Christopher Morel,CHC,113,425,16,55,47,10,0.089,0.322,0.198,0.32,0.235,0.308,0.433,0.322,0.321,110.0,1.8,6.9,-5.6,1.7,,,0
15,2022,Keibert Ruiz,WSN,112,433,7,33,36,6,0.069,0.115,0.109,0.271,0.251,0.313,0.36,0.299,0.328,92.0,-0.1,-4.1,3.9,1.5,1.0,,1
16,2022,Vinnie Pasquantino,KCR,72,298,10,25,26,1,0.117,0.114,0.155,0.306,0.295,0.383,0.45,0.365,0.374,136.0,-2.1,9.9,-5.8,1.4,,,0
17,2022,Oscar Gonzalez,CLE,91,382,11,39,43,1,0.039,0.196,0.166,0.345,0.296,0.327,0.461,0.339,0.32,123.0,-0.4,9.7,-8.4,1.4,,,0
18,2022,Oneil Cruz,PIT,87,361,17,45,54,10,0.078,0.349,0.218,0.317,0.233,0.294,0.45,0.32,0.301,104.0,3.4,4.9,-4.0,1.4,1.0,,1
19,2022,Jose Miranda,MIN,125,483,15,45,66,1,0.058,0.188,0.158,0.307,0.268,0.325,0.426,0.329,0.317,116.0,-1.5,7.0,-9.0,1.4,,,0
20,2022,Corbin Carroll,ARI,32,115,4,13,14,2,0.07,0.27,0.24,0.333,0.26,0.33,0.5,0.358,0.293,130.0,1.5,5.5,3.7,1.4,1.0,1.0,1
21,2022,Oswaldo Cabrera,NYY,44,171,6,21,19,3,0.088,0.257,0.182,0.305,0.247,0.312,0.429,0.322,0.287,110.0,0.3,2.2,4.9,1.3,,,0
22,2022,Bryson Stott,PHI,127,466,10,58,49,12,0.077,0.191,0.124,0.274,0.234,0.295,0.358,0.289,0.284,84.0,2.7,-5.8,2.2,1.3,1.0,,1
23,2022,Nick Fortes,MIA,72,240,9,41,24,5,0.075,0.188,0.161,0.252,0.23,0.304,0.392,0.308,0.317,95.0,-0.4,-1.7,5.5,1.3,,,0
24,2022,Emmanuel Rivera,2 Tms,102,359,12,46,40,1,0.064,0.231,0.176,0.275,0.233,0.292,0.409,0.306,0.31,95.0,-1.0,-3.1,3.2,1.2,,,0
25,2022,Jack Suwinski,PIT,106,372,19,45,38,4,0.11,0.306,0.209,0.242,0.202,0.298,0.411,0.311,0.307,97.0,-0.2,-1.3,-0.1,1.2,,,0
26,2022,Riley Greene,DET,93,418,5,46,42,1,0.086,0.287,0.109,0.354,0.253,0.321,0.362,0.303,0.316,98.0,-0.7,-1.9,-1.8,1.0,1.0,1.0,1
27,2022,Sean Bouchard,COL,27,97,3,9,11,0,0.216,0.258,0.203,0.404,0.297,0.454,0.5,0.417,0.36,159.0,0.0,6.7,-1.3,0.9,,,0
28,2022,David Villar,SFG,52,181,9,21,24,0,0.099,0.32,0.224,0.3,0.231,0.331,0.455,0.344,0.283,124.0,-1.0,4.1,-1.7,0.9,,,0
29,2022,Rodolfo Castro,PIT,71,278,11,25,27,5,0.079,0.266,0.194,0.284,0.233,0.299,0.427,0.315,0.28,100.0,0.5,0.6,-1.8,0.9,,,0
30,2022,Gunnar Henderson,BAL,34,132,4,12,18,1,0.121,0.258,0.181,0.333,0.259,0.348,0.44,0.343,0.338,128.0,-0.3,3.8,-0.1,0.8,,,1
31,2022,Nate Eaton,KCR,44,122,1,16,12,11,0.082,0.246,0.123,0.346,0.264,0.331,0.387,0.313,0.297,100.0,3.1,3.0,0.6,0.8,,,0
32,2022,Garrett Mitchell,MIL,28,68,2,9,9,8,0.088,0.412,0.148,0.548,0.311,0.373,0.459,0.365,0.266,136.0,1.8,4.6,0.5,0.8,1.0,,0
33,2022,Gabriel Moreno,TOR,25,73,1,10,7,0,0.055,0.11,0.058,0.35,0.319,0.356,0.377,0.326,0.299,114.0,-0.2,1.0,4.2,0.8,1.0,1.0,1
34,2022,Alek Thomas,ARI,113,411,8,45,39,4,0.054,0.18,0.113,0.263,0.231,0.275,0.344,0.272,0.277,71.0,2.0,-11.6,4.7,0.8,1.0,1.0,1
35,2022,Vaughn Grissom,ATL,41,156,5,24,18,5,0.071,0.218,0.149,0.35,0.291,0.353,0.44,0.345,0.326,122.0,1.3,5.3,-3.5,0.8,,,0
36,2022,José Azocar,SDP,98,216,0,24,10,5,0.056,0.204,0.074,0.327,0.257,0.298,0.332,0.278,0.272,81.0,-0.6,-5.3,4.4,0.7,,,0
37,2022,Garrett Stubbs,PHI,50,121,5,19,16,2,0.116,0.248,0.198,0.324,0.264,0.35,0.462,0.355,0.275,129.0,0.6,4.7,-2.3,0.7,,,0
38,2022,Livan Soto,LAA,18,59,1,9,9,1,0.034,0.22,0.182,0.5,0.4,0.414,0.582,0.424,0.281,181.0,0.4,5.8,-1.2,0.7,,,0
39,2022,Tyler Heineman,2 Tms,62,174,0,16,9,1,0.046,0.098,0.051,0.243,0.217,0.276,0.268,0.248,0.273,55.0,-1.1,-10.2,10.7,0.7,,,0
40,2022,TJ Friedl,CIN,72,258,8,33,25,7,0.078,0.155,0.196,0.251,0.24,0.314,0.436,0.323,0.283,102.0,0.6,1.1,-3.7,0.7,,,0
41,2022,Charles Leblanc,MIA,48,169,4,18,11,4,0.071,0.314,0.141,0.374,0.263,0.32,0.404,0.318,0.285,102.0,0.4,0.8,-0.6,0.6,,,0
42,2022,Alex Call,2 Tms,47,131,5,18,13,3,0.115,0.229,0.175,0.278,0.237,0.336,0.412,0.332,0.281,115.0,-0.1,2.1,-0.8,0.6,,,0
43,2022,Brian Serven,COL,62,205,6,19,16,0,0.063,0.215,0.128,0.232,0.203,0.261,0.332,0.263,0.254,54.0,-0.9,-11.9,10.4,0.6,,,0
44,2022,Oswald Peraza,NYY,18,57,1,8,2,2,0.105,0.158,0.122,0.359,0.306,0.404,0.429,0.371,0.343,145.0,0.4,3.2,0.4,0.6,,,1
45,2022,Mark Mathias,2 Tms,30,91,6,13,20,3,0.099,0.33,0.259,0.304,0.247,0.319,0.506,0.353,0.298,132.0,0.2,3.5,-1.0,0.6,,,0
46,2022,Nick Maton,PHI,35,85,5,13,17,0,0.118,0.341,0.264,0.325,0.25,0.341,0.514,0.364,0.306,135.0,0.1,3.6,-1.1,0.6,,,0
47,2022,Luis González,SFG,98,350,4,31,36,10,0.086,0.214,0.106,0.316,0.254,0.323,0.36,0.302,0.268,95.0,1.3,-0.5,-6.2,0.6,,,0
48,2022,Conner Capel,2 Tms,22,59,3,7,11,1,0.085,0.169,0.212,0.317,0.308,0.356,0.519,0.371,0.336,147.0,-0.1,3.0,0.1,0.5,,,0
49,2022,Jason Vosler,SFG,36,111,4,14,12,1,0.09,0.261,0.204,0.333,0.265,0.342,0.469,0.349,0.312,128.0,0.0,3.6,-2.3,0.5,,,0
50,2022,Nick Allen,OAK,100,326,4,31,19,3,0.058,0.196,0.084,0.25,0.207,0.256,0.291,0.245,0.238,59.0,0.7,-14.3,9.0,0.5,,,0
51,2022,Stuart Fairchild,3 Tms,46,110,5,14,6,0,0.073,0.309,0.216,0.328,0.247,0.336,0.464,0.35,0.317,122.0,-1.4,1.3,-0.3,0.5,,,0
52,2022,Darick Hall,PHI,42,142,9,19,16,0,0.035,0.31,0.272,0.301,0.25,0.282,0.522,0.343,0.312,121.0,0.1,3.5,-3.8,0.5,,,0
53,2022,Royce Lewis,MIN,12,41,2,5,5,0,0.024,0.122,0.25,0.303,0.3,0.317,0.55,0.37,0.319,145.0,0.1,2.1,1.1,0.5,1.0,1.0,1
54,2022,Stone Garrett,ARI,27,84,4,13,10,3,0.036,0.321,0.263,0.37,0.276,0.309,0.539,0.36,0.268,131.0,0.1,3.2,-1.5,0.5,,,0
55,2022,Kerry Carpenter,DET,31,113,6,16,10,0,0.053,0.283,0.233,0.303,0.252,0.31,0.485,0.342,0.294,125.0,-0.1,3.1,-2.3,0.5,,,0
56,2022,Drew Waters,KCR,32,109,5,14,18,0,0.11,0.367,0.24,0.353,0.24,0.324,0.479,0.347,0.296,123.0,0.3,3.2,-2.3,0.5,1.0,,1
57,2022,James Outman,LAD,4,16,1,6,3,0,0.125,0.438,0.385,1.0,0.462,0.563,0.846,0.584,0.319,288.0,0.3,3.8,-0.1,0.4,,,0
58,2022,Kyle Isbel,KCR,106,278,5,32,28,9,0.058,0.27,0.129,0.275,0.211,0.264,0.34,0.265,0.266,66.0,-0.2,-10.9,6.3,0.4,,,0
59,2022,Alan Trejo,COL,35,125,4,15,17,1,0.04,0.248,0.153,0.337,0.271,0.312,0.424,0.321,0.291,94.0,-0.6,-1.5,1.3,0.4,,,0
60,2022,Triston Casas,BOS,27,95,5,11,12,1,0.2,0.242,0.211,0.208,0.197,0.358,0.408,0.344,0.325,120.0,-0.1,2.0,-1.0,0.4,1.0,1.0,1
61,2022,Will Brennan,CLE,11,45,1,6,8,2,0.044,0.089,0.143,0.378,0.357,0.4,0.5,0.385,0.324,156.0,0.5,3.4,-0.9,0.4,,,0
62,2022,Joey Bart,SFG,97,291,11,34,25,2,0.089,0.385,0.149,0.326,0.215,0.296,0.364,0.294,0.296,90.0,-1.7,-4.9,-1.6,0.4,1.0,1.0,1
63,2022,Gilberto Celestino,MIN,122,347,2,30,24,4,0.092,0.222,0.064,0.31,0.238,0.313,0.302,0.28,0.27,81.0,-1.9,-9.4,1.8,0.4,,,0
64,2022,Jake Burger,CHW,51,183,8,20,26,0,0.055,0.306,0.208,0.324,0.25,0.302,0.458,0.327,0.318,113.0,0.0,2.6,-5.0,0.4,,,0
65,2022,P.J. Higgins,CHC,74,229,6,23,30,0,0.096,0.253,0.154,0.29,0.229,0.31,0.383,0.306,0.264,99.0,-0.1,-0.3,-4.3,0.3,,,0
66,2022,David Hensley,HOU,16,34,1,7,5,0,0.147,0.176,0.241,0.409,0.345,0.441,0.586,0.44,0.349,195.0,0.0,3.6,-1.6,0.3,,,0
67,2022,Sam Huff,TEX,44,132,4,9,10,1,0.083,0.318,0.132,0.333,0.24,0.303,0.372,0.296,0.294,92.0,0.3,-0.9,-0.3,0.3,1.0,,0
68,2022,Luis Barrera,OAK,32,85,1,3,7,3,0.071,0.2,0.104,0.283,0.234,0.294,0.338,0.28,0.257,85.0,1.0,-0.5,0.6,0.3,,,0
69,2022,Dalton Guthrie,PHI,14,28,1,3,5,1,0.214,0.25,0.143,0.462,0.333,0.5,0.476,0.437,0.363,185.0,0.1,2.9,-1.1,0.3,,,0
70,2022,Ji Hwan Bae,PIT,10,37,0,5,6,3,0.054,0.162,0.091,0.407,0.333,0.405,0.424,0.37,0.28,137.0,1.0,2.6,-1.3,0.3,,,0
71,2022,Geraldo Perdomo,ARI,148,500,5,58,40,9,0.1,0.206,0.067,0.243,0.195,0.285,0.262,0.253,0.269,59.0,2.2,-21.8,7.1,0.3,1.0,,0
72,2022,Michael Massey,KCR,52,194,4,16,17,3,0.046,0.237,0.133,0.304,0.243,0.307,0.376,0.302,0.332,91.0,0.2,-1.7,-2.2,0.2,,,0
73,2022,Bubba Thompson,TEX,55,181,1,18,9,18,0.039,0.309,0.047,0.389,0.265,0.302,0.312,0.274,0.203,76.0,3.2,-1.6,-1.8,0.2,,,0
74,2022,Monte Harrison,LAA,9,14,1,5,3,1,0.143,0.571,0.273,0.5,0.182,0.357,0.455,0.361,0.282,136.0,0.3,0.9,0.8,0.2,1.0,,0
75,2022,Elehuris Montero,COL,53,185,6,21,20,0,0.043,0.324,0.199,0.318,0.233,0.27,0.432,0.303,0.26,81.0,0.2,-3.9,-0.4,0.2,,,0
76,2022,Joe Dunand,MIA,3,11,1,2,1,0,0.0,0.273,0.4,0.333,0.3,0.364,0.7,0.449,0.205,192.0,0.0,1.2,0.5,0.2,,,0
77,2022,Ezequiel Duran,TEX,58,220,5,25,25,4,0.055,0.245,0.13,0.295,0.236,0.277,0.365,0.282,0.256,82.0,-0.6,-5.2,0.1,0.2,,,0
78,2022,Dérmis Garcia,OAK,39,125,5,13,20,0,0.064,0.44,0.181,0.339,0.207,0.264,0.388,0.285,0.244,88.0,-0.3,-2.0,-0.1,0.2,,,0
79,2022,Chadwick Tromp,ATL,1,4,0,0,3,0,0.0,0.0,0.5,0.75,0.75,0.75,1.25,0.852,0.503,468.0,0.0,1.7,0.0,0.2,,,0
80,2022,Ryan Kreidler,DET,26,84,1,8,6,0,0.071,0.262,0.055,0.231,0.178,0.244,0.233,0.218,0.273,38.0,0.3,-5.6,4.7,0.2,,,0
81,2022,Matt Vierling,PHI,117,357,6,41,32,7,0.064,0.196,0.105,0.29,0.246,0.297,0.351,0.285,0.324,82.0,-0.4,-8.0,-2.6,0.2,,,0
82,2022,Nolan Jones,CLE,28,94,2,10,13,0,0.085,0.33,0.128,0.358,0.244,0.309,0.372,0.297,0.325,94.0,-0.8,-1.4,0.1,0.2,1.0,,0
83,2022,Jason Delay,PIT,57,167,1,17,11,0,0.054,0.299,0.058,0.308,0.213,0.265,0.271,0.243,0.23,50.0,-1.3,-10.9,6.7,0.2,,,0
84,2022,Jaylin Davis,BOS,12,27,0,4,2,0,0.111,0.407,0.042,0.615,0.333,0.407,0.375,0.352,0.272,126.0,-0.2,0.6,0.1,0.2,,,0
85,2022,Josh Lowe,TBR,52,198,2,24,13,3,0.076,0.333,0.122,0.336,0.221,0.284,0.343,0.276,0.272,81.0,1.8,-2.3,-2.4,0.2,,,0
86,2022,Nelson Velázquez,CHC,77,206,6,20,26,5,0.092,0.316,0.168,0.281,0.205,0.286,0.373,0.291,0.305,89.0,1.4,-1.2,-4.4,0.2,,,0
87,2022,Esteban Quiroz,CHC,14,47,0,3,3,1,0.085,0.191,0.0,0.355,0.275,0.37,0.275,0.303,0.29,97.0,-0.3,-0.5,0.4,0.2,,,0
88,2022,Kyle Stowers,BAL,34,98,3,11,11,0,0.051,0.296,0.165,0.339,0.253,0.306,0.418,0.316,0.337,109.0,0.0,0.9,-2.7,0.1,,,0
89,2022,Josh Jung,TEX,26,102,5,9,14,2,0.039,0.382,0.214,0.278,0.204,0.235,0.418,0.28,0.287,81.0,-0.1,-2.3,0.5,0.1,1.0,,1
90,2022,Buddy Kennedy,ARI,30,94,1,10,12,0,0.085,0.245,0.108,0.279,0.217,0.287,0.325,0.271,0.258,71.0,0.5,-2.6,0.7,0.1,,,0
91,2022,Otto Lopez,TOR,8,10,0,0,3,0,0.1,0.1,0.0,0.75,0.667,0.7,0.667,0.599,0.306,307.0,-0.4,1.9,-1.1,0.1,,,0
92,2022,Gosuke Katoh,TOR,8,11,0,2,0,0,0.273,0.091,0.143,0.167,0.143,0.4,0.286,0.333,0.344,119.0,0.2,0.4,0.3,0.1,,,0
93,2022,Skye Bolt,OAK,42,116,4,10,13,5,0.06,0.259,0.132,0.233,0.198,0.259,0.33,0.261,0.261,71.0,0.9,-2.8,0.2,0.1,,,0
94,2022,Luke Williams,2 Tms,79,136,1,21,6,11,0.066,0.324,0.079,0.354,0.236,0.287,0.315,0.265,0.233,66.0,0.1,-5.2,1.5,0.1,,,0
95,2022,Ben DeLuzio,STL,22,25,0,3,0,0,0.12,0.2,0.05,0.2,0.15,0.292,0.2,0.242,0.33,54.0,-0.2,-1.5,1.5,0.1,,,0
96,2022,Francisco Alvarez,NYM,5,14,1,3,1,0,0.143,0.286,0.333,0.143,0.167,0.286,0.5,0.336,0.421,121.0,0.0,0.4,-0.1,0.1,1.0,1.0,1
97,2022,Matt Wallner,MIN,18,65,2,4,10,1,0.092,0.385,0.158,0.367,0.228,0.323,0.386,0.311,0.245,103.0,0.1,0.3,-1.6,0.1,,,0
98,2022,Jared Young,CHC,6,22,0,2,0,1,0.136,0.318,0.105,0.417,0.263,0.364,0.368,0.329,0.316,115.0,0.0,0.3,-0.5,0.1,,,0
99,2022,Liover Peguero,PIT,1,4,0,0,0,0,0.25,0.5,0.0,1.0,0.333,0.5,0.333,0.393,0.297,153.0,0.0,0.2,0.2,0.1,,,0
100,2022,René Pinto,TBR,25,83,2,5,10,0,0.024,0.422,0.113,0.349,0.213,0.241,0.325,0.249,0.219,62.0,0.0,-3.5,1.5,0.1,,,0
101,2022,Mark Contreras,MIN,28,61,3,9,6,1,0.016,0.344,0.172,0.114,0.121,0.148,0.293,0.189,0.304,17.0,0.4,-5.3,3.9,0.1,,,0
102,2022,Maikel Garcia,KCR,9,23,0,1,2,0,0.043,0.217,0.045,0.412,0.318,0.348,0.364,0.315,0.242,101.0,-0.2,-0.2,0.0,0.1,,,0
103,2022,Terrin Vavra,BAL,40,103,1,14,12,0,0.117,0.184,0.079,0.31,0.258,0.34,0.337,0.303,0.321,100.0,-1.6,-1.6,-1.1,0.1,,,0
104,2022,Luke Raley,TBR,22,72,1,7,4,0,0.097,0.333,0.082,0.297,0.197,0.306,0.279,0.271,0.286,78.0,-0.3,-2.0,0.2,0.0,,,0
105,2022,Juan Yepez,STL,76,274,12,27,30,0,0.058,0.223,0.194,0.283,0.253,0.296,0.447,0.319,0.286,107.0,-2.1,0.2,-9.1,0.0,,,0
106,2022,Mario Feliciano,MIL,2,5,0,0,0,0,0.2,0.2,0.0,0.333,0.25,0.4,0.25,0.315,0.452,102.0,0.0,0.0,0.3,0.0,,,0
107,2022,Eguy Rosario,SDP,7,6,0,0,0,0,0.167,0.333,0.0,0.333,0.2,0.333,0.2,0.262,0.141,70.0,0.0,-0.2,0.5,0.0,,,0
108,2022,Vinny Capra,TOR,8,7,0,2,0,0,0.286,0.143,0.0,0.25,0.2,0.429,0.2,0.323,0.381,112.0,0.1,0.2,0.0,0.0,,,0
109,2022,Nolan Gorman,STL,89,313,14,44,35,1,0.089,0.329,0.194,0.301,0.226,0.3,0.42,0.316,0.341,105.0,-2.0,-0.3,-10.1,0.0,1.0,,1
110,2022,Brian O'Keefe,SEA,2,4,0,0,0,0,0.25,0.5,0.0,1.0,0.333,0.5,0.333,0.393,0.379,167.0,0.0,0.3,-0.1,0.0,,,0
111,2022,Khalil Lee,NYM,2,2,1,1,3,0,0.0,0.0,1.5,0.0,0.5,0.5,2.0,1.036,0.911,599.0,0.0,1.2,-0.9,0.0,,,0
112,2022,Jake Hager,ARI,28,59,0,4,3,0,0.136,0.288,0.04,0.364,0.24,0.345,0.28,0.291,0.247,84.0,0.0,-1.1,-0.6,0.0,,,0
113,2022,Kevin Smith,OAK,47,151,2,9,13,4,0.046,0.278,0.122,0.237,0.18,0.216,0.302,0.226,0.236,46.0,1.1,-8.1,3.6,0.0,,,0
114,2022,Patrick Mazeika,NYM,24,72,1,4,6,0,0.028,0.125,0.103,0.207,0.191,0.214,0.294,0.222,0.218,43.0,-0.2,-5.0,2.8,0.0,,,0
115,2022,Connor Wong,BOS,27,56,1,8,7,0,0.089,0.286,0.125,0.25,0.188,0.273,0.313,0.263,0.277,62.0,0.1,-2.3,0.8,0.0,,,0
116,2022,Terrance Gore,NYM,10,8,0,1,0,3,0.0,0.375,0.0,0.25,0.143,0.143,0.143,0.126,0.128,-23.0,0.6,-0.5,0.5,0.0,,,0
117,2022,Shea Langeliers,OAK,40,153,6,14,22,0,0.059,0.346,0.211,0.294,0.218,0.261,0.43,0.296,0.259,95.0,-0.3,-1.2,-3.5,0.0,1.0,,0
118,2022,Dairon Blanco,KCR,5,7,0,1,2,1,0.0,0.571,0.0,0.667,0.286,0.286,0.286,0.253,0.061,57.0,-0.4,-0.8,0.6,0.0,,,0
119,2022,Matthew Batten,SDP,15,22,0,0,1,0,0.091,0.273,0.053,0.154,0.105,0.227,0.158,0.193,0.258,23.0,-0.1,-2.0,1.3,0.0,,,0
120,2022,Mickey McDonald,OAK,4,6,0,0,0,0,0.333,0.5,0.0,0.0,0.0,0.333,0.0,0.23,0.298,49.0,0.0,-0.4,0.2,0.0,,,0
121,2022,Tyler Freeman,CLE,24,86,0,9,3,1,0.047,0.128,0.039,0.284,0.247,0.314,0.286,0.274,0.27,77.0,0.5,-1.7,-1.0,0.0,1.0,,0
122,2022,Marcus Wilson,SEA,3,6,0,1,0,0,0.167,0.667,0.0,1.0,0.2,0.333,0.2,0.262,0.265,74.0,0.0,-0.1,-0.1,0.0,,,0
123,2022,Wynton Bernard,COL,12,42,0,9,3,3,0.0,0.19,0.024,0.353,0.286,0.286,0.31,0.262,0.226,53.0,0.3,-2.0,0.5,0.0,,,0
124,2022,Mark Kolozsvary,CIN,10,21,1,3,3,0,0.048,0.429,0.25,0.3,0.2,0.238,0.45,0.294,0.236,82.0,0.2,-0.2,-0.6,0.0,,,0
125,2022,Alejo Lopez,CIN,61,156,1,15,10,3,0.058,0.135,0.069,0.301,0.262,0.314,0.331,0.286,0.28,76.0,-0.3,-4.6,-0.8,0.0,,,0
126,2022,Joe Perez,HOU,1,1,0,0,0,0,0.0,1.0,0.0,0.0,0.0,0.0,0.0,0.0,0.0,-100.0,0.0,-0.2,0.1,0.0,,,0
127,2022,Dillon Thomas,LAA,8,14,0,1,0,0,0.143,0.429,0.0,0.2,0.091,0.286,0.091,0.213,0.217,31.0,0.0,-1.1,0.5,0.0,,,0
128,2022,Yusniel Díaz,BAL,1,1,0,0,0,0,0.0,1.0,0.0,0.0,0.0,0.0,0.0,0.0,0.0,-100.0,0.0,-0.2,0.0,0.0,1.0,,0
129,2022,Taylor Jones,HOU,1,1,0,0,0,0,0.0,0.0,0.0,0.0,0.0,0.0,0.0,0.0,0.093,-100.0,0.0,-0.2,0.0,0.0,,,0
130,2022,Jason Krizan,SFG,3,10,0,0,0,0,0.2,0.3,0.0,0.2,0.125,0.3,0.125,0.226,0.251,44.0,0.0,-0.7,0.0,0.0,,,0
131,2022,Drew Jackson,OAK,3,3,0,0,0,0,0.0,0.333,0.0,0.0,0.0,0.0,0.0,0.0,0.06,-100.0,0.0,-0.7,0.3,0.0,,,0
132,2022,Nate Mondou,OAK,1,3,0,0,0,0,0.333,0.333,0.0,0.0,0.0,0.333,0.0,0.23,0.232,49.0,0.0,-0.2,-0.3,0.0,,,0
133,2022,Donny Sands,PHI,3,4,0,0,0,0,0.25,0.25,0.0,0.0,0.0,0.25,0.0,0.172,0.275,4.0,0.0,-0.4,-0.1,0.0,,,0
134,2022,Logan O'Hoppe,LAA,5,16,0,1,2,0,0.125,0.188,0.0,0.364,0.286,0.375,0.286,0.307,0.287,98.0,-0.3,-0.4,-0.5,0.0,,,0
135,2022,Jack Larsen,SEA,1,1,0,0,0,0,0.0,1.0,0.0,0.0,0.0,0.0,0.0,0.0,0.0,-100.0,0.0,-0.2,-0.3,0.0,,,0
136,2022,Payton Henry,MIA,15,35,0,2,4,0,0.143,0.229,0.0,0.2,0.143,0.314,0.143,0.241,0.279,49.0,0.0,-2.1,0.4,0.0,,,0
137,2022,Canaan Smith-Njigba,PIT,3,7,0,1,0,0,0.143,0.0,0.2,0.2,0.2,0.429,0.4,0.381,0.401,145.0,0.0,0.4,-1.1,-0.1,,,0
138,2022,Luis Campusano,SDP,16,50,1,4,5,0,0.02,0.22,0.083,0.297,0.25,0.26,0.333,0.257,0.258,67.0,0.0,-1.9,-0.3,-0.1,1.0,,1
139,2022,Símon Muzziotti,PHI,9,9,0,0,0,0,0.0,0.222,0.0,0.2,0.143,0.25,0.143,0.201,0.235,24.0,0.0,-0.8,0.0,-0.1,,,0
140,2022,Jonah Bride,OAK,58,187,1,17,6,1,0.102,0.171,0.043,0.246,0.204,0.301,0.247,0.257,0.282,68.0,-0.1,-6.8,0.4,-0.1,,,0
141,2022,Narciso Crook,CHC,4,9,0,1,2,0,0.0,0.333,0.125,0.333,0.25,0.222,0.375,0.238,0.254,53.0,-0.1,-0.6,-0.3,-0.1,,,0
142,2022,Jordan Groshans,MIA,17,65,1,9,2,0,0.062,0.2,0.049,0.319,0.262,0.308,0.311,0.278,0.263,75.0,-0.2,-2.1,-0.7,-0.1,1.0,,0
143,2022,Josh Smith,TEX,73,253,2,23,16,4,0.111,0.198,0.052,0.244,0.197,0.307,0.249,0.262,0.296,68.0,0.3,-9.0,0.3,-0.1,,,0
144,2022,Yainer Diaz,HOU,6,9,0,0,1,0,0.111,0.222,0.125,0.167,0.125,0.222,0.25,0.217,0.295,37.0,0.0,-0.7,-0.3,-0.1,,,0
145,2022,Carlos Pérez,CHW,7,18,0,0,2,0,0.0,0.111,0.111,0.25,0.222,0.222,0.333,0.238,0.234,50.0,0.0,-1.0,-0.3,-0.1,,,0
146,2022,Travis Blankenhorn,NYM,1,3,0,0,0,0,0.0,0.333,0.0,0.0,0.0,0.0,0.0,0.0,0.037,-100.0,0.0,-0.7,-0.1,-0.1,,,0
147,2022,Ford Proctor,SFG,7,22,1,3,6,0,0.091,0.136,0.167,0.063,0.111,0.182,0.278,0.197,0.302,24.0,0.0,-2.0,0.4,-0.1,,,0
148,2022,Ronnie Dawson,CIN,1,3,0,0,0,0,0.0,0.667,0.0,0.0,0.0,0.0,0.0,0.0,0.107,-100.0,0.0,-0.8,-0.1,-0.1,,,0
149,2022,Cody Thomas,OAK,10,32,0,1,0,0,0.063,0.375,0.0,0.444,0.267,0.313,0.267,0.264,0.247,73.0,-0.1,-1.0,-0.8,-0.1,,,0
150,2022,Spencer Steer,CIN,28,108,2,12,8,0,0.102,0.241,0.116,0.269,0.211,0.306,0.326,0.287,0.281,77.0,-0.3,-3.3,-1.3,-0.1,,,1
151,2022,Kramer Robertson,STL,2,1,0,0,1,0,0.0,0.0,0.0,0.0,0.0,0.0,0.0,0.0,0.194,-100.0,0.0,-0.2,-0.6,-0.1,,,0
152,2022,Michael Stefanic,LAA,25,69,0,5,0,0,0.072,0.174,0.033,0.245,0.197,0.279,0.23,0.239,0.266,50.0,-0.1,-4.0,0.8,-0.1,,,0
153,2022,Jarren Duran,BOS,58,223,3,23,17,7,0.063,0.283,0.142,0.302,0.221,0.283,0.363,0.284,0.286,77.0,2.2,-3.5,-4.6,-0.1,,,0
154,2022,Austin Allen,OAK,5,16,0,1,0,0,0.063,0.563,0.0,0.2,0.071,0.188,0.071,0.143,0.153,-12.0,-0.3,-2.3,0.8,-0.1,,,0
155,2022,Bryan Lavastida,CLE,6,15,0,0,0,0,0.2,0.267,0.0,0.125,0.083,0.267,0.083,0.197,0.221,23.0,0.0,-1.3,-0.2,-0.1,,,0
156,2022,Jerar Encarnacion,MIA,23,81,3,7,14,2,0.037,0.395,0.156,0.256,0.182,0.21,0.338,0.236,0.228,46.0,0.7,-4.4,0.6,-0.1,,,0
157,2022,Freddy Fermin,KCR,3,7,0,1,0,0,0.0,0.429,0.0,0.0,0.0,0.0,0.0,0.0,0.025,-100.0,-0.4,-2.1,0.9,-0.1,,,0
158,2022,Josh Lester,DET,2,5,0,0,0,0,0.0,0.6,0.0,0.0,0.0,0.0,0.0,0.0,0.187,-100.0,0.0,-1.2,0.0,-0.1,,,0
159,2022,Sebastián Rivero,KCR,17,29,0,2,1,0,0.069,0.345,0.0,0.25,0.154,0.214,0.154,0.175,0.221,2.0,0.0,-3.2,1.2,-0.1,,,0
160,2022,Alfonso Rivas III,CHC,101,287,3,27,25,6,0.101,0.303,0.072,0.344,0.235,0.322,0.307,0.285,0.284,85.0,1.4,-3.7,-7.3,-0.1,,,0
161,2022,Brett Baty,NYM,11,42,2,4,5,0,0.048,0.19,0.158,0.179,0.184,0.244,0.342,0.26,0.332,69.0,-0.9,-2.4,-0.2,-0.1,1.0,,1
162,2022,Nick Plummer,NYM,14,31,2,4,6,0,0.032,0.387,0.241,0.133,0.138,0.194,0.379,0.248,0.28,61.0,0.1,-1.3,-0.9,-0.1,,,0
163,2022,Brewer Hicklen,KCR,6,4,0,1,0,0,0.0,1.0,0.0,0.0,0.0,0.0,0.0,0.0,0.0,-100.0,-0.2,-1.2,-0.1,-0.1,,,0
164,2022,Steele Walker,TEX,5,16,1,1,1,0,0.125,0.25,0.214,0.0,0.071,0.188,0.286,0.216,0.317,35.0,0.0,-1.2,-0.6,-0.1,,,0
165,2022,Brendon Davis,DET,3,11,0,2,0,1,0.091,0.273,0.0,0.286,0.2,0.273,0.2,0.223,0.311,42.0,0.3,-0.5,-1.2,-0.1,,,0
166,2022,Luis Liberato,SDP,7,5,0,0,0,0,0.0,0.6,0.0,0.0,0.0,0.0,0.0,0.0,0.006,-100.0,0.0,-1.2,-0.3,-0.1,,,0
167,2022,Ezequiel Tovar,COL,9,35,1,2,2,0,0.057,0.257,0.121,0.261,0.212,0.257,0.333,0.261,0.3,52.0,-0.1,-2.0,-0.6,-0.2,,,1
168,2022,Travis Swaggerty,PIT,5,9,0,0,0,0,0.0,0.444,0.0,0.2,0.111,0.111,0.111,0.098,0.056,-48.0,0.0,-1.6,-0.2,-0.2,1.0,,0
169,2022,Bryce Johnson,SFG,11,19,0,1,2,0,0.053,0.368,0.0,0.182,0.111,0.158,0.111,0.129,0.183,-22.0,0.0,-2.7,0.6,-0.2,,,0
170,2022,Michael Toglia,COL,31,120,2,10,12,1,0.075,0.367,0.162,0.338,0.216,0.275,0.378,0.285,0.261,69.0,-0.4,-4.7,-1.0,-0.2,,,0
171,2022,Mark Payton,CHW,8,25,0,3,1,0,0.16,0.16,0.0,0.176,0.143,0.28,0.143,0.216,0.236,35.0,0.1,-1.7,-0.6,-0.2,,,0
172,2022,Caleb Hamilton,MIN,22,23,1,5,1,0,0.174,0.609,0.167,0.0,0.056,0.227,0.222,0.219,0.222,38.0,-0.1,-1.7,-0.6,-0.2,,,0
173,2022,Nick Pratto,KCR,49,182,7,18,20,0,0.104,0.363,0.203,0.25,0.184,0.271,0.386,0.287,0.267,81.0,-0.4,-4.4,-2.9,-0.2,,,0
174,2022,Cal Stevenson,OAK,23,71,0,5,1,1,0.113,0.324,0.05,0.263,0.167,0.261,0.217,0.224,0.277,45.0,0.1,-4.3,0.5,-0.2,,,0
175,2022,Gabriel Arias,CLE,16,57,1,9,5,1,0.14,0.281,0.128,0.267,0.191,0.321,0.319,0.294,0.29,92.0,0.3,-0.2,-3.3,-0.2,,,0
176,2022,Diego A. Castillo,PIT,96,283,11,28,29,1,0.049,0.265,0.176,0.239,0.206,0.251,0.382,0.272,0.292,71.0,-0.3,-9.8,-1.6,-0.2,,,0
177,2022,Tucupita Marcano,PIT,49,177,2,18,13,2,0.056,0.249,0.1,0.27,0.206,0.256,0.306,0.249,0.21,55.0,0.3,-9.0,1.2,-0.2,,,0
178,2022,José Godoy,2 Tms,10,22,0,3,1,0,0.091,0.409,0.0,0.091,0.05,0.136,0.05,0.103,0.158,-44.0,0.0,-3.7,1.2,-0.2,,,0
179,2022,J.J. Matijevic,HOU,32,71,2,7,5,1,0.028,0.352,0.119,0.3,0.209,0.254,0.328,0.258,0.259,66.0,0.1,-2.6,-1.4,-0.2,,,0
180,2022,Miles Mastrobuoni,TBR,8,17,0,1,0,1,0.059,0.353,0.0,0.3,0.188,0.235,0.188,0.196,0.191,25.0,0.2,-1.2,-1.1,-0.2,,,0
181,2022,Aaron Whitefield,LAA,5,11,0,0,0,0,0.0,0.455,0.0,0.0,0.0,0.0,0.0,0.0,0.189,-100.0,0.0,-2.7,0.6,-0.2,,,0
182,2022,Ryan Aguilar,LAA,7,26,0,2,2,0,0.077,0.538,0.045,0.333,0.136,0.231,0.182,0.197,0.204,20.0,-0.8,-3.1,0.5,-0.2,,,0
183,2022,Jonathan Aranda,TBR,32,87,2,10,6,0,0.092,0.264,0.128,0.245,0.192,0.276,0.321,0.264,0.279,73.0,0.4,-2.2,-2.4,-0.2,,,0
184,2022,Chris Okey,CIN,7,13,0,3,0,0,0.0,0.385,0.0,0.286,0.167,0.231,0.167,0.191,0.2,12.0,0.0,-1.4,-1.0,-0.2,,,0
185,2022,Drew Ellis,2 Tms,7,17,0,2,1,0,0.059,0.412,0.063,0.333,0.188,0.235,0.25,0.219,0.205,37.0,-0.1,-1.3,-1.3,-0.2,,,0
186,2022,Christian Lopes,OAK,4,10,0,0,0,0,0.1,0.5,0.0,0.0,0.0,0.1,0.0,0.069,0.222,-65.0,0.0,-1.9,-0.5,-0.2,,,0
187,2022,Elier Hernandez,TEX,14,35,0,4,3,0,0.029,0.429,0.061,0.316,0.182,0.2,0.242,0.193,0.183,19.0,-0.1,-3.3,0.1,-0.2,,,0
188,2022,Israel Pineda,WSN,4,14,0,1,0,0,0.071,0.5,0.0,0.167,0.077,0.143,0.077,0.112,0.131,-36.0,0.0,-2.2,-0.4,-0.2,,,0
189,2022,Rylan Bannon,2 Tms,5,15,0,0,0,0,0.0,0.333,0.0,0.222,0.143,0.2,0.143,0.166,0.173,2.0,0.0,-1.7,-0.9,-0.2,,,0
190,2022,Joshua Palacios,WSN,29,49,0,8,2,1,0.02,0.306,0.043,0.313,0.213,0.245,0.255,0.225,0.221,41.0,0.3,-3.0,-0.8,-0.2,,,0
191,2022,Mark Vientos,NYM,16,41,1,3,3,0,0.122,0.293,0.111,0.217,0.167,0.268,0.278,0.252,0.28,63.0,-0.2,-2.0,-1.6,-0.2,,,0
192,2022,Bo Naylor,CLE,5,8,0,0,0,0,0.0,0.625,0.0,0.0,0.0,0.0,0.0,0.0,0.082,-100.0,0.0,-1.9,-0.5,-0.2,,,1
193,2022,Alec Burleson,STL,16,53,1,4,3,1,0.094,0.17,0.083,0.211,0.188,0.264,0.271,0.245,0.325,56.0,0.1,-2.6,-1.6,-0.2,,,0
194,2022,Estevan Florial,NYY,17,35,0,4,1,2,0.086,0.371,0.0,0.167,0.097,0.2,0.097,0.155,0.235,-8.0,0.4,-3.9,0.4,-0.2,1.0,,0
195,2022,Iván Herrera,STL,11,22,0,0,1,0,0.091,0.364,0.0,0.182,0.111,0.19,0.111,0.15,0.167,-9.0,0.0,-2.8,-0.3,-0.2,,,1
196,2022,Jose Herrera,ARI,47,124,0,9,5,0,0.073,0.274,0.018,0.273,0.189,0.25,0.207,0.213,0.186,31.0,-0.3,-10.3,3.4,-0.3,,,0
197,2022,Jordan Diaz,OAK,15,51,0,3,1,0,0.039,0.137,0.061,0.31,0.265,0.294,0.327,0.275,0.229,80.0,0.0,-1.1,-3.2,-0.3,,,0
198,2022,Vimael Machín,OAK,73,253,1,26,13,1,0.099,0.186,0.067,0.27,0.22,0.3,0.287,0.268,0.301,76.0,-1.7,-8.7,-2.1,-0.3,,,0
199,2022,Zach Reks,TEX,16,34,0,3,3,0,0.0,0.294,0.029,0.375,0.265,0.265,0.294,0.245,0.231,56.0,-0.5,-2.2,-1.7,-0.3,,,0
200,2022,Kody Clemens,DET,57,127,5,13,17,1,0.063,0.26,0.162,0.148,0.145,0.197,0.308,0.22,0.252,39.0,0.6,-8.1,1.2,-0.3,,,0
201,2022,Peyton Burdick,MIA,32,102,4,8,11,1,0.078,0.343,0.174,0.283,0.207,0.284,0.38,0.294,0.296,86.0,-0.1,-1.8,-4.6,-0.3,,,0
202,2022,JJ Bleday,MIA,65,238,5,21,16,4,0.126,0.282,0.142,0.216,0.167,0.277,0.309,0.266,0.28,66.0,0.4,-8.9,-2.3,-0.3,1.0,1.0,1
203,2022,CJ Abrams,2 Tms,90,302,2,33,21,7,0.017,0.166,0.077,0.291,0.246,0.28,0.324,0.267,0.266,72.0,0.6,-9.3,-4.1,-0.3,1.0,1.0,1
204,2022,Lenyn Sosa,CHW,11,36,1,3,1,0,0.028,0.333,0.114,0.136,0.114,0.139,0.229,0.161,0.239,-4.0,0.2,-4.0,-0.1,-0.3,,,0
205,2022,Chuckie Robinson,CIN,25,60,2,3,5,0,0.0,0.283,0.136,0.15,0.136,0.136,0.271,0.173,0.255,-1.0,0.1,-7.0,1.7,-0.3,,,0
206,2022,Esteury Ruiz,2 Tms,17,36,0,3,2,1,0.028,0.194,0.086,0.214,0.171,0.194,0.257,0.197,0.216,25.0,-0.5,-3.7,-0.8,-0.3,,,0
207,2022,Jeter Downs,BOS,14,41,1,4,4,0,0.024,0.512,0.103,0.278,0.154,0.171,0.256,0.184,0.153,7.0,0.4,-3.8,-0.8,-0.4,1.0,,1
208,2022,Richie Palacios,CLE,54,123,0,7,10,2,0.073,0.163,0.054,0.28,0.232,0.293,0.286,0.258,0.277,66.0,0.4,-4.3,-2.9,-0.4,,,0
209,2022,Michael Siani,CIN,9,24,0,1,0,0,0.0,0.292,0.0,0.235,0.167,0.167,0.167,0.147,0.164,-19.0,-0.4,-3.7,-0.9,-0.4,,,0
210,2022,Korey Lee,HOU,12,26,0,1,4,0,0.038,0.346,0.08,0.25,0.16,0.192,0.24,0.192,0.12,19.0,0.0,-2.4,-2.3,-0.4,,,0
211,2022,Tres Barrera,WSN,19,53,0,2,4,0,0.038,0.302,0.02,0.265,0.18,0.212,0.2,0.187,0.187,15.0,-0.3,-5.5,-0.4,-0.4,,,0
212,2022,Miguel Vargas,LAD,18,50,1,4,8,1,0.04,0.26,0.085,0.206,0.17,0.2,0.255,0.2,0.255,26.0,0.3,-4.0,-1.8,-0.4,,,0
213,2022,Heliot Ramos,SFG,9,22,0,4,0,0,0.091,0.273,0.0,0.143,0.1,0.182,0.1,0.143,0.294,-13.0,0.0,-2.9,-2.1,-0.4,1.0,,0
214,2022,Will Benson,CLE,28,61,0,8,3,0,0.049,0.311,0.018,0.278,0.182,0.25,0.2,0.212,0.224,34.0,0.1,-4.4,-1.7,-0.4,,,0
215,2022,Eddy Alvarez,LAD,14,27,0,1,3,1,0.0,0.333,0.0,0.235,0.16,0.154,0.16,0.136,0.179,-18.0,0.3,-3.4,-1.9,-0.5,,,0
216,2022,Hoy Park,PIT,23,60,2,7,6,1,0.067,0.25,0.157,0.25,0.216,0.276,0.373,0.282,0.269,77.0,0.4,-1.2,-5.3,-0.5,,,0
217,2022,Mickey Moniak,2 Tms,37,112,3,13,8,1,0.036,0.393,0.132,0.254,0.17,0.207,0.302,0.223,0.206,39.0,0.4,-7.5,-1.0,-0.5,1.0,1.0,1
218,2022,Tyler Nevin,BAL,58,184,2,17,16,0,0.109,0.25,0.064,0.259,0.197,0.299,0.261,0.261,0.293,69.0,-0.9,-7.2,-3.6,-0.5,,,0
219,2022,Cal Mitchell,PIT,69,232,5,21,17,3,0.078,0.224,0.123,0.276,0.226,0.286,0.349,0.281,0.292,77.0,0.6,-5.7,-7.7,-0.6,,,0
220,2022,David MacKinnon,2 Tms,22,57,0,2,6,0,0.105,0.298,0.0,0.206,0.14,0.228,0.14,0.181,0.259,10.0,0.0,-5.8,-1.5,-0.6,,,0
221,2022,Lucius Fox,WSN,10,28,0,2,2,1,0.036,0.321,0.0,0.125,0.08,0.115,0.08,0.094,0.182,-48.0,0.4,-4.4,-2.0,-0.6,,,0
222,2022,Vidal Bruján,TBR,52,162,3,13,16,5,0.074,0.228,0.095,0.193,0.163,0.228,0.259,0.22,0.233,42.0,-0.6,-11.2,0.6,-0.6,1.0,,1
223,2022,Bligh Madris,PIT,39,123,1,10,7,2,0.081,0.252,0.088,0.235,0.177,0.244,0.265,0.231,0.262,42.0,0.2,-8.0,-1.8,-0.6,,,0
224,2022,Kevin Padlo,3 Tms,13,34,0,0,3,0,0.029,0.294,0.03,0.174,0.121,0.147,0.152,0.135,0.174,-13.0,0.0,-4.7,-2.1,-0.6,,,0
225,2022,Donovan Walton,2 Tms,25,78,1,9,8,0,0.013,0.205,0.145,0.186,0.158,0.179,0.303,0.208,0.228,31.0,0.3,-5.9,-2.5,-0.6,,,0
226,2022,MJ Melendez,KCR,129,534,18,57,62,2,0.124,0.245,0.176,0.258,0.217,0.313,0.393,0.31,0.332,97.0,-1.5,-3.1,-20.4,-0.7,,,1
227,2022,Sheldon Neuse,OAK,89,293,4,25,26,6,0.068,0.273,0.074,0.289,0.214,0.273,0.288,0.253,0.254,65.0,0.8,-10.6,-5.6,-0.7,,,0
228,2022,Ernie Clement,2 Tms,70,179,0,19,6,0,0.061,0.145,0.025,0.217,0.184,0.243,0.209,0.209,0.277,32.0,-0.5,-14.1,0.9,-0.8,,,0
229,2022,Spencer Torkelson,DET,110,404,8,38,28,0,0.092,0.245,0.117,0.255,0.203,0.285,0.319,0.272,0.302,76.0,-1.7,-12.7,-8.0,-0.8,1.0,1.0,1
230,2022,Cristian Pache,OAK,91,260,3,18,18,2,0.058,0.269,0.075,0.22,0.166,0.218,0.241,0.207,0.259,33.0,-0.4,-20.0,3.8,-0.8,1.0,1.0,1
231,2022,Jermaine Palacios,MIN,30,77,2,8,6,0,0.052,0.351,0.086,0.186,0.143,0.184,0.229,0.184,0.237,13.0,0.2,-7.3,-3.3,-0.9,,,0
232,2022,Seth Beer,ARI,38,126,1,4,9,0,0.087,0.246,0.054,0.25,0.189,0.278,0.243,0.239,0.276,49.0,-1.5,-8.9,-3.9,-0.9,,,0
233,2022,Cooper Hummel,ARI,66,201,3,20,17,4,0.114,0.318,0.131,0.255,0.176,0.274,0.307,0.262,0.292,65.0,0.5,-7.7,-8.2,-0.9,,,0
234,2022,Riley Adams,WSN,48,155,5,14,10,0,0.077,0.297,0.134,0.22,0.176,0.245,0.31,0.249,0.274,58.0,-0.7,-8.3,-6.2,-1.0,,,0
235,2022,Michael Papierski,2 Tms,39,103,1,7,4,0,0.097,0.252,0.044,0.188,0.143,0.228,0.187,0.197,0.217,17.0,-0.3,-10.3,-2.6,-1.0,,,0
236,2022,Jose Barrero,CIN,48,174,2,13,10,4,0.052,0.437,0.055,0.264,0.152,0.195,0.206,0.183,0.18,6.0,0.5,-18.5,0.6,-1.3,,,0
1,2023,Corbin Carroll,ARI,155,645,25,116,76,54,0.088,0.194,0.221,0.325,0.285,0.362,0.506,0.37,0.344,132.0,12.3,37.9,-6.1,5.4,1.0,1.0,1
2,2023,Gunnar Henderson,BAL,150,622,28,100,82,10,0.09,0.256,0.234,0.306,0.255,0.325,0.489,0.346,0.346,123.0,5.8,23.0,3.3,4.7,,,1
3,2023,James Outman,LAD,151,567,23,86,70,16,0.12,0.319,0.188,0.343,0.248,0.353,0.437,0.344,0.325,118.0,3.4,16.1,4.5,4.0,,,0
4,2023,Nolan Jones,COL,106,424,20,60,62,20,0.125,0.297,0.245,0.401,0.297,0.389,0.542,0.395,0.362,137.0,2.1,21.6,1.6,3.8,1.0,,0
5,2023,Matt McLain,CIN,89,403,16,65,50,14,0.077,0.285,0.216,0.385,0.29,0.357,0.507,0.37,0.332,127.0,0.4,14.0,3.7,3.1,,,1
6,2023,Francisco Alvarez,NYM,123,423,25,51,63,2,0.08,0.26,0.228,0.222,0.209,0.284,0.437,0.31,0.305,97.0,-2.8,-4.5,20.2,3.0,1.0,1.0,1
7,2023,Edouard Julien,MIN,109,408,16,60,37,3,0.157,0.314,0.195,0.371,0.263,0.381,0.459,0.366,0.345,135.0,-1.2,16.0,-2.3,2.8,,,0
8,2023,Josh Jung,TEX,122,515,23,75,70,1,0.058,0.293,0.201,0.34,0.266,0.315,0.467,0.334,0.337,112.0,-3.4,4.2,5.3,2.7,1.0,,1
9,2023,Zack Gelof,OAK,69,300,14,40,32,14,0.087,0.273,0.237,0.331,0.267,0.337,0.504,0.357,0.333,132.0,2.2,13.8,3.1,2.7,,,0
10,2023,Patrick Bailey,SFG,97,353,7,29,48,1,0.059,0.283,0.126,0.314,0.233,0.285,0.359,0.282,0.313,76.0,-0.3,-10.6,25.4,2.7,,,0
11,2023,Luke Raley,TBR,118,406,19,56,49,14,0.069,0.315,0.241,0.33,0.249,0.333,0.49,0.353,0.327,129.0,2.0,16.2,-5.3,2.5,,,0
12,2023,Yainer Diaz,HOU,104,377,23,51,60,0,0.029,0.196,0.256,0.292,0.282,0.308,0.538,0.354,0.357,127.0,-1.7,10.7,1.2,2.5,,,0
13,2023,Royce Lewis,MIN,58,239,15,36,52,6,0.084,0.23,0.24,0.354,0.309,0.372,0.548,0.393,0.351,154.0,-0.4,15.0,0.1,2.3,1.0,1.0,1
14,2023,Gabriel Moreno,ARI,111,380,7,33,50,6,0.076,0.197,0.123,0.338,0.284,0.339,0.408,0.325,0.314,102.0,-2.6,-1.9,11.8,2.3,1.0,1.0,1
15,2023,Kerry Carpenter,DET,118,459,20,57,64,6,0.07,0.251,0.194,0.338,0.278,0.34,0.471,0.347,0.336,123.0,0.1,12.5,-7.2,2.1,,,0
16,2023,Ryan Noda,OAK,128,495,16,63,54,3,0.156,0.343,0.177,0.347,0.229,0.364,0.406,0.342,0.334,122.0,0.5,13.3,-9.3,2.1,,,0
17,2023,Bo Naylor,CLE,67,230,11,33,32,5,0.13,0.23,0.232,0.267,0.237,0.339,0.47,0.347,0.309,122.0,1.7,7.9,5.0,2.1,,,1
18,2023,Maikel Garcia,KCR,123,515,4,59,50,23,0.074,0.223,0.086,0.344,0.272,0.323,0.358,0.299,0.319,83.0,1.3,-8.9,12.0,2.1,,,0
19,2023,Davis Schneider,TOR,35,141,8,23,20,1,0.149,0.305,0.328,0.369,0.276,0.404,0.603,0.424,0.355,176.0,-0.3,12.5,1.8,1.9,,,0
20,2023,Will Benson,CIN,108,329,11,51,31,19,0.122,0.313,0.223,0.391,0.275,0.365,0.498,0.369,0.321,127.0,1.8,12.6,-4.6,1.9,,,0
21,2023,Spencer Steer,CIN,156,665,23,74,86,15,0.102,0.209,0.192,0.318,0.271,0.356,0.464,0.355,0.333,117.0,-0.5,13.4,-17.2,1.9,,,1
22,2023,José Caballero,SEA,104,280,4,37,26,26,0.1,0.236,0.1,0.285,0.221,0.343,0.32,0.305,0.299,98.0,3.0,2.4,6.7,1.9,,,0
23,2023,Freddy Fermin,KCR,70,235,9,26,32,0,0.055,0.213,0.18,0.323,0.281,0.321,0.461,0.333,0.333,107.0,-0.2,1.8,8.6,1.8,,,0
24,2023,Anthony Volpe,NYY,159,601,21,62,60,24,0.087,0.278,0.174,0.259,0.209,0.283,0.383,0.29,0.308,82.0,3.4,-9.6,7.4,1.8,1.0,1.0,1
25,2023,Elly De La Cruz,CIN,98,427,13,67,44,35,0.082,0.337,0.175,0.336,0.235,0.3,0.41,0.305,0.303,83.0,6.6,-2.3,5.9,1.8,,,1
26,2023,Ezequiel Tovar,COL,153,615,15,79,73,11,0.041,0.27,0.155,0.328,0.253,0.287,0.408,0.298,0.291,72.0,-0.8,-21.8,18.0,1.7,,,1
27,2023,Triston Casas,BOS,132,502,24,66,65,0,0.139,0.251,0.226,0.317,0.263,0.367,0.49,0.367,0.37,130.0,-3.0,14.8,-15.2,1.7,1.0,1.0,1
28,2023,Matt Wallner,MIN,76,254,14,42,41,2,0.11,0.315,0.258,0.328,0.249,0.37,0.507,0.377,0.374,143.0,0.3,13.3,-5.8,1.6,,,0
29,2023,Jared Triolo,PIT,54,209,3,30,21,6,0.115,0.301,0.099,0.44,0.298,0.388,0.398,0.35,0.324,118.0,0.3,4.9,3.3,1.5,,,0
30,2023,Johan Rojas,PHI,59,164,2,24,23,14,0.03,0.256,0.128,0.41,0.302,0.342,0.43,0.335,0.267,110.0,3.3,5.2,4.0,1.5,,,0
31,2023,Stone Garrett,WSN,89,271,9,40,40,3,0.096,0.303,0.188,0.365,0.269,0.343,0.457,0.344,0.345,116.0,0.6,6.0,-2.0,1.3,,,0
32,2023,Esteury Ruiz,OAK,132,497,5,47,47,67,0.04,0.199,0.091,0.315,0.254,0.309,0.345,0.29,0.271,85.0,8.3,-0.4,-4.3,1.2,,,0
33,2023,Evan Carter,TEX,23,75,5,15,12,3,0.16,0.32,0.339,0.412,0.306,0.413,0.645,0.435,0.341,182.0,0.0,7.4,2.0,1.2,,,1
34,2023,Dairon Blanco,KCR,69,138,3,19,18,24,0.072,0.239,0.194,0.33,0.258,0.324,0.452,0.333,0.304,107.0,2.9,4.1,2.5,1.1,,,0
35,2023,Sal Frelick,MIL,57,223,3,29,24,7,0.126,0.166,0.105,0.286,0.246,0.341,0.351,0.309,0.296,93.0,1.1,-0.9,4.6,1.1,,,0
36,2023,Zach Neto,LAA,84,329,9,38,34,5,0.061,0.234,0.152,0.272,0.225,0.308,0.377,0.302,0.312,88.0,0.0,-4.6,4.4,1.1,,,0
37,2023,Joey Wiemer,MIL,132,410,13,48,42,11,0.088,0.283,0.158,0.258,0.204,0.283,0.362,0.284,0.289,75.0,0.6,-11.9,8.9,1.1,,,0
38,2023,Luis Campusano,SDP,49,174,7,27,30,0,0.04,0.121,0.172,0.331,0.319,0.356,0.491,0.364,0.353,133.0,-1.8,5.4,-0.8,1.0,1.0,,1
39,2023,Blake Perkins,MIL,67,168,4,28,20,5,0.137,0.274,0.133,0.29,0.217,0.325,0.35,0.303,0.279,89.0,0.8,-1.6,6.2,1.0,,,0
40,2023,Jordan Westburg,BAL,68,228,3,26,23,4,0.07,0.246,0.144,0.336,0.26,0.311,0.404,0.309,0.315,97.0,0.9,0.2,2.1,1.0,,,0
41,2023,Parker Meadows,DET,37,145,3,19,13,8,0.117,0.255,0.136,0.302,0.232,0.331,0.368,0.308,0.325,95.0,1.9,1.1,3.6,1.0,,,0
42,2023,Jordan Walker,STL,117,465,16,51,51,7,0.08,0.224,0.169,0.331,0.276,0.342,0.445,0.341,0.332,116.0,-0.1,8.9,-15.2,1.0,,,1
43,2023,Cade Marlowe,SEA,34,100,3,14,11,4,0.12,0.33,0.182,0.346,0.239,0.33,0.42,0.327,0.274,114.0,0.9,2.5,3.0,0.9,,,0
44,2023,Jacob Young,WSN,33,121,0,9,12,13,0.083,0.182,0.084,0.318,0.252,0.322,0.336,0.294,0.279,83.0,3.7,1.2,3.5,0.9,,,0
45,2023,Stuart Fairchild,CIN,97,255,5,34,28,10,0.098,0.271,0.16,0.306,0.228,0.321,0.388,0.312,0.314,88.0,1.9,-1.8,1.3,0.8,,,0
46,2023,Drew Waters,KCR,98,337,8,40,32,16,0.08,0.318,0.149,0.321,0.228,0.3,0.377,0.296,0.313,81.0,1.2,-6.4,2.9,0.8,1.0,,1
47,2023,Miguel Amaya,CHC,53,156,5,17,18,0,0.077,0.256,0.145,0.264,0.214,0.329,0.359,0.31,0.332,96.0,-0.3,-1.0,2.7,0.7,1.0,,0
48,2023,Christian Encarnacion-St...,CIN,63,241,13,29,37,2,0.058,0.286,0.207,0.336,0.27,0.328,0.477,0.346,0.346,111.0,0.0,3.3,-4.8,0.7,,,0
49,2023,Wilyer Abreu,BOS,28,85,2,10,14,3,0.106,0.271,0.158,0.431,0.316,0.388,0.474,0.375,0.357,135.0,-0.3,3.2,0.2,0.6,,,0
50,2023,Masataka Yoshida,BOS,140,580,15,71,72,8,0.059,0.14,0.156,0.316,0.289,0.338,0.445,0.339,0.325,110.0,-1.9,4.8,-18.5,0.6,,,0
51,2023,Endy Rodríguez,PIT,57,204,3,27,13,0,0.083,0.24,0.108,0.281,0.22,0.284,0.328,0.271,0.294,65.0,0.7,-8.3,7.5,0.6,,,1
52,2023,Alex Call,WSN,128,439,8,43,38,9,0.121,0.178,0.107,0.23,0.2,0.307,0.307,0.28,0.296,74.0,-0.6,-14.9,5.8,0.6,,,0
53,2023,Brenton Doyle,COL,126,431,10,48,48,22,0.051,0.35,0.14,0.295,0.203,0.25,0.343,0.257,0.258,45.0,3.2,-26.3,17.4,0.6,,,0
54,2023,Noelvi Marte,CIN,35,123,3,15,15,6,0.065,0.203,0.14,0.384,0.316,0.366,0.456,0.357,0.34,119.0,-0.2,2.7,-1.2,0.6,1.0,1.0,1
55,2023,Dominic Fletcher,ARI,28,102,2,10,14,0,0.069,0.216,0.14,0.377,0.301,0.35,0.441,0.34,0.263,112.0,-1.1,0.4,1.8,0.6,,,0
56,2023,Andruw Monasterio,MIL,92,315,3,38,27,7,0.089,0.21,0.089,0.326,0.259,0.33,0.348,0.302,0.308,88.0,-0.6,-5.4,0.0,0.5,,,0
57,2023,Gabriel Arias,CLE,122,345,10,36,26,3,0.081,0.328,0.143,0.29,0.21,0.275,0.352,0.276,0.304,73.0,0.5,-10.7,4.1,0.5,,,0
58,2023,Sean Bouchard,COL,21,43,4,11,7,0,0.093,0.326,0.368,0.381,0.316,0.372,0.684,0.432,0.372,162.0,-0.8,2.5,0.7,0.5,,,0
59,2023,Corey Julks,HOU,93,323,6,35,33,15,0.068,0.232,0.107,0.306,0.245,0.297,0.352,0.286,0.295,80.0,1.2,-6.5,-0.3,0.4,,,0
60,2023,René Pinto,TBR,39,105,6,10,16,0,0.019,0.324,0.204,0.317,0.252,0.267,0.456,0.306,0.329,97.0,-1.1,-1.5,1.8,0.4,,,0
61,2023,Enmanuel Valdez,BOS,49,149,6,17,19,5,0.054,0.248,0.187,0.323,0.266,0.311,0.453,0.328,0.305,102.0,0.6,1.0,-2.3,0.4,,,0
62,2023,Richie Palacios,STL,32,102,6,9,16,2,0.059,0.108,0.258,0.234,0.258,0.307,0.516,0.346,0.305,119.0,0.4,2.8,-2.5,0.4,,,0
63,2023,Blake Sabol,SFG,110,344,13,36,44,4,0.07,0.34,0.158,0.33,0.235,0.301,0.394,0.303,0.28,91.0,-0.2,-4.1,-3.8,0.4,,,0
64,2023,Forrest Wall,ATL,15,15,1,6,2,5,0.133,0.267,0.385,0.625,0.462,0.533,0.846,0.569,0.224,266.0,0.5,3.6,-0.4,0.4,,,0
65,2023,Nick Loftin,KCR,19,68,0,10,10,2,0.059,0.176,0.113,0.392,0.323,0.368,0.435,0.348,0.306,117.0,0.4,1.8,-0.7,0.3,,,0
66,2023,Austin Wells,NYY,19,75,4,8,13,0,0.04,0.187,0.257,0.226,0.229,0.257,0.486,0.309,0.373,95.0,0.3,-0.1,0.8,0.3,,,0
67,2023,Curtis Mead,TBR,24,92,1,12,5,0,0.076,0.228,0.096,0.328,0.253,0.326,0.349,0.302,0.273,94.0,0.0,-0.7,0.7,0.3,,,1
68,2023,Logan O'Hoppe,LAA,51,199,14,23,29,0,0.07,0.241,0.264,0.24,0.236,0.296,0.5,0.337,0.346,112.0,-1.6,1.4,-5.3,0.3,,,0
69,2023,Iván Herrera,STL,13,44,0,6,4,0,0.114,0.25,0.054,0.423,0.297,0.409,0.351,0.349,0.341,121.0,0.0,1.1,0.3,0.3,,,1
70,2023,Drew Millas,WSN,11,33,1,1,6,0,0.121,0.152,0.179,0.318,0.286,0.375,0.464,0.365,0.349,131.0,0.1,1.3,0.4,0.3,,,0
71,2023,Garrett Mitchell,MIL,19,73,3,10,7,1,0.096,0.356,0.2,0.351,0.246,0.315,0.446,0.326,0.286,103.0,-0.1,0.2,0.1,0.3,1.0,,0
72,2023,Jasson Domínguez,NYY,8,33,4,6,7,1,0.061,0.242,0.419,0.211,0.258,0.303,0.677,0.403,0.355,160.0,0.1,2.5,-0.8,0.3,1.0,,1
73,2023,Ronny Mauricio,NYM,26,108,2,11,9,7,0.065,0.287,0.099,0.338,0.248,0.296,0.347,0.284,0.287,79.0,1.4,-1.4,0.4,0.3,1.0,,1
74,2023,Jonny DeLuca,LAD,24,45,2,5,6,1,0.067,0.178,0.167,0.281,0.262,0.311,0.429,0.32,0.271,102.0,0.4,0.5,0.5,0.3,,,0
75,2023,Estevan Florial,NYY,19,71,0,5,8,3,0.099,0.282,0.082,0.333,0.23,0.324,0.311,0.288,0.306,80.0,0.7,-1.0,1.0,0.2,1.0,,0
76,2023,Eguy Rosario,SDP,11,37,2,6,6,0,0.027,0.324,0.25,0.318,0.25,0.27,0.5,0.322,0.249,105.0,0.2,0.4,0.7,0.2,,,0
77,2023,Michael Stefanic,LAA,25,71,0,5,6,0,0.113,0.113,0.065,0.333,0.29,0.38,0.355,0.332,0.298,109.0,-0.3,0.5,-0.7,0.2,,,0
78,2023,Connor Wong,BOS,126,403,9,55,36,8,0.055,0.333,0.151,0.341,0.235,0.288,0.385,0.292,0.274,78.0,-0.4,-11.2,-0.7,0.2,,,0
79,2023,Joshua Palacios,PIT,91,264,10,26,40,5,0.045,0.212,0.174,0.269,0.239,0.279,0.413,0.297,0.318,82.0,1.1,-4.9,-2.2,0.2,,,0
80,2023,Tyler Freeman,CLE,64,168,4,20,18,5,0.06,0.179,0.124,0.275,0.242,0.295,0.366,0.29,0.315,83.0,1.4,-2.1,-1.8,0.2,1.0,,0
81,2023,Tyler Fitzgerald,SFG,10,34,2,3,5,2,0.059,0.294,0.25,0.25,0.219,0.265,0.469,0.31,0.2,95.0,0.4,0.2,0.3,0.2,,,0
82,2023,Tristan Gray,TBR,2,5,1,1,1,0,0.0,0.0,0.6,0.25,0.4,0.4,1.0,0.577,0.679,285.0,0.0,1.1,0.4,0.2,,,0
83,2023,Grae Kessinger,HOU,26,45,1,3,1,0,0.111,0.267,0.125,0.259,0.2,0.289,0.325,0.275,0.299,73.0,-1.2,-2.6,2.6,0.2,,,0
84,2023,Drew Ellis,PHI,12,29,2,4,4,0,0.207,0.241,0.261,0.214,0.217,0.379,0.478,0.373,0.374,135.0,-0.5,0.8,-0.2,0.2,,,0
85,2023,Spencer Horwitz,TOR,15,44,1,5,7,0,0.091,0.273,0.128,0.346,0.256,0.341,0.385,0.322,0.296,105.0,-0.2,0.1,-0.2,0.1,,,0
86,2023,Weston Wilson,PHI,8,22,1,5,2,3,0.273,0.227,0.188,0.4,0.313,0.5,0.5,0.441,0.433,181.0,0.0,2.2,-1.6,0.1,,,0
87,2023,Marco Luciano,SFG,14,45,0,4,0,1,0.133,0.378,0.077,0.409,0.231,0.333,0.308,0.293,0.292,84.0,0.2,-0.7,0.4,0.1,1.0,1.0,1
88,2023,Liover Peguero,PIT,59,213,7,21,26,6,0.052,0.315,0.136,0.32,0.237,0.28,0.374,0.284,0.27,73.0,0.3,-6.8,0.7,0.1,,,0
89,2023,Jonathan Aranda,TBR,34,103,2,13,13,0,0.126,0.301,0.138,0.327,0.23,0.34,0.368,0.312,0.276,101.0,-0.2,-0.1,-2.3,0.1,,,0
90,2023,Xavier Edwards,MIA,30,84,0,12,3,5,0.036,0.167,0.038,0.359,0.295,0.329,0.333,0.295,0.264,81.0,0.9,-1.1,-0.7,0.1,1.0,,0
91,2023,Miles Mastrobuoni,CHC,61,149,1,24,5,13,0.087,0.215,0.06,0.31,0.241,0.308,0.301,0.275,0.299,73.0,1.7,-3.3,-0.8,0.1,,,0
92,2023,Heston Kjerstad,BAL,13,33,2,3,3,0,0.061,0.303,0.233,0.278,0.233,0.281,0.467,0.318,0.365,104.0,0.2,0.3,-0.6,0.1,1.0,,1
93,2023,Cody Thomas,OAK,19,46,1,1,2,0,0.087,0.37,0.143,0.375,0.238,0.304,0.381,0.3,0.209,93.0,-0.2,-0.6,-0.2,0.1,,,0
94,2023,Ceddanne Rafaela,BOS,28,89,2,11,5,3,0.045,0.315,0.145,0.333,0.241,0.281,0.386,0.287,0.238,74.0,0.1,-2.7,0.4,0.1,,,0
95,2023,Jeter Downs,WSN,6,9,0,4,1,2,0.444,0.111,0.0,0.5,0.4,0.667,0.4,0.505,0.525,225.0,0.4,1.8,-1.4,0.1,1.0,,1
96,2023,Zach Remillard,CHW,54,160,1,16,18,4,0.05,0.3,0.068,0.367,0.252,0.295,0.32,0.27,0.219,68.0,1.0,-5.2,0.4,0.1,,,0
97,2023,Junior Caminero,TBR,7,36,1,4,7,0,0.056,0.222,0.118,0.28,0.235,0.278,0.353,0.276,0.265,76.0,-0.1,-1.1,0.5,0.1,,,1
98,2023,Will Brennan,CLE,138,455,5,41,41,13,0.035,0.125,0.09,0.296,0.266,0.299,0.356,0.285,0.305,80.0,-1.3,-12.4,-2.7,0.1,,,0
99,2023,Dalton Guthrie,PHI,23,28,0,4,0,0,0.107,0.25,0.042,0.235,0.167,0.286,0.208,0.239,0.281,45.0,-0.2,-2.1,1.7,0.1,,,0
100,2023,Logan Porter,KCR,11,38,1,4,3,0,0.132,0.289,0.129,0.263,0.194,0.324,0.323,0.297,0.302,82.0,-1.2,-2.0,1.1,0.0,,,0
101,2023,Drew Maggi,PIT,3,6,0,1,1,0,0.0,0.167,0.167,0.4,0.333,0.333,0.5,0.354,0.409,121.0,0.0,0.1,0.0,0.0,,,0
102,2023,Conner Capel,OAK,32,86,0,6,3,5,0.14,0.291,0.068,0.396,0.26,0.372,0.329,0.322,0.302,108.0,-0.3,0.5,-3.1,0.0,,,0
103,2023,Kody Clemens,PHI,49,148,4,15,13,0,0.054,0.27,0.137,0.295,0.23,0.277,0.367,0.281,0.271,73.0,0.2,-4.7,-0.1,0.0,,,0
104,2023,Miguel Vargas,LAD,81,304,7,36,32,3,0.125,0.201,0.172,0.224,0.195,0.305,0.367,0.295,0.304,85.0,0.0,-5.7,-4.4,0.0,,,0
105,2023,José Fermín,STL,21,61,0,2,4,0,0.098,0.131,0.02,0.279,0.235,0.339,0.255,0.281,0.327,75.0,-0.7,-2.6,0.8,0.0,,,0
106,2023,Nolan Schanuel,LAA,29,132,1,19,6,0,0.152,0.144,0.055,0.326,0.275,0.402,0.33,0.336,0.35,112.0,-1.6,0.3,-4.7,0.0,,,0
109,2023,Alexander Canario,CHC,6,17,1,1,6,0,0.0,0.471,0.353,0.5,0.294,0.294,0.647,0.387,0.251,148.0,-0.8,0.2,-0.9,0.0,,,0
110,2023,Nathan Lukes,TOR,29,31,0,4,2,0,0.129,0.29,0.115,0.278,0.192,0.29,0.308,0.266,0.276,66.0,0.0,-1.3,0.2,0.0,,,0
111,2023,Buddy Kennedy,ARI,10,29,0,1,1,0,0.138,0.207,0.042,0.222,0.167,0.31,0.208,0.255,0.303,55.0,-0.1,-1.7,0.6,0.0,,,0
112,2023,Vinny Capra,PIT,9,21,0,3,1,0,0.095,0.238,0.056,0.231,0.167,0.25,0.222,0.22,0.23,30.0,0.0,-1.8,1.0,0.0,,,0
113,2023,Ben Rortvedt,NYY,32,79,2,6,4,0,0.139,0.241,0.103,0.128,0.118,0.241,0.221,0.219,0.266,33.0,-0.1,-6.4,3.6,0.0,,,0
114,2023,Jacob Amaya,MIA,4,9,0,1,2,1,0.0,0.111,0.0,0.25,0.222,0.222,0.222,0.196,0.274,14.0,0.2,-0.8,0.3,0.0,,,0
115,2023,Chris Okey,LAA,2,2,0,0,0,0,0.0,1.0,0.0,0.0,0.0,0.0,0.0,0.0,0.0,-100.0,0.0,-0.5,0.2,0.0,,,0
116,2023,Henry Ramos,CIN,23,86,0,9,5,2,0.128,0.244,0.068,0.34,0.243,0.349,0.311,0.303,0.297,82.0,-0.3,-2.2,-1.0,0.0,,,0
117,2023,Jonathan Ornelas,TEX,8,8,0,2,0,0,0.0,0.5,0.0,0.333,0.143,0.25,0.143,0.201,0.195,20.0,0.0,-0.8,0.2,0.0,,,0
118,2023,Chandler Seagle,SDP,1,1,0,0,0,0,0.0,0.0,0.0,0.0,0.0,0.0,0.0,0.0,0.322,-100.0,0.0,-0.3,-0.1,0.0,,,0
119,2023,Travis Blankenhorn,WSN,10,37,1,2,1,0,0.162,0.162,0.097,0.167,0.161,0.297,0.258,0.262,0.322,62.0,0.0,-1.8,0.1,0.0,,,0
120,2023,Jahmai Jones,MIL,7,11,0,2,3,1,0.091,0.455,0.1,0.4,0.2,0.273,0.3,0.257,0.243,57.0,0.2,-0.4,-0.4,0.0,1.0,,0
121,2023,Connor Kaiser,COL,3,4,0,0,0,0,0.0,0.5,0.0,0.0,0.0,0.0,0.0,0.0,0.34,-100.0,0.0,-1.1,0.5,0.0,,,0
122,2023,Mason McCoy,TOR,6,1,0,2,0,0,0.0,1.0,0.0,0.0,0.0,0.0,0.0,0.0,0.0,-100.0,0.1,-0.2,-0.3,0.0,,,0
123,2023,Cal Stevenson,SFG,6,12,0,1,0,0,0.25,0.167,0.0,0.0,0.0,0.25,0.0,0.174,0.271,4.0,-0.1,-1.5,0.3,-0.1,,,0
124,2023,Caleb Hamilton,BOS,4,6,0,0,0,0,0.167,0.833,0.0,0.0,0.0,0.167,0.0,0.116,0.116,-45.0,0.0,-1.0,0.0,-0.1,,,0
125,2023,Bryce Johnson,SFG,30,48,1,7,3,3,0.083,0.313,0.093,0.214,0.163,0.229,0.256,0.218,0.234,33.0,1.0,-3.0,0.5,-0.1,,,0
126,2023,Samad Taylor,KCR,31,69,0,11,4,8,0.101,0.319,0.067,0.308,0.2,0.279,0.267,0.248,0.274,48.0,1.4,-2.9,-0.4,-0.1,,,0
127,2023,Juniel Querecuto,STL,9,21,0,2,0,0,0.048,0.286,0.05,0.143,0.1,0.143,0.15,0.134,0.219,-23.0,0.1,-3.1,1.5,-0.1,,,0
128,2023,Nick Gonzales,PIT,35,128,2,12,13,0,0.047,0.281,0.139,0.278,0.209,0.268,0.348,0.268,0.257,63.0,-0.4,-6.3,1.1,-0.1,1.0,,0
129,2023,Joey Ortiz,BAL,15,34,0,4,4,0,0.0,0.265,0.03,0.28,0.212,0.206,0.242,0.192,0.249,17.0,0.0,-3.4,1.3,-0.1,,,1
130,2023,David Fry,CLE,58,113,4,12,15,2,0.071,0.265,0.178,0.299,0.238,0.319,0.416,0.321,0.329,105.0,-0.1,0.5,-5.3,-0.1,,,0
131,2023,Dane Myers,MIA,22,70,1,9,9,1,0.029,0.271,0.09,0.354,0.269,0.286,0.358,0.278,0.308,69.0,0.1,-2.6,-0.8,-0.1,,,0
132,2023,Ji Hwan Bae,PIT,111,371,2,54,32,24,0.081,0.248,0.081,0.31,0.231,0.296,0.311,0.272,0.264,65.0,2.9,-13.1,-0.5,-0.1,,,0
133,2023,Tyler Cropley,KCR,2,7,0,0,1,0,0.0,0.286,0.0,0.2,0.167,0.143,0.167,0.126,0.176,-36.0,0.0,-1.2,-0.1,-0.1,,,0
134,2023,Livan Soto,LAA,4,12,0,2,0,0,0.25,0.167,0.0,0.286,0.222,0.417,0.222,0.321,0.351,102.0,-0.4,-0.4,-1.1,-0.1,,,0
135,2023,Cam Eden,TOR,5,6,0,1,0,0,0.0,0.333,0.0,0.25,0.167,0.167,0.167,0.147,0.263,-16.0,0.0,-0.8,-0.5,-0.1,,,0
136,2023,Michael Siani,2 Tms,8,6,0,1,0,1,0.167,0.167,0.0,0.0,0.0,0.167,0.0,0.116,0.262,-26.0,-0.4,-1.4,-0.1,-0.1,,,0
137,2023,Chadwick Tromp,ATL,6,16,0,1,1,0,0.0,0.438,0.063,0.222,0.125,0.125,0.188,0.133,0.151,-27.0,0.0,-2.5,0.6,-0.1,,,0
138,2023,Kevin Padlo,LAA,3,8,0,1,0,0,0.0,0.0,0.125,0.125,0.125,0.125,0.25,0.155,0.192,-13.0,0.0,-1.1,-0.6,-0.1,,,0
139,2023,Rylan Bannon,HOU,2,6,0,0,0,0,0.0,0.5,0.0,0.0,0.0,0.0,0.0,0.0,0.077,-100.0,0.0,-1.6,-0.1,-0.1,,,0
140,2023,Wade Meckler,SFG,20,64,0,6,4,0,0.094,0.391,0.018,0.419,0.232,0.328,0.25,0.273,0.265,70.0,0.3,-2.0,-1.6,-0.1,,,0
141,2023,César Salazar,HOU,13,19,0,1,0,0,0.053,0.316,0.0,0.167,0.111,0.158,0.111,0.13,0.169,-28.0,0.0,-2.9,0.8,-0.1,,,0
142,2023,Braden Shewmake,ATL,2,4,0,0,0,0,0.0,0.25,0.0,0.0,0.0,0.0,0.0,0.0,0.127,-100.0,0.0,-1.1,-0.6,-0.2,,,0
143,2023,Peyton Burdick,MIA,14,37,1,4,2,1,0.081,0.486,0.152,0.357,0.182,0.27,0.333,0.269,0.257,63.0,0.3,-1.4,-1.4,-0.2,,,0
144,2023,Jared Young,CHC,16,47,2,8,8,2,0.064,0.277,0.279,0.214,0.186,0.255,0.465,0.302,0.277,90.0,0.4,-0.2,-3.0,-0.2,,,0
145,2023,Heliot Ramos,SFG,25,60,1,5,2,0,0.067,0.333,0.125,0.257,0.179,0.233,0.304,0.236,0.259,46.0,-0.1,-4.1,0.4,-0.2,1.0,,0
146,2023,Taylor Kohlwey,SDP,5,13,0,0,0,0,0.0,0.385,0.0,0.25,0.154,0.154,0.154,0.136,0.104,-20.0,0.0,-1.9,-0.2,-0.2,,,0
147,2023,Ryan Kreidler,DET,11,18,0,2,0,0,0.0,0.389,0.0,0.182,0.111,0.111,0.111,0.098,0.092,-50.0,0.2,-3.1,0.7,-0.2,,,0
148,2023,Brice Turang,MIL,137,448,6,46,34,26,0.085,0.21,0.082,0.268,0.218,0.285,0.3,0.262,0.274,61.0,2.9,-18.9,1.9,-0.2,1.0,,0
149,2023,Josh Lester,BAL,11,23,0,0,4,0,0.043,0.304,0.0,0.267,0.182,0.217,0.182,0.184,0.216,11.0,-0.1,-2.5,-0.1,-0.2,,,0
150,2023,Osleivis Basabe,TBR,31,94,1,15,12,0,0.064,0.266,0.092,0.295,0.218,0.277,0.31,0.262,0.258,66.0,0.5,-3.4,-1.7,-0.2,,,0
151,2023,José Tena,CLE,18,34,0,2,3,0,0.088,0.382,0.065,0.389,0.226,0.294,0.29,0.264,0.238,65.0,-0.2,-1.6,-1.4,-0.2,,,0
152,2023,Carlos Pérez,CHW,27,53,1,5,3,0,0.075,0.208,0.143,0.243,0.204,0.264,0.347,0.267,0.25,66.0,-0.2,-2.4,-1.3,-0.2,,,0
153,2023,Jordan Lawlar,ARI,14,34,0,2,0,1,0.059,0.324,0.0,0.2,0.129,0.206,0.129,0.166,0.189,-5.0,-0.3,-4.7,1.7,-0.2,,,1
154,2023,Lawrence Butler,OAK,42,129,4,10,10,0,0.031,0.271,0.13,0.259,0.211,0.24,0.341,0.251,0.293,59.0,-0.3,-6.6,0.3,-0.2,,,0
155,2023,Andre Lipcius,DET,13,38,1,3,4,0,0.079,0.211,0.114,0.346,0.286,0.342,0.4,0.326,0.298,108.0,0.0,0.3,-3.6,-0.2,,,0
156,2023,Brian O'Keefe,SEA,8,21,0,0,2,0,0.095,0.333,0.105,0.167,0.105,0.19,0.211,0.185,0.198,15.0,-0.2,-2.3,-0.4,-0.2,,,0
157,2023,Pete Crow-Armstrong,CHC,13,19,0,3,1,2,0.158,0.368,0.0,0.0,0.0,0.176,0.0,0.123,0.253,-30.0,-0.3,-3.3,0.6,-0.2,,,1
158,2023,Trey Cabbage,LAA,22,56,1,5,7,1,0.036,0.464,0.113,0.37,0.208,0.232,0.321,0.238,0.179,44.0,-0.1,-3.9,-0.3,-0.2,,,0
159,2023,David Hamilton,BOS,15,39,0,2,0,2,0.154,0.256,0.061,0.174,0.121,0.256,0.182,0.216,0.227,25.0,-0.1,-3.6,-0.1,-0.2,,,0
160,2023,Bligh Madris,HOU,12,30,0,4,0,0,0.133,0.233,0.038,0.211,0.154,0.267,0.192,0.222,0.276,37.0,-0.1,-2.4,-1.3,-0.3,,,0
161,2023,Terrin Vavra,BAL,27,56,0,9,5,1,0.089,0.214,0.0,0.324,0.245,0.315,0.245,0.261,0.308,64.0,-0.1,-2.6,-2.0,-0.3,,,0
162,2023,Irving Lopez,STL,5,12,0,0,1,0,0.0,0.417,0.0,0.0,0.0,0.0,0.0,0.0,0.091,-100.0,0.0,-3.2,-0.1,-0.3,,,0
163,2023,J.P. Martínez,TEX,17,44,1,7,4,0,0.045,0.364,0.1,0.32,0.225,0.25,0.325,0.246,0.23,51.0,0.4,-2.2,-2.4,-0.3,,,0
164,2023,Kyren Paris,LAA,15,46,0,4,1,3,0.087,0.37,0.0,0.174,0.1,0.2,0.1,0.156,0.237,-13.0,0.1,-6.1,1.3,-0.3,,,0
165,2023,Hunter Goodman,COL,23,77,1,6,17,1,0.065,0.312,0.186,0.277,0.2,0.247,0.386,0.266,0.263,50.0,0.5,-4.2,-1.7,-0.3,,,0
166,2023,Blake Rutherford,WSN,16,36,0,4,2,0,0.028,0.278,0.0,0.24,0.171,0.194,0.171,0.166,0.17,-3.0,0.0,-4.6,0.0,-0.3,1.0,,1
167,2023,Alika Williams,PIT,46,112,0,7,6,0,0.08,0.313,0.05,0.303,0.198,0.27,0.248,0.238,0.244,43.0,-0.4,-8.4,1.1,-0.3,,,0
168,2023,Coco Montes,COL,18,41,1,3,3,0,0.049,0.293,0.132,0.24,0.184,0.244,0.316,0.247,0.203,38.0,-0.1,-3.2,-1.8,-0.4,,,0
169,2023,Colton Cowser,BAL,26,77,0,15,4,1,0.169,0.286,0.033,0.175,0.115,0.286,0.148,0.226,0.301,40.0,0.6,-4.9,-1.3,-0.4,,,1
170,2023,Luken Baker,STL,33,99,2,9,10,0,0.131,0.313,0.105,0.302,0.209,0.313,0.314,0.285,0.32,78.0,-1.5,-4.1,-3.0,-0.4,,,0
171,2023,Brayan Rocchio,CLE,23,86,0,9,8,0,0.047,0.314,0.074,0.364,0.247,0.279,0.321,0.263,0.204,64.0,-0.8,-4.5,-2.3,-0.4,,,1
172,2023,Jake Alu,WSN,51,175,2,14,16,5,0.057,0.24,0.063,0.291,0.226,0.282,0.289,0.256,0.283,58.0,-0.9,-10.1,0.3,-0.4,,,0
173,2023,Brett Wisely,SFG,51,131,2,10,8,2,0.069,0.305,0.092,0.241,0.175,0.231,0.267,0.222,0.238,36.0,-0.6,-11.0,2.7,-0.4,,,0
174,2023,Kyle Stowers,BAL,14,33,0,1,0,0,0.091,0.364,0.0,0.111,0.067,0.152,0.067,0.117,0.196,-36.0,0.0,-5.4,0.4,-0.4,,,0
175,2023,Dominic Canzone,2 Tms,59,182,6,23,21,1,0.044,0.176,0.179,0.237,0.22,0.258,0.399,0.282,0.326,80.0,-1.3,-5.6,-4.7,-0.4,,,0
176,2023,Oswald Peraza,NYY,52,191,2,15,14,4,0.068,0.262,0.081,0.256,0.191,0.267,0.272,0.246,0.281,51.0,-0.9,-12.1,1.4,-0.4,,,1
177,2023,Mark Mathias,2 Tms,27,72,0,6,6,3,0.139,0.208,0.032,0.298,0.226,0.333,0.258,0.278,0.287,70.0,-0.4,-3.0,-3.5,-0.4,,,0
178,2023,Luis Matos,SFG,76,253,2,24,14,3,0.079,0.13,0.092,0.285,0.25,0.319,0.342,0.295,0.304,85.0,-0.4,-5.0,-7.8,-0.4,,,1
179,2023,Canaan Smith-Njigba,PIT,15,37,0,3,5,1,0.108,0.432,0.094,0.235,0.125,0.216,0.219,0.199,0.239,16.0,-0.4,-4.2,-1.3,-0.4,,,0
180,2023,Brett Sullivan,SDP,33,86,1,7,6,0,0.047,0.221,0.074,0.258,0.21,0.244,0.284,0.232,0.249,45.0,0.2,-5.7,-1.9,-0.5,,,0
181,2023,Brett Baty,NYM,108,389,9,41,34,2,0.075,0.28,0.11,0.28,0.212,0.275,0.323,0.266,0.3,67.0,-0.6,-16.4,-1.5,-0.5,1.0,,1
182,2023,Jose Herrera,ARI,43,120,0,15,7,1,0.108,0.25,0.05,0.292,0.208,0.296,0.257,0.256,0.26,55.0,-1.2,-7.8,-1.5,-0.5,,,0
183,2023,TJ Hopkins,CIN,25,44,0,7,1,1,0.045,0.386,0.0,0.292,0.171,0.227,0.171,0.189,0.214,5.0,-0.2,-5.4,-1.4,-0.5,,,0
184,2023,Michael Busch,LAD,27,81,2,9,7,1,0.099,0.333,0.125,0.227,0.167,0.247,0.292,0.241,0.264,49.0,0.6,-4.5,-3.7,-0.5,,,1
185,2023,Casey Schmitt,SFG,90,277,5,28,30,2,0.047,0.235,0.119,0.253,0.206,0.255,0.324,0.254,0.282,58.0,-0.8,-15.3,0.1,-0.6,,,0
186,2023,Everson Pereira,NYY,27,103,0,6,10,4,0.078,0.388,0.043,0.264,0.151,0.233,0.194,0.202,0.27,21.0,0.5,-9.3,-0.1,-0.6,,,0
187,2023,Lenyn Sosa,CHW,52,173,6,12,14,0,0.029,0.231,0.146,0.227,0.201,0.224,0.348,0.241,0.29,48.0,-0.9,-11.7,-0.6,-0.6,,,0
188,2023,Alec Burleson,STL,107,347,8,34,36,3,0.066,0.13,0.146,0.261,0.244,0.3,0.39,0.3,0.337,88.0,-2.1,-7.1,-11.2,-0.6,,,0
189,2023,Matt Mervis,CHC,27,99,3,8,11,0,0.081,0.323,0.122,0.218,0.167,0.242,0.289,0.239,0.317,48.0,-1.3,-7.7,-2.1,-0.6,,,0
190,2023,Jordan Diaz,OAK,90,293,10,20,27,0,0.058,0.235,0.143,0.258,0.221,0.273,0.364,0.278,0.285,77.0,-1.3,-9.2,-8.0,-0.7,,,0
191,2023,Mark Vientos,NYM,65,233,9,19,22,1,0.043,0.305,0.156,0.264,0.211,0.253,0.367,0.267,0.304,68.0,-1.2,-10.3,-5.2,-0.8,,,0
192,2023,David Hensley,HOU,30,94,1,12,3,1,0.106,0.372,0.048,0.188,0.119,0.213,0.167,0.184,0.249,10.0,0.2,-9.9,-1.2,-0.8,,,0
193,2023,Masyn Winn,STL,37,137,2,8,12,2,0.073,0.19,0.066,0.196,0.172,0.23,0.238,0.211,0.25,28.0,0.2,-12.0,-0.9,-0.8,,,1
194,2023,Jordyn Adams,LAA,17,40,0,1,1,1,0.0,0.4,0.0,0.208,0.128,0.125,0.128,0.11,0.175,-45.0,-0.7,-7.6,-2.2,-0.8,,,0
195,2023,Nate Eaton,KCR,28,56,0,2,1,3,0.036,0.375,0.0,0.125,0.075,0.125,0.075,0.101,0.2,-54.0,0.5,-9.8,-1.0,-0.9,,,0
196,2023,Korey Lee,CHW,24,70,1,4,3,0,0.071,0.286,0.062,0.091,0.077,0.143,0.138,0.134,0.238,-27.0,-0.9,-11.5,0.2,-0.9,,,0
197,2023,Henry Davis,PIT,62,255,7,27,24,3,0.098,0.271,0.138,0.273,0.213,0.302,0.351,0.287,0.291,76.0,-2.7,-10.4,-7.6,-0.9,,,1
198,2023,Tyler Soderstrom,OAK,45,138,3,9,7,0,0.08,0.312,0.08,0.213,0.16,0.232,0.24,0.216,0.276,34.0,-0.3,-11.2,-3.4,-1.0,,,1
199,2023,Oscar Colás,CHW,75,263,5,32,19,4,0.046,0.27,0.098,0.281,0.216,0.257,0.314,0.249,0.264,53.0,-0.5,-15.3,-4.0,-1.0,,,0
200,2023,Michael Toglia,COL,45,152,4,18,9,1,0.066,0.329,0.121,0.218,0.163,0.224,0.284,0.225,0.255,24.0,-0.6,-15.0,-1.5,-1.1,,,0
1,2024,Jackson Merrill,SDP,156,593,24,77,90,16,0.049,0.17,0.208,0.318,0.292,0.326,0.5,0.352,0.376,130.0,3.7,25.0,6.5,5.3,,,1
2,2024,Colton Cowser,BAL,153,561,24,77,69,9,0.093,0.307,0.204,0.317,0.242,0.321,0.447,0.331,0.331,120.0,1.1,13.7,6.4,4.0,,,1
3,2024,Jackson Chourio,MIL,148,573,21,80,79,22,0.068,0.211,0.189,0.32,0.275,0.327,0.464,0.339,0.33,117.0,4.0,15.7,3.1,3.9,,,1
4,2024,Masyn Winn,STL,150,637,15,85,57,11,0.064,0.171,0.148,0.303,0.267,0.314,0.416,0.315,0.296,103.0,2.2,4.9,8.6,3.6,,,1
5,2024,Austin Wells,NYY,115,414,13,42,55,1,0.114,0.21,0.167,0.261,0.229,0.322,0.395,0.315,0.341,105.0,-1.8,0.7,18.9,3.4,,,0
6,2024,Lawrence Butler,OAK,125,451,22,63,57,18,0.078,0.239,0.228,0.301,0.262,0.317,0.49,0.345,0.347,130.0,3.8,19.4,-2.4,3.3,,,0
7,2024,Joey Ortiz,MIL,142,511,11,58,60,11,0.11,0.202,0.159,0.283,0.239,0.329,0.398,0.319,0.307,104.0,-0.2,2.1,11.3,3.1,,,1
8,2024,Wilyer Abreu,BOS,132,447,15,59,58,8,0.089,0.28,0.206,0.326,0.253,0.322,0.459,0.336,0.322,114.0,1.3,8.5,6.3,3.1,,,0
9,2024,Tyler Fitzgerald,SFG,96,341,15,53,34,17,0.065,0.317,0.217,0.38,0.28,0.334,0.497,0.357,0.295,132.0,3.9,16.8,0.7,3.0,,,0
10,2024,Wyatt Langford,TEX,134,557,16,74,74,19,0.092,0.206,0.162,0.296,0.253,0.325,0.415,0.321,0.333,110.0,4.3,10.5,-0.6,2.9,,,1
11,2024,Pete Crow-Armstrong,CHC,123,410,10,46,47,27,0.051,0.239,0.148,0.292,0.237,0.286,0.384,0.289,0.285,87.0,4.9,-1.4,14.1,2.7,,,1
12,2024,Jacob Young,WSN,150,521,3,75,36,33,0.058,0.196,0.075,0.321,0.256,0.316,0.331,0.29,0.29,85.0,4.3,-5.1,13.3,2.6,,,0
13,2024,Otto Lopez,MIA,117,434,6,49,39,20,0.058,0.173,0.107,0.318,0.27,0.313,0.377,0.302,0.316,91.0,2.4,-2.5,12.2,2.5,,,0
14,2024,Michael Busch,CHC,152,567,21,73,65,2,0.111,0.286,0.192,0.322,0.248,0.335,0.44,0.336,0.321,119.0,-1.6,11.1,-8.0,2.3,,,1
15,2024,Heliot Ramos,SFG,121,518,22,54,72,6,0.071,0.261,0.2,0.329,0.269,0.322,0.469,0.339,0.34,120.0,-0.6,11.5,-6.9,2.3,1.0,,0
16,2024,Xavier Edwards,MIA,70,303,1,39,26,31,0.109,0.172,0.094,0.398,0.328,0.397,0.423,0.359,0.297,128.0,6.2,16.5,-5.4,2.2,1.0,,0
17,2024,Parker Meadows,DET,82,298,9,39,28,9,0.084,0.255,0.189,0.306,0.244,0.31,0.433,0.321,0.301,111.0,3.0,6.7,4.1,2.1,,,0
18,2024,Iván Herrera,STL,72,259,5,37,27,5,0.097,0.205,0.127,0.37,0.301,0.372,0.428,0.351,0.369,127.0,1.9,10.4,1.6,2.1,,,1
19,2024,Spencer Horwitz,TOR,97,381,12,46,40,0,0.11,0.184,0.168,0.3,0.265,0.357,0.433,0.344,0.337,127.0,-3.7,8.2,-2.5,1.9,,,0
20,2024,Garrett Mitchell,MIL,69,224,8,33,21,11,0.112,0.317,0.214,0.359,0.255,0.342,0.469,0.351,0.312,126.0,2.2,9.1,1.3,1.8,1.0,,0
21,2024,Colt Keith,DET,148,556,13,54,61,7,0.065,0.198,0.12,0.306,0.26,0.309,0.38,0.301,0.313,97.0,0.3,-1.9,0.9,1.8,,,1
22,2024,David Hamilton,BOS,98,317,8,47,28,33,0.069,0.252,0.146,0.316,0.248,0.303,0.395,0.305,0.285,92.0,6.2,3.4,2.1,1.7,,,0
23,2024,Max Schuemann,OAK,133,459,7,55,34,14,0.102,0.259,0.088,0.292,0.22,0.311,0.308,0.281,0.297,85.0,2.3,-5.4,3.0,1.3,,,0
24,2024,Andy Pages,LAD,116,443,13,65,46,1,0.065,0.244,0.159,0.304,0.248,0.305,0.407,0.31,0.326,100.0,-0.5,-0.6,-1.3,1.3,,,0
25,2024,Nick Gonzales,PIT,94,387,7,42,49,5,0.047,0.191,0.128,0.319,0.27,0.311,0.398,0.307,0.319,94.0,0.2,-2.7,2.6,1.3,1.0,,0
26,2024,James Wood,WSN,79,336,9,43,41,14,0.116,0.289,0.163,0.365,0.264,0.354,0.427,0.342,0.351,120.0,0.4,8.5,-7.8,1.2,,,1
27,2024,Brayan Rocchio,CLE,143,442,8,50,36,10,0.1,0.204,0.11,0.245,0.206,0.298,0.316,0.276,0.277,79.0,-2.2,-12.8,8.6,1.1,,,1
28,2024,Michael Siani,STL,124,334,2,42,20,20,0.063,0.275,0.057,0.322,0.228,0.285,0.285,0.257,0.241,64.0,2.8,-11.6,10.7,1.1,,,0
29,2024,Wenceel Pérez,DET,112,425,9,51,37,9,0.075,0.216,0.141,0.294,0.242,0.3,0.383,0.299,0.292,95.0,1.5,-0.8,-3.2,1.1,,,0
30,2024,Jonny DeLuca,TBR,107,362,6,29,31,16,0.066,0.213,0.114,0.265,0.217,0.278,0.331,0.269,0.277,77.0,0.6,-8.9,5.8,0.9,,,0
31,2024,Ceddanne Rafaela,BOS,152,571,15,70,75,19,0.026,0.264,0.143,0.312,0.246,0.274,0.39,0.286,0.278,79.0,0.6,-13.0,2.2,0.9,,,0
32,2024,Adrian Del Castillo,ARI,25,87,4,12,19,1,0.08,0.322,0.213,0.438,0.313,0.368,0.525,0.384,0.299,146.0,-0.9,4.0,0.3,0.7,,,1
33,2024,Luisangel Acuña,NYM,14,40,3,6,6,0,0.025,0.15,0.333,0.3,0.308,0.325,0.641,0.406,0.309,166.0,-0.1,3.0,2.4,0.7,,,0
34,2024,Dane Myers,MIA,44,108,3,17,19,4,0.074,0.333,0.179,0.379,0.263,0.333,0.442,0.335,0.322,112.0,0.1,1.7,1.4,0.7,,,0
35,2024,Nathan Lukes,TOR,22,91,1,13,10,1,0.11,0.099,0.145,0.319,0.303,0.371,0.447,0.351,0.327,132.0,0.5,3.8,-0.2,0.7,,,0
36,2024,Rece Hinds,CIN,24,51,5,9,11,2,0.078,0.314,0.457,0.28,0.261,0.333,0.717,0.433,0.396,175.0,1.1,5.7,-0.8,0.7,,,0
37,2024,Nolan Schanuel,LAA,147,607,13,62,54,10,0.112,0.17,0.112,0.285,0.25,0.343,0.362,0.315,0.322,104.0,-3.5,-0.7,-13.0,0.7,,,0
38,2024,Junior Caminero,TBR,43,177,6,15,18,2,0.062,0.215,0.176,0.289,0.248,0.299,0.424,0.309,0.3,105.0,-0.1,1.0,-0.7,0.6,,,1
39,2024,Jhonkensy Noel,CLE,67,198,13,25,28,0,0.066,0.318,0.268,0.25,0.218,0.288,0.486,0.331,0.325,118.0,-0.6,3.4,-4.1,0.6,,,0
40,2024,Will Wagner,TOR,24,86,2,8,11,0,0.047,0.186,0.146,0.359,0.305,0.337,0.451,0.342,0.357,125.0,-0.4,2.1,0.9,0.6,,,0
41,2024,Leo Jiménez,TOR,63,210,4,18,19,0,0.057,0.281,0.128,0.311,0.229,0.329,0.358,0.308,0.314,102.0,-1.5,-1.0,-0.1,0.6,,,0
42,2024,Rafael Marchán,PHI,17,56,3,8,6,0,0.054,0.143,0.255,0.3,0.294,0.345,0.549,0.382,0.394,146.0,-0.5,2.6,1.3,0.6,,,0
43,2024,Dylan Crews,WSN,31,132,3,12,8,12,0.083,0.197,0.134,0.253,0.218,0.288,0.353,0.283,0.325,80.0,1.6,-1.6,2.2,0.5,,,1
44,2024,Pedro Pagés,STL,68,218,7,19,27,2,0.06,0.266,0.139,0.295,0.238,0.281,0.376,0.286,0.275,83.0,-0.4,-4.7,2.1,0.5,,,0
45,2024,Trey Sweeney,DET,36,119,4,11,17,2,0.059,0.269,0.155,0.267,0.218,0.269,0.373,0.279,0.301,81.0,-0.3,-2.8,3.1,0.4,,,0
46,2024,Ryan Bliss,SEA,33,71,2,10,9,5,0.07,0.31,0.175,0.308,0.222,0.29,0.397,0.3,0.321,101.0,0.0,0.1,1.7,0.4,,,0
47,2024,Eguy Rosario,SDP,30,57,3,5,6,0,0.035,0.351,0.283,0.333,0.245,0.286,0.528,0.345,0.284,125.0,-0.9,0.8,1.4,0.4,,,0
48,2024,César Salazar,HOU,12,32,0,5,8,0,0.063,0.188,0.08,0.381,0.32,0.387,0.4,0.343,0.341,126.0,0.3,1.2,1.8,0.4,,,0
49,2024,Griffin Conine,MIA,30,89,3,14,12,0,0.067,0.315,0.183,0.373,0.268,0.326,0.451,0.337,0.287,114.0,-0.5,0.9,0.0,0.4,,,0
50,2024,Steward Berroa,TOR,28,45,0,7,1,6,0.178,0.311,0.027,0.304,0.189,0.333,0.216,0.268,0.242,74.0,0.5,-0.8,3.0,0.4,,,0
51,2024,Nasim Nuñez,WSN,51,78,0,14,1,8,0.154,0.192,0.016,0.326,0.246,0.37,0.262,0.3,0.262,92.0,-0.3,-1.1,2.0,0.4,,,0
52,2024,Weston Wilson,PHI,41,98,3,13,10,3,0.082,0.296,0.205,0.386,0.284,0.347,0.489,0.358,0.312,130.0,0.4,4.0,-3.8,0.4,,,0
53,2024,Davis Schneider,TOR,135,454,13,48,46,6,0.104,0.317,0.151,0.257,0.191,0.282,0.343,0.277,0.297,80.0,-0.4,-10.6,-1.1,0.4,,,0
54,2024,Heston Kjerstad,BAL,39,114,4,8,14,1,0.088,0.289,0.141,0.339,0.253,0.351,0.394,0.327,0.301,116.0,-0.2,1.9,-2.7,0.3,1.0,,1
55,2024,Nick Sogard,BOS,31,86,0,13,8,3,0.081,0.291,0.052,0.389,0.273,0.326,0.325,0.289,0.309,81.0,0.4,-1.5,1.6,0.3,,,0
56,2024,Billy Cook,PIT,16,49,3,5,8,1,0.0,0.388,0.224,0.296,0.224,0.224,0.449,0.285,0.283,79.0,0.2,-1.0,2.4,0.3,,,0
57,2024,Tyler Soderstrom,OAK,61,213,9,18,26,0,0.094,0.249,0.196,0.273,0.233,0.315,0.429,0.322,0.348,114.0,-2.1,1.4,-5.6,0.3,,,1
58,2024,Daniel Schneemann,CLE,73,221,5,17,22,3,0.113,0.317,0.15,0.306,0.218,0.303,0.368,0.295,0.279,93.0,-2.8,-4.6,0.1,0.3,,,0
59,2024,Chadwick Tromp,ATL,19,54,0,3,6,0,0.019,0.315,0.115,0.361,0.25,0.259,0.365,0.266,0.255,68.0,0.0,-2.1,3.0,0.3,,,0
60,2024,Austin Shenton,TBR,19,50,1,3,3,0,0.16,0.28,0.19,0.296,0.214,0.34,0.405,0.33,0.289,120.0,-0.2,0.9,0.0,0.3,,,0
61,2024,Drew Millas,WSN,20,62,1,7,1,4,0.081,0.258,0.07,0.325,0.246,0.306,0.316,0.28,0.266,78.0,1.0,-0.6,1.0,0.3,,,0
62,2024,Alexander Canario,CHC,15,28,1,4,2,1,0.071,0.393,0.16,0.462,0.28,0.357,0.44,0.35,0.299,128.0,0.0,1.0,0.2,0.2,,,0
63,2024,Buddy Kennedy,2 Tms,14,26,1,3,6,1,0.154,0.269,0.19,0.214,0.19,0.308,0.381,0.301,0.395,95.0,0.0,-0.2,1.3,0.2,,,0
64,2024,Kyle McCann,OAK,54,157,5,13,15,0,0.102,0.376,0.136,0.368,0.236,0.318,0.371,0.304,0.28,102.0,-2.7,-2.4,-1.0,0.2,,,0
65,2024,Mason McCoy,SDP,19,57,0,7,3,1,0.088,0.333,0.041,0.333,0.204,0.278,0.245,0.241,0.239,55.0,0.8,-2.2,2.0,0.2,,,0
66,2024,Darren Baker,WSN,9,14,0,1,0,0,0.0,0.214,0.143,0.636,0.5,0.5,0.643,0.494,0.206,223.0,0.0,2.0,-0.8,0.2,,,0
67,2024,Jung Hoo Lee,SFG,37,158,2,15,8,2,0.063,0.082,0.069,0.273,0.262,0.31,0.331,0.284,0.324,83.0,-0.2,-3.4,-0.4,0.2,,,0
68,2024,Dustin Harris,TEX,2,7,1,1,3,0,0.143,0.286,0.667,0.333,0.333,0.429,1.0,0.57,0.385,285.0,0.0,1.5,-0.2,0.2,,,0
69,2024,Oliver Dunn,MIL,41,104,1,11,7,3,0.058,0.385,0.095,0.37,0.221,0.282,0.316,0.266,0.262,68.0,0.8,-3.1,0.9,0.1,,,0
70,2024,Joey Loperfido,2 Tms,81,262,4,24,25,4,0.05,0.363,0.136,0.331,0.214,0.264,0.35,0.268,0.256,74.0,-0.4,-8.2,0.6,0.1,,,0
71,2024,Jonatan Clase,2 Tms,26,66,1,7,5,3,0.045,0.258,0.082,0.326,0.246,0.303,0.328,0.283,0.216,87.0,0.4,-0.5,-0.6,0.1,,,0
72,2024,Evan Carter,TEX,45,162,5,23,15,2,0.093,0.265,0.174,0.227,0.188,0.272,0.361,0.278,0.282,80.0,1.2,-2.6,-1.8,0.1,,,1
73,2024,Cal Stevenson,PHI,18,27,0,2,6,0,0.111,0.148,0.125,0.3,0.25,0.333,0.375,0.314,0.31,100.0,-0.6,-0.6,0.6,0.1,,,0
74,2024,Hunter Feduccia,LAD,5,14,0,2,1,0,0.143,0.143,0.0,0.4,0.333,0.429,0.333,0.35,0.288,127.0,-0.1,0.4,0.0,0.1,,,0
75,2024,Greg Jones,COL,6,6,1,1,1,0,0.167,0.667,0.6,0.0,0.2,0.333,0.8,0.456,0.448,184.0,0.0,0.6,0.0,0.1,,,0
76,2024,Jace Jung,DET,34,94,0,14,3,0,0.16,0.309,0.063,0.38,0.241,0.362,0.304,0.308,0.295,102.0,-0.4,-0.2,-2.1,0.1,,,0
77,2024,Connor Norby,2 Tms,45,194,9,32,20,3,0.077,0.33,0.202,0.311,0.236,0.294,0.438,0.316,0.318,101.0,-1.9,-1.7,-3.9,0.1,,,0
78,2024,Logan Driscoll,TBR,15,37,1,2,5,0,0.027,0.162,0.086,0.172,0.171,0.189,0.257,0.193,0.257,24.0,-0.1,-3.3,2.8,0.1,,,0
79,2024,Livan Soto,2 Tms,13,16,0,1,0,0,0.188,0.188,0.077,0.3,0.231,0.375,0.308,0.318,0.359,113.0,-0.1,0.1,0.1,0.1,,,0
80,2024,Michael Helman,MIN,9,10,0,2,0,0,0.0,0.3,0.2,0.429,0.3,0.3,0.5,0.339,0.114,123.0,0.1,0.4,0.0,0.1,,,0
81,2024,Estevan Florial,CLE,36,111,3,11,11,2,0.099,0.369,0.194,0.259,0.173,0.264,0.367,0.277,0.249,80.0,0.9,-1.6,-1.4,0.1,1.0,,0
82,2024,Jordyn Adams,LAA,11,38,1,4,4,2,0.079,0.316,0.086,0.318,0.229,0.289,0.314,0.271,0.311,72.0,0.5,-0.7,0.1,0.1,,,0
83,2024,Andrés Chaparro,WSN,33,132,4,12,15,1,0.053,0.182,0.198,0.237,0.215,0.28,0.413,0.301,0.303,93.0,-0.9,-2.0,-1.7,0.1,,,0
84,2024,Brooks Baldwin,CHW,33,121,2,9,8,4,0.05,0.256,0.105,0.272,0.211,0.25,0.316,0.249,0.271,58.0,1.3,-4.5,1.1,0.1,,,0
85,2024,Jahmai Jones,NYY,33,47,1,8,4,1,0.043,0.34,0.143,0.36,0.238,0.304,0.381,0.302,0.268,96.0,-0.4,-0.6,-0.4,0.1,1.0,,0
86,2024,Leo Rivas,SEA,43,86,0,10,8,3,0.116,0.279,0.041,0.347,0.233,0.333,0.274,0.282,0.303,88.0,0.3,-0.8,-1.5,0.1,,,0
87,2024,Jacob Wilson,OAK,28,103,0,11,3,0,0.078,0.097,0.065,0.277,0.25,0.314,0.315,0.281,0.291,86.0,-0.3,-2.0,-0.9,0.1,,,1
88,2024,Samad Taylor,SEA,3,5,0,2,0,0,0.0,0.2,0.0,0.5,0.4,0.4,0.4,0.353,0.171,138.0,0.0,0.2,0.0,0.0,,,0
89,2024,Eric Wagaman,LAA,18,74,2,6,10,0,0.027,0.23,0.153,0.302,0.25,0.27,0.403,0.29,0.307,86.0,0.1,-1.1,-1.0,0.0,,,0
90,2024,Cade Marlowe,SEA,8,9,0,1,0,0,0.111,0.111,0.0,0.286,0.25,0.333,0.25,0.273,0.322,82.0,0.2,0.0,0.0,0.0,,,0
91,2024,José Tena,2 Tms,44,168,3,14,15,6,0.042,0.244,0.087,0.342,0.267,0.298,0.354,0.286,0.302,83.0,0.4,-3.0,-2.3,0.0,,,0
92,2024,Kyle Manzardo,CLE,53,156,5,11,15,0,0.058,0.263,0.186,0.29,0.234,0.282,0.421,0.303,0.276,98.0,0.0,-0.4,-4.6,0.0,,,1
93,2024,Aaron Schunk,COL,39,98,2,14,7,0,0.041,0.316,0.096,0.328,0.234,0.265,0.33,0.257,0.235,49.0,-0.6,-6.6,3.5,0.0,,,0
94,2024,Brandon Lockridge,SDP,12,12,1,4,1,2,0.0,0.333,0.25,0.143,0.167,0.167,0.417,0.244,0.177,58.0,0.4,-0.2,-0.1,0.0,,,0
95,2024,Blake Dunn,CIN,19,29,1,8,1,2,0.069,0.379,0.154,0.214,0.154,0.241,0.308,0.247,0.241,50.0,0.7,-1.0,0.2,0.0,,,0
96,2024,Eddy Alvarez,NYM,13,11,0,2,0,0,0.091,0.182,0.0,0.0,0.0,0.182,0.0,0.128,0.262,-21.0,0.6,-1.0,0.7,0.0,,,0
98,2024,Carlos Narvaez,NYY,6,15,0,0,0,0,0.133,0.4,0.0,0.429,0.231,0.333,0.231,0.268,0.299,72.0,-0.2,-0.7,0.1,0.0,,,0
99,2024,DaShawn Keirsey Jr.,MIN,6,14,1,1,1,0,0.0,0.071,0.231,0.091,0.154,0.214,0.385,0.261,0.326,68.0,0.0,-0.5,0.0,0.0,,,0
100,2024,Jorge Barrosa,ARI,8,18,0,3,1,1,0.0,0.111,0.118,0.2,0.176,0.176,0.294,0.199,0.332,22.0,0.2,-1.5,0.8,0.0,,,0
101,2024,José Devers,MIA,3,4,0,1,0,0,0.0,0.25,0.0,0.333,0.25,0.25,0.25,0.22,0.295,35.0,-0.1,-0.4,0.2,0.0,,,0
102,2024,Jhonny Pereda,MIA,20,40,0,2,4,0,0.0,0.25,0.0,0.31,0.231,0.25,0.231,0.216,0.249,33.0,-0.2,-3.4,1.9,0.0,,,0
103,2024,Zach DeLoach,CHW,22,75,1,10,5,0,0.107,0.28,0.119,0.289,0.209,0.293,0.328,0.279,0.259,79.0,-0.5,-2.3,-0.4,0.0,,,0
104,2024,Jackson Holliday,BAL,60,208,5,28,23,4,0.072,0.332,0.121,0.265,0.189,0.255,0.311,0.251,0.262,63.0,0.8,-8.0,0.8,0.0,,,1
105,2024,David Bañuelos,BAL,1,1,0,0,0,0,0.0,0.0,0.0,0.0,0.0,0.0,0.0,0.0,0.005,-100.0,0.0,-0.2,0.0,0.0,,,0
106,2024,Chris Roller,MIL,1,1,0,0,0,0,0.0,1.0,0.0,0.0,0.0,0.0,0.0,0.0,0.0,-100.0,0.0,-0.3,0.0,0.0,,,0
107,2024,J.P. Martínez,ATL,7,10,0,2,0,1,0.0,0.4,0.1,0.333,0.2,0.2,0.3,0.214,0.092,32.0,0.3,-0.6,0.0,0.0,,,0
108,2024,Eric Yang,CIN,1,1,0,0,0,0,0.0,1.0,0.0,0.0,0.0,0.0,0.0,0.0,0.0,-100.0,0.0,-0.3,0.0,0.0,,,0
109,2024,Daniel Johnson,BAL,1,1,0,1,0,0,0.0,0.0,0.0,0.0,0.0,0.0,0.0,0.0,0.182,-100.0,0.0,-0.2,-0.2,0.0,,,0
110,2024,Jakson Reetz,SFG,6,15,1,1,1,0,0.067,0.333,0.286,0.125,0.143,0.2,0.429,0.266,0.271,71.0,0.0,-0.5,-0.4,0.0,,,0
111,2024,Thomas Saggese,STL,18,52,1,5,4,0,0.038,0.269,0.102,0.265,0.204,0.25,0.306,0.247,0.254,57.0,-0.1,-2.8,0.6,0.0,,,0
112,2024,Angel Martínez,CLE,43,169,3,16,11,3,0.089,0.195,0.106,0.274,0.232,0.298,0.338,0.282,0.27,83.0,0.7,-2.6,-3.5,0.0,,,0
113,2024,Dillon Dingler,DET,27,87,1,2,11,0,0.034,0.345,0.143,0.245,0.167,0.195,0.31,0.217,0.28,37.0,0.2,-6.0,2.6,0.0,,,0
114,2024,Nick Yorke,PIT,11,42,2,4,5,2,0.095,0.286,0.162,0.25,0.216,0.286,0.378,0.289,0.383,82.0,0.1,-0.8,-1.1,-0.1,,,1
115,2024,Jacob Hurtubise,CIN,29,68,0,7,4,2,0.088,0.265,0.056,0.27,0.185,0.297,0.241,0.253,0.265,53.0,0.7,-3.1,0.3,-0.1,,,0
116,2024,Conner Capel,CIN,5,8,0,1,0,1,0.0,0.25,0.0,0.333,0.25,0.25,0.25,0.22,0.187,32.0,0.2,-0.5,-0.4,-0.1,,,0
117,2024,Orelvis Martinez,TOR,1,3,0,0,0,0,0.0,0.333,0.0,0.5,0.333,0.333,0.333,0.294,0.285,92.0,-0.1,-0.1,-0.7,-0.1,,,0
118,2024,Bryce Johnson,SDP,47,73,0,9,4,1,0.096,0.164,0.032,0.255,0.206,0.286,0.238,0.243,0.287,57.0,-0.2,-4.0,0.9,-0.1,,,0
119,2024,Tyler Black,MIL,18,57,0,4,2,3,0.123,0.298,0.041,0.313,0.204,0.316,0.245,0.265,0.25,68.0,0.6,-1.6,-1.0,-0.1,,,0
120,2024,Vinny Capra,MIL,3,9,0,1,0,0,0.0,0.333,0.111,0.167,0.111,0.111,0.222,0.139,0.055,-17.0,0.2,-1.1,0.0,-0.1,,,0
121,2024,Gustavo Campero,LAA,13,48,1,6,6,3,0.0,0.167,0.109,0.27,0.239,0.271,0.348,0.271,0.254,73.0,0.5,-1.0,-1.4,-0.1,,,0
122,2024,Luis Vazquez,CHC,11,14,0,2,1,0,0.0,0.429,0.0,0.143,0.083,0.143,0.083,0.114,0.168,-31.0,0.0,-2.2,0.9,-0.1,,,0
123,2024,Blaze Alexander,ARI,61,185,3,19,21,3,0.081,0.265,0.096,0.333,0.247,0.321,0.343,0.298,0.26,88.0,0.1,-2.5,-4.5,-0.1,,,0
124,2024,Jerar Encarnacion,SFG,35,119,5,13,19,1,0.042,0.286,0.177,0.307,0.248,0.277,0.425,0.301,0.355,94.0,-1.1,-1.9,-3.0,-0.1,,,0
125,2024,Sandro Fabian,TEX,3,5,0,0,0,0,0.0,0.0,0.0,0.0,0.0,0.0,0.0,0.0,0.209,-100.0,0.0,-1.2,0.0,-0.1,,,0
126,2024,Tyler Gentry,KCR,3,5,0,0,0,0,0.0,0.4,0.0,0.0,0.0,0.0,0.0,0.0,0.082,-100.0,0.0,-1.3,0.0,-0.1,,,0
127,2024,Brett Sullivan,SDP,7,17,1,1,2,0,0.059,0.235,0.188,0.182,0.188,0.235,0.375,0.265,0.176,72.0,-0.1,-0.7,-1.0,-0.1,,,0
128,2024,Jair Camargo,MIN,5,7,0,1,0,0,0.143,0.429,0.0,0.0,0.0,0.143,0.0,0.098,0.188,-46.0,0.0,-1.2,-0.2,-0.1,,,0
129,2024,Kevin Alcántara,CHC,3,10,0,1,0,0,0.0,0.1,0.0,0.111,0.1,0.1,0.1,0.088,0.186,-48.0,0.1,-1.7,0.2,-0.1,,,1
130,2024,Luken Baker,STL,21,49,2,3,10,1,0.143,0.224,0.225,0.172,0.175,0.286,0.4,0.294,0.282,89.0,-0.2,-0.9,-1.9,-0.1,,,0
131,2024,Grant Koch,PIT,3,8,0,1,0,0,0.125,0.75,0.0,0.0,0.0,0.125,0.0,0.086,0.089,-55.0,0.0,-1.5,0.1,-0.1,,,0
132,2024,Luis De Los Santos,TOR,13,31,0,2,1,0,0.065,0.323,0.069,0.263,0.172,0.226,0.241,0.211,0.211,33.0,0.0,-2.4,0.0,-0.1,,,0
133,2024,Duke Ellis,2 Tms,11,5,0,1,0,5,0.0,0.4,0.0,0.333,0.2,0.2,0.2,0.176,0.254,21.0,1.0,0.5,-2.0,-0.1,,,0
134,2024,Trey Cabbage,HOU,45,91,1,12,8,1,0.044,0.374,0.128,0.333,0.209,0.253,0.337,0.258,0.26,67.0,-0.1,-3.5,-0.9,-0.1,,,0
135,2024,Jonathan Ornelas,TEX,18,40,0,1,3,0,0.05,0.325,0.054,0.333,0.216,0.256,0.27,0.235,0.246,49.0,-0.2,-2.5,-0.3,-0.2,,,0
136,2024,Jasson Domínguez,NYY,18,67,2,8,4,5,0.164,0.284,0.125,0.229,0.179,0.313,0.304,0.285,0.308,84.0,-0.1,-1.3,-2.4,-0.2,1.0,,1
137,2024,Jamie Westbrook,BOS,21,48,2,4,7,0,0.083,0.292,0.2,0.154,0.15,0.234,0.35,0.252,0.313,55.0,-0.8,-3.3,0.2,-0.2,,,0
138,2024,Trenton Brooks,SFG,12,29,0,3,1,1,0.138,0.207,0.0,0.158,0.12,0.241,0.12,0.186,0.26,17.0,0.1,-2.7,0.2,-0.2,,,0
139,2024,Brewer Hicklen,MIL,3,5,0,0,0,1,0.0,0.8,0.0,0.0,0.0,0.0,0.0,0.0,0.055,-100.0,0.2,-1.1,-0.7,-0.2,,,0
140,2024,Javier Sanoja,MIA,15,36,0,3,2,0,0.028,0.111,0.057,0.258,0.229,0.25,0.286,0.236,0.24,46.0,0.2,-2.1,-0.8,-0.2,,,0
141,2024,Isaac Collins,MIL,11,19,0,0,0,1,0.105,0.526,0.0,0.286,0.118,0.211,0.118,0.165,0.162,1.0,0.2,-2.1,-0.3,-0.2,,,0
142,2024,Tyler Locklear,SEA,16,49,2,3,3,1,0.061,0.408,0.156,0.217,0.156,0.224,0.311,0.238,0.228,58.0,0.1,-2.2,-1.2,-0.2,,,0
143,2024,Levi Jordan,CIN,7,11,0,1,1,0,0.0,0.273,0.1,0.125,0.1,0.091,0.2,0.114,0.133,-40.0,0.0,-1.8,-0.4,-0.2,,,0
144,2024,Forrest Wall,2 Tms,16,35,0,4,1,4,0.086,0.229,0.0,0.333,0.25,0.314,0.25,0.261,0.235,64.0,-0.4,-1.9,-1.1,-0.2,,,0
145,2024,Tristan Gray,2 Tms,15,31,0,0,0,0,0.097,0.516,0.036,0.25,0.107,0.194,0.143,0.164,0.207,6.0,-0.1,-3.6,0.7,-0.2,,,0
146,2024,Niko Kavadas,LAA,30,106,4,11,8,1,0.104,0.387,0.151,0.271,0.183,0.283,0.333,0.278,0.295,77.0,-0.6,-3.3,-2.2,-0.2,,,0
147,2024,David Hensley,MIA,23,58,1,9,4,1,0.103,0.293,0.077,0.294,0.212,0.293,0.288,0.265,0.215,65.0,0.2,-2.2,-1.8,-0.2,,,0
148,2024,Grant McCray,SFG,37,130,5,13,10,5,0.046,0.431,0.177,0.317,0.202,0.238,0.379,0.266,0.255,71.0,1.8,-2.8,-3.7,-0.2,,,0
149,2024,Zach Dezenzo,HOU,19,65,2,5,8,0,0.046,0.338,0.129,0.342,0.242,0.277,0.371,0.283,0.3,84.0,0.0,-1.2,-3.2,-0.2,,,0
150,2024,Ali Sánchez,MIA,31,96,0,5,4,2,0.042,0.25,0.024,0.23,0.167,0.211,0.19,0.184,0.216,11.0,-0.2,-10.4,5.0,-0.2,,,0
151,2024,Kameron Misner,TBR,8,15,0,0,0,0,0.0,0.667,0.0,0.2,0.067,0.067,0.067,0.059,0.087,-71.0,0.0,-2.9,0.2,-0.2,,,0
152,2024,Nick Loftin,KCR,57,171,1,15,14,1,0.111,0.14,0.047,0.216,0.189,0.282,0.236,0.242,0.284,50.0,0.1,-9.7,1.8,-0.2,,,0
153,2024,Johnathan Rodriguez,CLE,13,40,0,6,5,0,0.225,0.35,0.032,0.235,0.129,0.325,0.161,0.253,0.254,63.0,0.0,-1.8,-2.0,-0.2,,,0
154,2024,Austin Martin,MIN,93,257,1,41,16,7,0.078,0.183,0.099,0.314,0.253,0.318,0.352,0.297,0.302,94.0,1.0,-0.9,-10.1,-0.2,1.0,,1
155,2024,Armando Alvarez,OAK,16,39,0,7,2,1,0.051,0.205,0.027,0.31,0.243,0.282,0.27,0.248,0.285,62.0,0.0,-1.6,-2.1,-0.3,,,0
156,2024,Jack López,LAA,27,71,1,4,6,0,0.028,0.352,0.09,0.39,0.254,0.286,0.343,0.277,0.204,77.0,-0.1,-2.0,-2.9,-0.3,,,0
157,2024,Brett Harris,OAK,36,123,3,15,12,0,0.138,0.203,0.117,0.158,0.146,0.276,0.262,0.252,0.278,65.0,-1.4,-6.3,-0.3,-0.3,,,0
158,2024,Bryce Teodosio,LAA,5,12,0,1,0,0,0.0,0.417,0.0,0.143,0.083,0.083,0.083,0.073,0.12,-66.0,0.0,-2.3,-0.7,-0.3,,,0
159,2024,Brooks Lee,MIN,50,185,3,9,27,3,0.059,0.146,0.099,0.243,0.221,0.265,0.32,0.252,0.276,62.0,0.0,-8.0,-0.7,-0.3,,,1
160,2024,Davis Wendzel,TEX,27,49,1,2,2,0,0.02,0.245,0.106,0.147,0.128,0.163,0.234,0.176,0.268,7.0,0.1,-5.1,0.8,-0.3,,,0
161,2024,Ben Rice,NYY,50,178,7,20,23,0,0.112,0.27,0.178,0.186,0.171,0.264,0.349,0.269,0.336,73.0,-0.5,-6.0,-2.7,-0.3,,,0
162,2024,Curtis Mead,TBR,38,132,1,10,7,2,0.045,0.227,0.049,0.304,0.238,0.282,0.287,0.255,0.282,67.0,0.2,-4.7,-2.5,-0.3,,,1
163,2024,Mickey Gasper,BOS,13,23,0,1,0,0,0.174,0.348,0.0,0.0,0.0,0.217,0.0,0.151,0.309,-16.0,0.0,-3.1,-0.6,-0.3,,,0
164,2024,CJ Alexander,KCR,4,8,0,0,0,0,0.0,0.375,0.0,0.2,0.125,0.125,0.125,0.11,0.223,-43.0,0.0,-1.3,-1.9,-0.3,,,0
165,2024,Addison Barger,TOR,69,225,7,20,28,2,0.062,0.267,0.154,0.239,0.197,0.25,0.351,0.262,0.292,70.0,0.5,-7.2,-3.2,-0.3,,,0
166,2024,Graham Pauley,SDP,13,32,2,4,5,0,0.0,0.469,0.188,0.133,0.125,0.125,0.313,0.183,0.215,17.0,0.2,-3.0,-1.0,-0.3,,,0
167,2024,Alika Williams,PIT,37,96,0,13,5,1,0.031,0.229,0.092,0.277,0.207,0.242,0.299,0.237,0.254,47.0,-0.5,-6.7,0.5,-0.3,,,0
168,2024,Jacob Amaya,2 Tms,24,72,0,4,3,1,0.056,0.389,0.015,0.3,0.176,0.222,0.191,0.19,0.205,17.0,0.2,-6.6,1.1,-0.3,,,0
169,2024,Shay Whitcomb,HOU,20,46,0,1,5,0,0.109,0.174,0.073,0.273,0.22,0.304,0.293,0.272,0.343,76.0,-0.2,-1.4,-3.5,-0.3,,,0
170,2024,Ryan Vilade,DET,17,49,1,5,5,0,0.041,0.245,0.067,0.212,0.178,0.208,0.244,0.2,0.247,26.0,-0.1,-4.2,-0.8,-0.3,,,0
171,2024,Michael Stefanic,LAA,40,124,0,8,8,0,0.081,0.161,0.036,0.267,0.218,0.301,0.255,0.258,0.253,63.0,-0.4,-5.6,-2.0,-0.4,,,0
172,2024,Korey Lee,CHW,125,394,12,36,37,6,0.043,0.31,0.138,0.276,0.21,0.244,0.347,0.257,0.259,64.0,0.9,-15.2,-1.5,-0.4,,,0
173,2024,Grae Kessinger,HOU,23,25,0,4,0,0,0.12,0.28,0.0,0.0,0.0,0.16,0.0,0.112,0.218,-36.0,-0.2,-4.1,-0.4,-0.4,,,0
174,2024,Drew Romo,COL,16,53,0,4,6,0,0.038,0.34,0.059,0.273,0.176,0.208,0.235,0.197,0.171,9.0,-0.5,-6.2,0.8,-0.4,,,0
175,2024,Adael Amador,COL,10,36,0,1,0,1,0.028,0.167,0.029,0.207,0.171,0.194,0.2,0.176,0.257,-5.0,-0.8,-5.3,0.2,-0.4,,,1
176,2024,Matt Mervis,CHC,9,28,0,1,3,0,0.036,0.286,0.038,0.167,0.115,0.148,0.154,0.137,0.162,-15.0,-0.2,-4.0,-0.9,-0.4,,,0
177,2024,Bryan Ramos,CHW,32,108,3,13,11,0,0.065,0.204,0.131,0.227,0.202,0.252,0.333,0.257,0.287,64.0,-0.6,-5.1,-2.7,-0.4,,,0
178,2024,Pedro León,HOU,7,21,0,2,0,2,0.048,0.476,0.0,0.2,0.1,0.143,0.1,0.117,0.182,-33.0,-0.5,-3.7,-1.5,-0.5,,,0
179,2024,Victor Scott II,STL,53,155,2,14,10,5,0.039,0.271,0.103,0.233,0.179,0.219,0.283,0.221,0.25,40.0,0.9,-10.3,0.7,-0.5,,,0
180,2024,Darell Hernaiz,OAK,48,135,1,8,12,1,0.081,0.2,0.05,0.234,0.192,0.261,0.242,0.23,0.274,50.0,-0.7,-8.5,-0.6,-0.5,,,0
181,2024,Nacho Alvarez Jr.,ATL,8,32,0,1,0,0,0.0,0.313,0.0,0.15,0.1,0.156,0.1,0.128,0.197,-26.0,0.0,-4.8,-0.8,-0.5,,,0
182,2024,Justyn-Henry Malloy,DET,71,230,8,18,21,1,0.1,0.37,0.163,0.297,0.203,0.291,0.366,0.291,0.269,89.0,-0.8,-3.6,-8.7,-0.5,,,0
183,2024,Travis Blankenhorn,WSN,13,32,0,2,5,0,0.031,0.281,0.032,0.182,0.129,0.156,0.161,0.143,0.199,-13.0,0.0,-4.4,-1.4,-0.5,,,0
184,2024,Kyren Paris,LAA,21,59,1,4,5,1,0.119,0.288,0.098,0.152,0.118,0.224,0.216,0.207,0.265,28.0,0.2,-4.7,-2.0,-0.5,,,0
185,2024,Ryan Kreidler,DET,35,65,1,9,2,5,0.092,0.292,0.051,0.154,0.119,0.2,0.169,0.177,0.232,9.0,0.0,-6.8,-0.5,-0.5,,,0
186,2024,Chuckie Robinson,CHW,26,76,0,2,0,0,0.066,0.263,0.0,0.18,0.129,0.197,0.129,0.159,0.209,-5.0,-0.3,-9.4,1.6,-0.5,,,0
187,2024,Coby Mayo,BAL,17,46,0,4,0,0,0.087,0.478,0.0,0.211,0.098,0.196,0.098,0.152,0.224,-6.0,0.0,-5.6,-1.2,-0.6,,,1
188,2024,Sean Bouchard,COL,31,108,1,14,8,4,0.111,0.306,0.11,0.271,0.187,0.29,0.297,0.266,0.261,56.0,0.5,-5.2,-4.1,-0.6,,,0
189,2024,Kyle Stowers,2 Tms,69,209,3,15,24,0,0.062,0.354,0.125,0.319,0.208,0.268,0.333,0.265,0.292,67.0,-0.2,-8.4,-4.6,-0.6,,,0
190,2024,Marco Luciano,SFG,27,81,0,10,3,0,0.062,0.346,0.092,0.333,0.211,0.259,0.303,0.248,0.292,59.0,-0.2,-4.2,-5.2,-0.7,1.0,1.0,1
191,2024,Braden Shewmake,CHW,29,67,1,4,4,5,0.015,0.149,0.078,0.127,0.125,0.134,0.203,0.144,0.196,-15.0,0.9,-7.9,-1.2,-0.7,,,0
192,2024,José Fermín,STL,45,79,0,7,4,2,0.089,0.139,0.042,0.183,0.155,0.241,0.197,0.207,0.249,30.0,0.2,-6.4,-3.3,-0.7,,,0
193,2024,Trey Lipscomb,WSN,61,211,1,20,10,11,0.076,0.19,0.032,0.247,0.2,0.268,0.232,0.231,0.26,45.0,0.0,-13.7,-0.9,-0.8,,,0
194,2024,Dominic Fletcher,CHW,72,241,1,14,17,0,0.046,0.241,0.049,0.273,0.206,0.252,0.256,0.227,0.247,43.0,-0.5,-16.2,0.4,-0.8,,,0
195,2024,Justin Foscue,TEX,15,44,0,3,1,0,0.045,0.409,0.024,0.083,0.048,0.091,0.071,0.08,0.132,-60.0,0.0,-8.1,-1.3,-0.8,,,0
196,2024,Jordan Beck,COL,55,184,3,14,13,7,0.065,0.353,0.088,0.282,0.188,0.245,0.276,0.231,0.269,32.0,1.7,-13.3,-2.5,-1.0,,,0
197,2024,Hunter Goodman,COL,70,224,13,24,36,1,0.036,0.286,0.227,0.199,0.19,0.228,0.417,0.274,0.282,61.0,-0.3,-10.6,-8.5,-1.2,,,0
198,2024,Noelvi Marte,CIN,66,242,4,24,18,9,0.037,0.31,0.092,0.291,0.21,0.248,0.301,0.243,0.274,46.0,1.0,-14.5,-7.9,-1.5,1.0,1.0,1
