index,Name,Team,W,L,SV,G,GS,IP,K_9,BB_9,HR_9,BABIP,LOB_pct,GB_pct,HR_FB,vFA,ERA,xERA,FIP,xFIP,WAR,K/9,BB/9,K_BB,SIERA,Unnamed: 26,Unnamed: 27,Unnamed: 28,Unnamed: 29,Unnamed: 30,Unnamed: 31,Unnamed: 32,Unnamed: 33,Unnamed: 34,Unnamed: 35,Unnamed: 36,Unnamed: 37,Unnamed: 38,Unnamed: 39,Unnamed: 40,Unnamed: 41,Unnamed: 42,Unnamed: 43,Unnamed: 44,Unnamed: 45,Top50_Indicator
1,Taylor Cole,LAA,0,0,0,2,2,2.1,15.43,11.57,7.71,0.5,0.556,0.286,0.667,92.6,23.14,14.05,17.3,8.28,-0.3,15.43,11.57,1.33,5.42,,,,,,,,,,,,,,,,,,,,,0
2,Chris Flexen,NYM,0,1,0,1,1,3.0,6.0,9.0,3.0,0.364,0.526,0.25,0.143,92.5,15.0,8.33,10.16,9.68,-0.1,6.0,9.0,0.67,7.34,,,,,,,,,,,,,,,,,,,,,0
3,Luke Farrell,CHC,0,2,0,2,2,6.0,9.0,6.0,3.0,0.333,0.392,0.15,0.2,91.4,13.5,9.72,7.99,6.41,-0.2,9.0,6.0,1.5,5.61,,,,,,,,,,,,,,,,,,,,,0
4,Jalen Beeks,BOS,0,1,0,1,1,4.0,9.0,6.75,2.25,0.429,0.465,0.2,0.143,92.1,13.5,4.69,6.66,6.3,0.0,9.0,6.75,1.33,5.75,,,,,,,,,,,,,,,,,,,,,0
5,Evan Phillips,BAL,0,1,0,1,1,2.0,9.0,0.0,4.5,0.333,0.0,0.0,0.2,92.1,13.5,8.56,7.66,5.29,0.0,9.0,0.0,2.0,5.59,,,,,,,,,,,,,,,,,,,,,0
6,Stephen Gonsalves,MIN,0,2,0,4,4,12.1,4.38,9.49,1.46,0.44,0.54,0.308,0.125,90.0,11.68,12.47,7.7,7.74,-0.2,4.38,9.49,0.46,7.51,,,,,,,,,,,,,,,,,,,,,0
7,Drew Gagnon,NYM,0,1,0,1,1,4.2,5.79,1.93,3.86,0.333,0.556,0.333,0.333,91.5,11.57,7.03,9.37,5.93,-0.2,5.79,1.93,3.0,4.99,,,,,,,,,,,,,,,,,,,,,0
8,P.J. Conlon,NYM,0,0,0,2,2,5.2,3.18,3.18,3.18,0.417,0.625,0.269,0.167,86.2,11.12,6.59,8.1,7.01,-0.2,3.18,3.18,1.0,6.49,,,,,,,,,,,,,,,,,,,,,0
9,Zack Littell,MIN,0,1,0,2,2,7.0,6.43,7.71,1.29,0.333,0.548,0.375,0.1,92.0,10.29,6.9,6.59,7.09,-0.1,6.43,7.71,0.83,6.5,,,,,,,,,,,,,,,,,,,,,0
10,Deck McGuire,LAA,0,2,0,4,4,9.2,12.1,6.52,3.72,0.391,0.69,0.333,0.364,93.0,10.24,7.96,8.95,5.45,-0.3,12.1,6.52,1.86,4.57,,,,,,,,,,,,,,,,,,,,,0
11,Walker Lockett,SDP,0,3,0,3,3,13.0,6.92,6.23,2.77,0.326,0.607,0.532,0.286,92.3,9.69,6.8,7.7,5.48,-0.3,6.92,6.23,1.11,5.57,,,,,,,,,,,,,,,,,,,,,0
12,Burch Smith,KCR,1,4,0,6,6,22.1,8.06,3.63,2.42,0.338,0.49,0.397,0.231,92.6,9.67,5.37,6.21,4.64,-0.2,8.06,3.63,2.22,4.62,,,,,,,,,,,,,,,,,,,,,0
13,Josh Lucas,OAK,0,0,0,1,1,2.0,4.5,13.5,0.0,0.5,0.667,0.5,0.0,90.0,9.0,10.74,6.66,6.66,0.0,4.5,13.5,0.33,9.15,,,,,,,,,,,,,,,,,,,,,0
14,Jace Fry,CHW,0,1,0,1,1,1.0,18.0,9.0,9.0,0.5,1.0,0.0,0.5,93.6,9.0,18.89,15.16,5.46,-0.1,18.0,9.0,2.0,4.68,,,,,,,,,,,,,,,,,,,,,0
15,Josh Rogers,BAL,1,2,0,3,3,11.2,4.63,3.86,1.54,0.349,0.573,0.378,0.105,89.5,8.49,6.63,5.65,6.11,0.0,4.63,3.86,1.2,5.84,,,,,,,,,,,,,,,,,,,,,0
16,Tyler Beede,SFG,0,1,0,2,2,7.2,10.57,9.39,0.0,0.409,0.611,0.455,0.0,92.7,8.22,3.98,4.33,5.63,0.1,10.57,9.39,1.13,5.86,,,,,,,,,,,,,,,,,,,,,0
17,Carson Fulmer,CHW,2,4,0,8,8,31.0,7.55,6.97,2.03,0.284,0.602,0.327,0.152,92.9,8.13,9.38,7.22,6.74,-0.5,7.55,6.97,1.08,6.01,,,,,,,,,,,,,,,,,,,,,0
18,Trevor Oaks,KCR,0,2,0,2,2,9.0,6.0,5.0,0.0,0.424,0.579,0.387,0.0,90.8,8.0,9.28,3.49,5.51,0.2,6.0,5.0,1.2,5.7,,,,,,,,,,,,,,,,,,,,,0
19,Clay Holmes,PIT,1,2,0,4,4,15.0,7.2,7.8,1.2,0.375,0.629,0.469,0.143,95.0,7.8,5.5,5.89,5.7,-0.1,7.2,7.8,0.92,6.17,,,,,,,,,,,,,,,,,,,,,0
20,Caleb Ferguson,LAD,0,1,0,3,3,10.2,10.12,5.06,1.69,0.269,0.493,0.444,0.25,92.9,7.59,5.66,5.6,4.4,-0.1,10.12,5.06,2.0,4.38,,,,,,,,,,,,,,,,,,,,,0
21,Ryan Carpenter,DET,1,2,0,5,5,21.2,5.82,1.25,3.32,0.342,0.719,0.349,0.308,90.1,7.48,8.23,7.36,4.54,-0.4,5.82,1.25,4.67,4.69,,,,,,,,,,,,,,,,,,,,,0
22,Aaron Slegers,MIN,1,1,0,2,2,7.1,2.45,1.23,2.45,0.296,0.652,0.31,0.167,90.2,7.36,13.01,6.98,6.14,-0.1,2.45,1.23,2.0,5.99,,,,,,,,,,,,,,,,,,,,,0
23,Yohander Méndez,TEX,1,2,0,5,5,21.0,5.57,5.14,1.71,0.288,0.578,0.357,0.129,92.3,7.29,4.42,6.11,6.07,-0.1,5.57,5.14,1.08,5.98,,,,,,,,,,,,,,,,,,,,,0
24,Drew Anderson,PHI,0,1,0,1,1,5.0,7.2,1.8,0.0,0.421,0.556,0.444,0.0,93.0,7.2,4.99,2.16,3.81,0.2,7.2,1.8,4.0,4.24,,,,,,,,,,,,,,,,,,,,,0
25,Kolby Allard,ATL,1,0,0,1,1,5.0,1.8,3.6,1.8,0.381,0.66,0.429,0.167,89.2,7.2,8.78,7.16,6.54,-0.1,1.8,3.6,0.5,6.38,,,,,,,,,,,,,,,,,,,,,1
26,Jacob Nix,SDP,2,5,0,9,9,42.1,4.46,2.76,1.7,0.306,0.623,0.397,0.14,93.0,7.02,8.27,5.83,5.6,-0.4,4.46,2.76,1.62,5.49,,,,,,,,,,,,,,,,,,,,,0
27,Yefry Ramírez,BAL,1,8,0,12,12,53.1,8.94,5.4,1.86,0.304,0.653,0.321,0.147,92.7,6.92,4.68,5.88,5.52,0.0,8.94,5.4,1.66,5.06,,,,,,,,,,,,,,,,,,,,,0
28,Enyel De Los Santos,PHI,1,0,0,2,2,10.2,6.75,3.38,1.69,0.313,0.634,0.382,0.167,93.9,6.75,5.54,5.5,4.92,0.0,6.75,3.38,2.0,4.87,,,,,,,,,,,,,,,,,,,,,0
29,Austin Voth,WSN,1,1,0,2,2,9.1,7.71,4.82,0.96,0.31,0.588,0.5,0.091,91.3,6.75,3.22,4.45,5.0,0.1,7.71,4.82,1.6,4.99,,,,,,,,,,,,,,,,,,,,,0
30,Ranger Suarez,PHI,1,1,0,3,3,12.0,7.5,3.75,2.25,0.385,0.532,0.439,0.214,92.6,6.75,6.41,5.99,4.67,-0.1,7.5,3.75,2.0,4.78,,,,,,,,,,,,,,,,,,,,,0
31,Brett Kennedy,SDP,1,2,0,6,6,26.2,6.07,4.05,2.02,0.333,0.721,0.4,0.188,91.5,6.75,5.88,6.31,5.37,-0.3,6.07,4.05,1.5,5.36,,,,,,,,,,,,,,,,,,,,,0
32,Jefry Rodriguez,WSN,2,2,0,8,8,38.2,7.22,6.52,1.63,0.266,0.629,0.42,0.163,95.6,6.75,6.03,6.32,5.8,-0.3,7.22,6.52,1.11,5.85,,,,,,,,,,,,,,,,,,,,,0
33,Kohl Stewart,MIN,0,1,0,4,4,16.1,6.06,4.96,0.55,0.39,0.685,0.567,0.063,93.4,6.61,5.2,4.63,5.45,0.1,6.06,4.96,1.22,5.22,,,,,,,,,,,,,,,,,,,,,0
34,Spencer Turnbull,DET,0,2,0,3,3,15.1,8.22,2.35,0.59,0.34,0.51,0.438,0.077,93.7,6.46,4.36,2.96,3.52,0.4,8.22,2.35,3.5,3.92,,,,,,,,,,,,,,,,,,,,,0
35,Domingo Germán,NYY,2,5,0,14,14,68.1,10.4,3.42,1.71,0.296,0.609,0.396,0.165,94.5,6.19,3.85,4.68,4.12,0.6,10.4,3.42,3.04,3.84,,,,,,,,,,,,,,,,,,,,,0
36,Jeff Brigham,MIA,0,4,0,4,4,16.1,6.61,7.16,1.1,0.292,0.709,0.163,0.069,93.1,6.06,6.53,6.04,7.38,-0.2,6.61,7.16,0.92,6.86,,,,,,,,,,,,,,,,,,,,,0
37,Dillon Peters,MIA,2,2,0,5,5,24.2,5.84,4.74,1.46,0.286,0.698,0.443,0.16,90.7,5.84,5.49,5.67,5.24,-0.2,5.84,4.74,1.23,5.53,,,,,,,,,,,,,,,,,,,,,0
38,Merandy Gonzalez,MIA,0,1,0,1,1,4.2,5.79,0.0,1.93,0.412,0.758,0.333,0.167,92.8,5.79,6.93,4.66,4.0,0.0,5.79,0.0,3.0,4.36,,,,,,,,,,,,,,,,,,,,,0
39,Ariel Jurado,TEX,3,4,0,8,8,41.0,3.51,2.63,1.32,0.289,0.652,0.541,0.154,92.2,5.71,5.71,5.16,4.83,0.3,3.51,2.63,1.33,5.15,,,,,,,,,,,,,,,,,,,,,0
40,Erick Fedde,WSN,2,4,0,11,11,50.1,8.23,3.93,1.43,0.333,0.699,0.531,0.222,93.6,5.54,5.77,4.71,3.83,0.3,8.23,3.93,2.09,4.27,,,,,,,,,,,,,,,,,,,,,0
41,Anthony Banda,TBR,0,0,0,1,1,5.0,1.8,0.0,0.0,0.333,0.5,0.353,0.0,94.3,5.4,6.14,2.76,4.08,0.2,1.8,0.0,1.0,5.37,,,,,,,,,,,,,,,,,,,,,0
42,Chance Adams,NYY,0,1,0,1,1,5.0,3.6,1.8,3.6,0.077,0.833,0.4,0.333,92.8,5.4,12.73,8.16,4.94,-0.1,3.6,1.8,2.0,5.35,,,,,,,,,,,,,,,,,,,,,0
43,Artie Lewicki,DET,0,2,0,3,3,13.1,6.07,4.72,0.67,0.364,0.636,0.455,0.1,91.4,5.4,6.76,4.59,4.85,0.2,6.07,4.72,1.29,5.3,,,,,,,,,,,,,,,,,,,,,0
44,Luis Ortiz,BAL,0,1,0,1,1,1.2,0.0,5.4,0.0,0.4,0.4,0.6,0.0,92.5,5.4,6.28,4.96,7.93,0.0,0.0,5.4,0.0,6.44,,,,,,,,,,,,,,,,,,,,,0
45,Nick Kingham,PIT,5,7,0,15,15,71.0,8.24,3.04,2.15,0.281,0.702,0.397,0.198,92.3,5.32,4.95,5.67,4.56,-0.3,8.24,3.04,2.71,4.38,,,,,,,,,,,,,,,,,,,,,0
46,Eric Skoglund,KCR,1,6,0,13,13,68.0,6.35,2.38,1.59,0.259,0.66,0.412,0.141,91.4,5.29,5.61,5.1,4.87,0.2,6.35,2.38,2.67,4.67,,,,,,,,,,,,,,,,,,,,,0
47,Sean Reid-Foley,TOR,2,4,0,7,7,33.1,11.34,5.67,1.62,0.313,0.673,0.372,0.188,94.1,5.13,4.17,4.96,4.21,0.2,11.34,5.67,2.0,4.34,,,,,,,,,,,,,,,,,,,,,0
48,Elieser Hernández,MIA,0,5,0,6,6,25.0,6.84,2.52,2.52,0.271,0.826,0.293,0.179,90.4,5.04,6.44,6.24,5.18,-0.3,6.84,2.52,2.71,4.85,,,,,,,,,,,,,,,,,,,,,0
49,Michael Kopech,CHW,1,1,0,4,4,14.1,9.42,1.26,2.51,0.381,0.888,0.283,0.19,95.4,5.02,8.45,6.16,4.95,-0.1,9.42,1.26,7.5,3.88,,,,,,,,,,,,,,,,,,,,,1
50,Tyler Mahle,CIN,7,9,0,23,23,112.0,8.84,4.26,1.77,0.323,0.752,0.387,0.185,92.6,4.98,4.92,5.25,4.45,0.4,8.84,4.26,2.08,4.57,,,,,,,,,,,,,,,,,,,,,0
51,David Hess,BAL,3,10,0,19,19,100.1,6.28,3.23,1.88,0.27,0.723,0.35,0.14,92.0,4.84,4.58,5.77,5.52,0.1,6.28,3.23,1.94,5.14,,,,,,,,,,,,,,,,,,,,,0
52,Jimmy Yacabonis,BAL,0,2,0,7,7,28.1,6.99,3.49,1.59,0.286,0.75,0.402,0.128,93.6,4.76,3.99,5.38,5.36,0.1,6.99,3.49,2.0,4.91,,,,,,,,,,,,,,,,,,,,,0
53,Yonny Chirinos,TBR,0,3,0,7,7,32.1,8.35,3.06,0.84,0.34,0.699,0.455,0.103,93.7,4.73,4.44,3.81,4.09,0.5,8.35,3.06,2.73,4.17,,,,,,,,,,,,,,,,,,,,,0
54,Corey Oswalt,NYM,2,3,0,12,12,55.1,6.34,2.77,1.95,0.265,0.777,0.428,0.182,90.8,4.72,4.79,5.65,4.81,-0.2,6.34,2.77,2.29,4.78,,,,,,,,,,,,,,,,,,,,,0
55,Ryan Yarbrough,TBR,2,2,0,6,6,28.2,6.91,2.51,0.94,0.307,0.615,0.385,0.1,89.1,4.71,3.93,4.03,4.4,0.5,6.91,2.51,2.75,4.51,,,,,,,,,,,,,,,,,,,,,0
56,Fernando Romero,MIN,3,3,0,11,11,55.2,7.28,3.07,0.97,0.318,0.709,0.462,0.111,95.5,4.69,4.64,4.35,4.55,0.7,7.28,3.07,2.37,4.5,,,,,,,,,,,,,,,,,,,,,0
57,Matt Koch,ARI,5,5,0,14,14,77.0,4.56,2.57,2.22,0.264,0.803,0.431,0.218,91.3,4.68,8.56,6.45,5.1,-1.1,4.56,2.57,1.77,5.24,,,,,,,,,,,,,,,,,,,,,0
58,Heath Fillmyer,KCR,4,2,0,13,13,71.0,6.34,3.42,1.14,0.292,0.709,0.455,0.132,92.7,4.56,4.73,4.63,4.56,0.6,6.34,3.42,1.85,4.85,,,,,,,,,,,,,,,,,,,,,0
59,Thomas Pannone,TOR,4,1,0,6,6,35.2,4.79,3.53,1.77,0.218,0.773,0.345,0.119,88.1,4.54,4.28,5.91,6.09,0.0,4.79,3.53,1.36,5.82,,,,,,,,,,,,,,,,,,,,,0
60,Luis Santos,TOR,0,1,0,1,1,2.0,13.5,4.5,0.0,0.6,0.75,0.6,0.0,93.2,4.5,2.97,1.66,2.49,0.1,13.5,4.5,3.0,3.13,,,,,,,,,,,,,,,,,,,,,0
61,Andrew Suárez,SFG,7,13,0,29,29,160.1,7.3,2.53,1.29,0.302,0.705,0.513,0.178,92.2,4.49,4.77,4.3,3.77,1.2,7.3,2.53,2.89,4.07,,,,,,,,,,,,,,,,,,,,,0
62,Trevor Richards,MIA,4,9,0,25,25,126.1,9.26,3.85,1.07,0.309,0.723,0.358,0.109,90.9,4.42,4.31,4.05,4.29,1.3,9.26,3.85,2.41,4.27,,,,,,,,,,,,,,,,,,,,,0
63,Freddy Peralta,MIL,6,4,0,14,14,73.2,11.12,4.76,0.98,0.236,0.681,0.309,0.094,91.0,4.4,3.59,3.85,4.35,1.1,11.12,4.76,2.33,4.04,,,,,,,,,,,,,,,,,,,,,0
64,Eric Lauer,SDP,6,7,0,23,23,112.0,8.04,3.7,1.21,0.332,0.747,0.376,0.127,91.4,4.34,4.84,4.51,4.51,0.8,8.04,3.7,2.17,4.62,,,,,,,,,,,,,,,,,,,,,0
65,Austin Gomber,STL,5,2,0,11,11,57.0,8.37,3.47,0.79,0.341,0.741,0.405,0.083,92.2,4.26,5.01,3.7,4.3,1.0,8.37,3.47,2.41,4.42,,,,,,,,,,,,,,,,,,,,,0
66,Shane Bieber,CLE,11,4,0,19,19,110.0,9.57,1.72,0.9,0.356,0.702,0.453,0.106,93.2,4.25,4.14,2.96,3.22,2.9,9.57,1.72,5.57,3.38,,,,,,,,,,,,,,,,,,,,,0
67,Alec Mills,CHC,0,1,0,2,2,10.2,10.97,2.53,0.84,0.308,0.66,0.556,0.111,90.3,4.22,2.67,2.79,2.96,0.3,10.97,2.53,4.33,3.04,,,,,,,,,,,,,,,,,,,,,0
68,Caleb Smith,MIA,5,6,0,16,16,77.1,10.24,3.84,1.16,0.276,0.741,0.284,0.1,92.7,4.19,4.38,3.96,4.42,1.2,10.24,3.84,2.67,4.08,,,,,,,,,,,,,,,,,,,,,0
69,Glenn Sparkman,KCR,0,1,0,3,3,13.0,6.92,2.77,0.69,0.349,0.765,0.386,0.077,93.6,4.15,4.5,3.78,4.43,0.2,6.92,2.77,2.5,4.62,,,,,,,,,,,,,,,,,,,,,0
70,Brian Johnson,BOS,4,3,0,13,13,60.2,7.86,3.41,1.78,0.296,0.803,0.36,0.141,88.6,4.15,5.01,5.17,4.91,0.1,7.86,3.41,2.3,4.65,,,,,,,,,,,,,,,,,,,,,0
71,Hector Velázquez,BOS,2,2,0,8,8,30.1,6.82,3.86,1.48,0.323,0.721,0.49,0.161,91.7,4.15,5.78,5.27,4.82,0.0,6.82,3.86,1.77,4.85,,,,,,,,,,,,,,,,,,,,,0
72,Hunter Wood,TBR,0,1,0,8,8,13.0,13.15,4.15,0.0,0.5,0.75,0.486,0.0,94.4,4.15,3.11,1.62,2.51,0.6,13.15,4.15,3.17,3.28,,,,,,,,,,,,,,,,,,,,,0
73,Pablo López,MIA,2,4,0,10,10,58.2,7.06,2.76,1.23,0.281,0.749,0.5,0.157,92.9,4.14,4.03,4.49,4.15,0.4,7.06,2.76,2.56,4.29,,,,,,,,,,,,,,,,,,,,,0
74,Joey Lucchesi,SDP,8,9,0,26,26,130.0,10.04,2.98,1.59,0.306,0.78,0.447,0.204,90.2,4.08,4.41,4.31,3.45,1.0,10.04,2.98,3.37,3.64,,,,,,,,,,,,,,,,,,,,,0
75,Ryan Borucki,TOR,4,6,0,17,17,97.2,6.17,3.04,0.65,0.291,0.685,0.468,0.067,82.4,3.87,4.26,3.8,4.62,1.7,6.17,3.04,2.03,4.8,,,,,,,,,,,,,,,,,,,,,0
76,Gabriel Moya,MIN,0,1,0,6,6,7.0,5.14,3.86,1.29,0.19,0.789,0.5,0.143,89.3,3.86,5.15,5.59,5.38,0.0,5.14,3.86,1.33,5.34,,,,,,,,,,,,,,,,,,,,,0
77,Andrew Kittredge,TBR,0,1,0,3,3,7.1,3.68,2.45,1.23,0.25,0.658,0.48,0.125,93.3,3.68,4.58,4.93,4.96,0.0,3.68,2.45,1.5,5.33,,,,,,,,,,,,,,,,,,,,,0
78,Aaron Wilkerson,MIL,0,1,0,1,1,5.0,9.0,5.4,0.0,0.286,0.714,0.357,0.0,89.1,3.6,3.47,2.96,4.94,0.1,9.0,5.4,1.67,4.93,,,,,,,,,,,,,,,,,,,,,0
79,Adrian Sampson,TEX,0,3,0,4,4,22.2,5.56,1.59,1.99,0.231,0.842,0.333,0.161,91.2,3.57,6.37,5.59,4.98,0.1,5.56,1.59,3.5,4.79,,,,,,,,,,,,,,,,,,,,,0
80,Michael Soroka,ATL,2,1,0,5,5,25.2,7.36,2.45,0.35,0.345,0.646,0.44,0.05,92.5,3.51,4.66,2.85,3.63,0.6,7.36,2.45,3.0,4.17,,,,,,,,,,,,,,,,,,,,,1
81,Sandy Alcantara,MIA,2,3,0,6,6,34.0,7.94,6.09,0.79,0.25,0.808,0.477,0.094,95.7,3.44,4.06,4.75,5.16,0.1,7.94,6.09,1.3,5.42,,,,,,,,,,,,,,,,,,,,,0
82,Jaime Barria,LAA,10,9,0,26,26,129.1,6.82,3.27,1.18,0.271,0.821,0.371,0.102,91.2,3.41,4.57,4.58,4.99,1.4,6.82,3.27,2.09,4.84,,,,,,,,,,,,,,,,,,,,,0
83,Ryne Stanek,TBR,0,2,0,29,29,40.0,11.92,3.82,1.35,0.259,0.824,0.33,0.122,97.8,3.37,3.29,3.81,3.88,0.7,11.92,3.82,3.12,3.46,,,,,,,,,,,,,,,,,,,,,0
84,Jack Flaherty,STL,8,9,0,28,28,151.0,10.85,3.52,1.19,0.257,0.793,0.421,0.152,93.4,3.34,3.25,3.86,3.58,2.3,10.85,3.52,3.08,3.57,,,,,,,,,,,,,,,,,,,,,0
85,Touki Toussaint,ATL,2,1,0,5,5,27.0,9.67,5.67,0.33,0.242,0.744,0.492,0.067,93.5,3.33,4.15,3.6,4.04,0.5,9.67,5.67,1.71,4.61,,,,,,,,,,,,,,,,,,,,,0
86,Shohei Ohtani,LAA,4,2,0,10,10,51.2,10.97,3.83,1.05,0.269,0.798,0.392,0.13,96.7,3.31,3.36,3.57,3.53,1.1,10.97,3.83,2.86,3.65,,,,,,,,,,,,,,,,,,,,,1
87,Brad Keller,KCR,8,5,0,20,20,118.0,6.33,3.28,0.46,0.306,0.76,0.529,0.06,94.2,3.28,3.92,3.56,4.3,2.4,6.33,3.28,1.93,4.6,,,,,,,,,,,,,,,,,,,,,0
88,Jonathan Loáisiga,NYY,2,0,0,4,4,18.0,10.5,4.0,0.5,0.318,0.787,0.6,0.143,95.9,3.0,3.81,2.88,2.8,0.5,10.5,4.0,2.63,3.41,,,,,,,,,,,,,,,,,,,,,0
89,Dereck Rodríguez,SFG,5,4,0,19,19,112.0,6.59,2.65,0.72,0.257,0.781,0.396,0.074,91.6,2.89,3.76,3.81,4.57,1.6,6.59,2.65,2.48,4.62,,,,,,,,,,,,,,,,,,,,,0
90,Daniel Ponce de Leon,STL,0,2,0,4,4,19.1,10.24,2.79,0.0,0.294,0.727,0.314,0.0,93.1,2.79,3.14,1.97,3.85,0.8,10.24,2.79,3.67,3.62,,,,,,,,,,,,,,,,,,,,,0
91,Diego Castillo,TBR,0,0,0,11,11,17.0,11.12,1.06,1.06,0.275,0.82,0.405,0.111,99.4,2.65,2.45,2.57,2.79,0.6,11.12,1.06,10.5,2.63,,,,,,,,,,,,,,,,,,,,,0
92,Framber Valdez,HOU,2,1,0,5,5,24.1,7.4,6.66,0.74,0.23,0.865,0.726,0.286,92.7,2.59,3.36,4.8,4.21,0.1,7.4,6.66,1.11,5.04,,,,,,,,,,,,,,,,,,,,,0
93,Josh James,HOU,2,0,0,3,3,15.1,11.15,3.52,1.17,0.265,0.921,0.417,0.125,97.1,2.35,3.43,3.75,3.78,0.3,11.15,3.52,3.17,3.48,,,,,,,,,,,,,,,,,,,,,0
94,Walker Buehler,LAD,8,4,0,23,23,136.1,9.97,2.38,0.73,0.241,0.806,0.503,0.104,96.3,2.31,2.63,2.92,3.15,3.3,9.97,2.38,4.19,3.25,,,,,,,,,,,,,,,,,,,,,1
95,Duane Underwood Jr.,CHC,0,1,0,1,1,4.0,6.75,6.75,2.25,0.111,1.0,0.5,0.25,93.0,2.25,7.55,7.16,5.56,-0.1,6.75,6.75,1.0,6.16,,,,,,,,,,,,,,,,,,,,,0
96,Connor Sadzeck,TEX,0,0,0,2,2,2.0,0.0,13.5,0.0,0.0,1.0,0.6,0.0,97.3,0.0,8.49,7.66,9.31,0.0,0.0,13.5,0.0,13.07,,,,,,,,,,,,,,,,,,,,,0
97,Lou Trivino,OAK,0,0,0,1,1,1.0,0.0,0.0,0.0,0.0,1.0,0.667,0.0,98.3,0.0,1.23,3.16,4.81,0.0,0.0,0.0,0.0,5.11,,,,,,,,,,,,,,,,,,,,,0
98,Kyle McGowin,WSN,0,0,0,1,1,4.0,9.0,6.75,0.0,0.111,1.0,0.444,0.0,91.3,0.0,2.67,3.41,5.06,0.1,9.0,6.75,1.33,5.44,,,,,,,,,,,,,,,,,,,,,0
99,Jeffrey Springs,TEX,0,0,0,2,2,5.0,9.0,0.0,0.0,0.231,1.0,0.077,0.0,91.7,0.0,1.78,1.76,5.06,0.2,9.0,0.0,5.0,4.53,,,,,,,,,,,,,,,,,,,,,0
100,Matt Festa,SEA,0,0,0,1,1,1.0,0.0,0.0,0.0,0.0,1.0,0.0,0.0,92.7,0.0,0.6,3.16,8.12,0.0,0.0,0.0,0.0,13.64,,,,,,,,,,,,,,,,,,,,,0
101,Bryse Wilson,ATL,1,0,0,1,1,5.0,9.0,5.4,0.0,0.273,1.0,0.545,0.0,94.9,0.0,2.96,2.96,3.95,0.1,9.0,5.4,1.67,4.65,,,,,,,,,,,,,,,,,,,,,0
1,Touki Toussaint,ATL,0,0,0,1,1,1.1,13.5,6.75,0.0,0.75,0.3,0.5,0.0,92.6,47.25,12.52,9.21,10.71,-0.1,13.5,6.75,2.0,4.97,,,,,,,,,,,,,,,,,,,,,0
2,Stephen Tarpley,NYY,0,0,0,1,1,1.0,0.0,0.0,27.0,0.25,1.0,0.286,0.6,,36.0,35.74,42.21,13.16,-0.3,0.0,0.0,0.0,8.74,,,,,,,,,,,,,,,,,,,,,0
3,Tayler Scott,SEA,0,0,0,2,2,1.1,6.75,27.0,0.0,0.4,0.333,0.4,0.0,95.0,27.0,6.24,10.71,13.7,-0.1,6.75,27.0,0.25,12.67,,,,,,,,,,,,,,,,,,,,,0
4,Brett Martin,TEX,0,1,0,2,2,1.2,16.2,10.8,0.0,0.714,0.375,0.571,0.0,93.7,27.0,4.88,5.01,5.01,0.0,16.2,10.8,1.5,4.85,,,,,,,,,,,,,,,,,,,,,0
5,Trey Wingenter,SDP,0,0,0,1,1,1.1,13.5,13.5,0.0,0.333,0.0,0.667,0.0,95.9,20.25,3.76,4.71,6.21,0.0,13.5,13.5,1.0,7.27,,,,,,,,,,,,,,,,,,,,,0
6,Zac Reininger,DET,0,1,0,1,1,2.0,9.0,4.5,4.5,0.5,0.435,0.444,0.333,94.0,18.0,13.82,9.21,5.7,-0.1,9.0,4.5,2.0,5.24,,,,,,,,,,,,,,,,,,,,,0
7,Austin Adams,SEA,0,0,0,2,2,1.2,10.8,10.8,5.4,0.5,0.556,0.4,1.0,94.7,16.2,14.36,12.21,5.61,-0.1,10.8,10.8,1.0,6.65,,,,,,,,,,,,,,,,,,,,,0
8,Joe Palumbo,TEX,0,3,0,4,4,10.2,11.81,5.06,5.91,0.433,0.604,0.333,0.467,93.8,14.34,10.49,11.37,5.64,-0.5,11.81,5.06,2.33,4.76,Team,K/9,BB/9,K/BB,HR/9,K%,BB%,K-BB%,AVG,WHIP,BABIP,LOB%,ERA-,FIP-,xFIP-,,FIP,E-F,xFIP,SIERA,0
9,Gerson Bautista,SEA,0,1,0,2,2,2.0,9.0,18.0,0.0,0.5,0.625,0.125,0.0,97.7,13.5,11.75,7.21,9.2,0.0,9.0,18.0,0.5,9.24,,,,,,,,,,,,,,,,,,,,,0
10,José Rodríguez,LAA,0,1,0,1,1,2.0,4.5,4.5,9.0,0.286,0.909,0.333,0.5,93.0,13.5,7.66,16.71,7.69,-0.2,4.5,4.5,1.0,6.65,,,,,,,,,,,,,,,,,,,,,0
11,Reggie McClain,SEA,0,0,0,2,2,3.0,0.0,9.0,0.0,0.429,0.556,0.643,0.0,93.6,12.0,10.67,6.21,6.21,0.0,0.0,9.0,0.0,6.99,,,,,,,,,,,,,,,,,,,,,0
12,Thomas Pannone,TOR,0,5,0,7,7,24.2,8.76,3.28,2.19,0.346,0.337,0.277,0.15,89.0,11.31,7.14,5.77,5.83,0.0,8.76,3.28,2.67,5.06,,,,,,,,,,,,,,,,,,,,,0
13,Kyle McGowin,WSN,0,0,0,1,1,4.0,4.5,2.25,4.5,0.267,0.476,0.529,0.333,90.6,11.25,9.68,9.46,5.95,-0.1,4.5,2.25,2.0,5.52,,,,,,,,,,,,,,,,,,,,,0
14,Luis Ortiz,BAL,0,1,0,1,1,3.1,8.1,13.5,5.4,0.25,0.806,0.3,0.4,93.7,10.8,15.8,13.71,8.9,-0.2,8.1,13.5,0.6,8.74,,,,,,,,,,,,,,,,,,,,,0
15,Rico Garcia,COL,0,1,0,1,1,5.0,3.6,9.0,5.4,0.267,0.769,0.471,0.429,90.2,10.8,14.82,13.21,8.2,-0.3,3.6,9.0,0.4,8.3,,,,,,,,,,,,,,,,,,,,,0
16,Matt Carasiti,SEA,0,1,0,5,5,4.1,10.38,4.15,4.15,0.5,0.61,0.5,0.333,,10.38,5.07,8.29,5.05,-0.1,10.38,4.15,2.5,4.65,,,,,,,,,,,,,,,,,,,,,0
17,Montana DuRapau,PIT,0,1,0,2,2,2.2,16.88,6.75,3.38,0.5,0.652,0.429,0.5,92.2,10.13,5.9,6.59,3.21,0.0,16.88,6.75,2.5,3.95,,,,,,,,,,,,,,,,,,,,,0
18,Alex McRae,PIT,0,1,0,2,2,6.1,1.42,5.68,1.42,0.32,0.345,0.385,0.111,92.3,9.95,10.51,6.85,7.62,-0.1,1.42,5.68,0.25,7.81,,,,,,,,,,,,,,,,,,,,,0
19,Adbert Alzolay,CHC,0,1,0,2,2,7.1,8.59,6.14,3.68,0.348,0.703,0.308,0.3,94.3,9.82,8.97,9.08,6.47,-0.2,8.59,6.14,1.4,5.83,,,,,,,,,,,,,,,,,,,,,0
20,Kyle Wright,ATL,0,3,0,4,4,16.2,7.56,7.02,2.16,0.36,0.592,0.396,0.235,94.8,9.72,9.49,7.17,6.08,-0.3,7.56,7.02,1.08,6.31,,,,,,,,,,,,,,,,,,,,,1
21,Ryan Carpenter,DET,1,6,0,9,9,40.2,5.53,2.88,2.66,0.338,0.507,0.353,0.194,90.1,9.3,6.78,6.93,6.12,-0.4,5.53,2.88,1.92,5.73,,,,,,,,,,,,,,,,,,,,,0
22,Rookie Davis,PIT,0,1,0,1,1,3.0,6.0,15.0,3.0,0.3,0.789,0.3,0.333,91.2,9.0,14.06,11.21,8.87,-0.2,6.0,15.0,0.4,9.47,,,,,,,,,,,,,,,,,,,,,0
23,Enyel De Los Santos,PHI,0,1,0,1,1,4.0,4.5,6.75,2.25,0.5,0.698,0.333,0.333,93.0,9.0,12.12,7.71,5.96,-0.1,4.5,6.75,0.67,7.24,,,,,,,,,,,,,,,,,,,,,0
24,Kyle Dowdy,TEX,0,0,0,1,1,3.0,6.0,9.0,3.0,0.3,0.714,0.182,0.167,94.6,9.0,9.94,9.21,8.86,-0.1,6.0,9.0,0.67,7.98,,,,,,,,,,,,,,,,,,,,,0
25,Darwinzon Hernández,BOS,0,1,0,1,1,3.0,21.0,15.0,0.0,0.5,0.5,0.0,0.0,94.7,9.0,4.8,3.55,5.54,0.1,21.0,15.0,1.4,6.09,,,,,,,,,,,,,,,,,,,,,0
26,Gregory Soto,DET,0,3,0,7,7,23.1,6.17,4.63,2.31,0.313,0.607,0.4,0.167,94.9,8.49,8.59,6.73,6.45,-0.2,6.17,4.63,1.33,6.0,,,,,,,,,,,,,,,,,,,,,0
27,James Marvel,PIT,0,3,0,4,4,17.1,4.67,3.12,2.08,0.333,0.62,0.523,0.235,90.4,8.31,6.12,6.56,5.51,-0.2,4.67,3.12,1.5,5.52,,,,,,,,,,,,,,,,,,,,,0
28,Chandler Shepherd,BAL,0,0,0,3,3,12.0,9.0,2.25,3.75,0.323,0.615,0.333,0.294,92.3,8.25,6.73,7.88,5.28,-0.2,9.0,2.25,4.0,4.45,,,,,,,,,,,,,,,,,,,,,0
29,Manny Banuelos,CHW,2,4,0,8,8,34.2,8.31,5.45,2.86,0.356,0.709,0.303,0.229,92.2,8.05,7.35,7.4,6.03,-0.4,8.31,5.45,1.52,5.7,,,,,,,,,,,,,,,,,,,,,0
30,Walker Lockett,NYM,1,1,0,4,4,17.1,6.75,2.6,1.56,0.364,0.565,0.421,0.176,,7.79,5.42,5.0,4.7,0.1,6.75,2.6,2.6,4.97,,,,,,,,,,,,,,,,,,,,,0
31,Nestor Cortes,NYY,0,0,0,1,1,2.1,7.71,3.86,0.0,0.6,0.429,0.4,0.0,89.0,7.71,8.03,2.79,5.34,0.1,7.71,3.86,2.0,5.29,,,,,,,,,,,,,,,,,,,,,0
32,Erik Swanson,SEA,1,5,0,8,8,33.1,6.75,1.35,3.24,0.257,0.441,0.322,0.231,92.7,7.56,6.81,6.84,5.27,-0.3,6.75,1.35,5.0,4.96,,,,,,,,,,,,,,,,,,,,,0
33,Brock Burke,TEX,0,2,0,6,6,26.2,4.73,3.71,2.03,0.276,0.607,0.5,0.207,92.1,7.43,5.52,6.55,5.79,-0.1,4.73,3.71,1.27,5.86,,,,,,,,,,,,,,,,,,,,,0
34,Thomas Eshelman,BAL,0,2,0,4,4,18.1,7.36,2.95,3.44,0.304,0.545,0.286,0.269,85.5,7.36,9.37,7.52,5.38,-0.2,7.36,2.95,2.5,5.21,,,,,,,,,,,,,,,,,,,,,0
35,Pedro Payano,TEX,0,2,0,4,4,16.0,5.63,7.31,1.69,0.37,0.64,0.5,0.214,93.4,7.31,9.22,7.03,6.33,-0.2,5.63,7.31,0.77,6.73,,,,,,,,,,,,,,,,,,,,,0
36,Lewis Thorpe,MIN,0,1,0,2,2,8.2,13.5,6.23,3.12,0.5,0.797,0.381,0.429,91.2,7.27,7.38,6.79,3.9,-0.1,13.5,6.23,2.17,4.42,,,,,,,,,,,,,,,,,,,,,0
37,Peter Lambert,COL,3,7,0,19,19,89.1,5.74,3.63,1.81,0.333,0.641,0.473,0.207,92.7,7.25,6.07,5.97,5.29,0.0,5.74,3.63,1.58,5.51,,,,,,,,,,,,,,,,,,,,,0
38,Bryse Wilson,ATL,1,1,0,4,4,17.2,7.64,5.09,2.04,0.34,0.606,0.327,0.174,94.8,7.13,6.07,6.16,5.8,-0.1,7.64,5.09,1.5,5.72,,,,,,,,,,,,,,,,,,,,,0
39,Mitch Keller,PIT,1,5,0,11,11,48.0,12.19,3.0,1.13,0.475,0.596,0.392,0.13,95.4,7.13,3.76,3.19,3.47,1.3,12.19,3.0,4.06,3.78,,,,,,,,,,,,,,,,,,,,,1
40,Conner Menez,SFG,0,1,0,3,3,12.2,9.95,5.68,2.84,0.25,0.672,0.3,0.267,91.4,7.11,5.97,7.0,5.25,-0.2,9.95,5.68,1.75,5.2,,,,,,,,,,,,,,,,,,,,,0
41,Framber Valdez,HOU,2,4,0,8,8,35.2,9.84,5.8,1.77,0.323,0.664,0.706,0.583,94.6,7.07,4.43,5.77,3.88,0.0,9.84,5.8,1.7,4.47,,,,,,,,,,,,,,,,,,,,,0
42,Logan Allen,SDP,2,2,0,4,4,19.1,6.05,4.19,0.47,0.375,0.595,0.54,0.091,92.4,6.98,7.05,4.09,4.55,0.3,6.05,4.19,1.44,5.23,,,,,,,,,,,,,,,,,,,,,0
43,José Suarez,LAA,2,6,0,15,15,67.0,8.06,3.49,2.55,0.316,0.69,0.361,0.207,91.8,6.85,5.22,6.68,5.72,-0.4,8.06,3.49,2.31,5.08,,,,,,,,,,,,,,,,,,,,,0
44,Jonathan Loáisiga,NYY,0,2,0,4,4,12.0,10.5,5.25,2.25,0.353,0.73,0.324,0.2,96.4,6.75,6.3,5.88,5.12,0.0,10.5,5.25,2.0,4.97,,,,,,,,,,,,,,,,,,,,,0
45,Adrian Morejon,SDP,0,0,0,2,2,4.0,6.75,6.75,0.0,0.357,0.625,0.214,0.0,96.4,6.75,5.86,3.96,6.45,0.1,6.75,6.75,1.0,6.64,,,,,,,,,,,,,,,,,,,,,0
46,Ronald Bolaños,SDP,0,2,0,3,3,14.2,7.98,6.75,1.23,0.268,0.631,0.429,0.182,94.5,6.75,6.36,5.67,5.39,0.0,7.98,6.75,1.18,6.03,,,,,,,,,,,,,,,,,,,,,0
47,Jonathan Hernández,TEX,0,1,0,2,2,5.1,11.81,6.75,1.69,0.214,0.303,0.533,0.2,96.4,6.75,5.5,5.28,4.7,0.1,11.81,6.75,1.75,4.99,,,,,,,,,,,,,,,,,,,,,0
48,Génesis Cabrera,STL,0,2,0,2,2,8.1,5.4,4.32,2.16,0.344,0.563,0.303,0.143,95.8,6.48,9.21,6.57,6.8,-0.1,5.4,4.32,1.25,6.3,,,,,,,,,,,,,,,,,,,,,0
49,Nick Margevicius,SDP,2,6,0,12,12,53.1,6.41,2.87,2.02,0.316,0.655,0.425,0.211,88.3,6.41,6.25,5.84,5.04,-0.2,6.41,2.87,2.24,5.21,,,,,,,,,,,,,,,,,,,,,0
50,Adrian Sampson,TEX,3,7,0,15,15,78.2,7.67,2.17,2.52,0.342,0.716,0.408,0.212,92.3,6.41,6.86,6.1,5.09,0.1,7.67,2.17,3.53,4.74,,,,,,,,,,,,,,,,,,,,,0
51,Anthony Kay,TOR,0,0,0,2,2,10.0,9.0,3.6,0.0,0.367,0.563,0.533,0.0,93.8,6.3,4.02,2.71,3.71,0.3,9.0,3.6,2.5,4.27,,,,,,,,,,,,,,,,,,,,,0
52,Jon Duplantier,ARI,0,1,0,3,3,13.0,8.31,2.77,1.38,0.359,0.64,0.35,0.125,92.0,6.23,5.75,4.29,4.74,0.2,8.31,2.77,3.0,4.7,,,,,,,,,,,,,,,,,,,,,0
53,Tanner Anderson,OAK,0,3,0,5,5,22.1,7.25,2.82,1.61,0.342,0.669,0.532,0.19,92.5,6.04,5.86,4.87,4.41,0.2,7.25,2.82,2.57,4.68,,,,,,,,,,,,,,,,,,,,,0
54,Kohl Stewart,MIN,1,1,0,2,2,12.0,2.25,3.75,2.25,0.268,0.743,0.558,0.273,91.6,6.0,5.86,7.21,5.79,-0.2,2.25,3.75,0.6,6.33,,,,,,,,,,,,,,,,,,,,,0
55,Rogelio Armenteros,HOU,1,1,0,2,2,9.0,9.0,3.0,0.0,0.346,0.5,0.32,0.0,90.6,6.0,3.12,2.21,3.98,0.4,9.0,3.0,3.0,4.46,,,,,,,,,,,,,,,,,,,,,0
56,Taylor Clarke,ARI,4,4,0,15,15,64.1,7.13,3.36,2.24,0.295,0.691,0.398,0.188,93.5,5.88,6.35,6.21,5.61,-0.4,7.13,3.36,2.13,5.24,,,,,,,,,,,,,,,,,,,,,0
57,Dylan Cease,CHW,4,7,0,14,14,73.0,9.99,4.32,1.85,0.326,0.681,0.457,0.214,96.5,5.79,4.62,5.19,4.42,0.7,9.99,4.32,2.31,4.6,,,,,,,,,,,,,,,,,,,,,0
58,Robert Dugger,MIA,0,4,0,7,7,34.1,6.55,4.46,1.57,0.262,0.622,0.389,0.14,90.3,5.77,5.74,5.95,6.17,-0.1,6.55,4.46,1.47,5.78,,,,,,,,,,,,,,,,,,,,,0
59,Cal Quantrill,SDP,4,8,0,18,18,91.2,7.66,2.36,1.47,0.304,0.632,0.429,0.149,94.6,5.69,4.71,4.52,4.59,0.9,7.66,2.36,3.25,4.66,,,,,,,,,,,,,,,,,,,,,1
60,Cole Irvin,PHI,2,1,0,3,3,17.2,6.62,2.55,1.53,0.259,0.585,0.321,0.136,88.8,5.6,6.07,4.97,5.24,0.2,6.62,2.55,2.6,5.16,,,,,,,,,,,,,,,,,,,,,0
61,Corbin Martin,HOU,1,1,0,5,5,19.1,8.84,5.59,3.72,0.283,0.882,0.426,0.32,95.3,5.59,5.7,8.49,5.68,-0.5,8.84,5.59,1.58,5.48,,,,,,,,,,,,,,,,,,,,,1
62,Yusei Kikuchi,SEA,6,11,0,32,32,161.2,6.46,2.78,2.0,0.31,0.708,0.44,0.188,92.6,5.46,5.41,5.71,5.18,0.2,6.46,2.78,2.32,5.17,,,,,,,,,,,,,,,,,,,,,0
63,Justus Sheffield,SEA,0,1,0,7,7,33.0,9.27,3.82,1.09,0.384,0.73,0.52,0.138,92.8,5.45,4.49,4.27,4.45,0.4,9.27,3.82,2.43,4.57,,,,,,,,,,,,,,,,,,,,,1
64,T.J. Zeuch,TOR,0,2,0,3,3,13.1,7.43,4.05,1.35,0.3,0.698,0.452,0.167,90.9,5.4,10.05,4.86,4.7,0.1,7.43,4.05,1.83,5.16,,,,,,,,,,,,,,,,,,,,,0
65,Brendan McKay,TBR,2,4,0,11,11,46.2,10.22,2.89,1.54,0.331,0.62,0.353,0.138,93.7,5.4,4.7,4.14,4.38,0.7,10.22,2.89,3.53,4.19,,,,,,,,,,,,,,,,,,,,,1
66,Shaun Anderson,SFG,3,4,0,16,16,82.2,5.99,3.37,1.31,0.317,0.689,0.435,0.158,92.5,5.33,6.04,4.97,4.91,0.4,5.99,3.37,1.77,5.4,,,,,,,,,,,,,,,,,,,,,0
67,Patrick Sandoval,LAA,0,4,0,9,9,34.1,8.91,4.46,1.57,0.286,0.721,0.447,0.222,92.9,5.24,5.15,5.08,4.37,0.2,8.91,4.46,2.0,4.89,,,,,,,,,,,,,,,,,,,,,0
68,Logan Webb,SFG,2,3,0,8,8,39.2,8.39,3.18,1.13,0.333,0.654,0.488,0.179,93.3,5.22,5.4,4.12,3.89,0.5,8.39,3.18,2.64,4.45,,,,,,,,,,,,,,,,,,,,,0
69,Dario Agrazal,PIT,4,5,0,14,14,71.1,5.05,2.27,1.89,0.289,0.753,0.399,0.156,90.9,5.05,5.55,6.0,5.95,-0.1,5.05,2.27,2.22,5.57,,,,,,,,,,,,,,,,,,,,,0
70,Trent Thornton,TOR,5,9,0,29,29,139.1,8.72,3.81,1.49,0.313,0.723,0.31,0.136,93.0,5.04,4.95,4.8,5.07,1.5,8.72,3.81,2.29,4.94,,,,,,,,,,,,,,,,,,,,,0
71,Tyler Beede,SFG,5,9,0,22,22,112.2,8.47,3.2,1.76,0.302,0.73,0.442,0.191,94.3,5.03,5.22,5.07,4.56,0.3,8.47,3.2,2.65,4.66,,,,,,,,,,,,,,,,,,,,,0
72,Kolby Allard,TEX,4,2,0,9,9,45.1,6.55,3.77,0.6,0.325,0.683,0.45,0.068,92.4,4.96,4.82,4.01,5.08,1.1,6.55,3.77,1.74,5.37,,,,,,,,,,,,,,,,,,,,,1
73,Spencer Turnbull,DET,3,17,0,30,30,148.1,8.86,3.58,0.85,0.333,0.683,0.483,0.101,93.7,4.61,4.78,3.99,4.63,2.8,8.86,3.58,2.47,4.62,,,,,,,,,,,,,,,,,,,,,0
74,Adrian Houser,MIL,2,7,0,18,18,80.2,9.37,2.9,1.34,0.323,0.73,0.518,0.207,94.5,4.57,3.91,4.22,3.71,1.0,9.37,2.9,3.23,4.08,,,,,,,,,,,,,,,,,,,,,0
75,Tyler Alexander,DET,1,4,0,8,8,41.2,7.56,1.08,1.3,0.365,0.751,0.408,0.122,90.6,4.54,5.15,3.91,4.38,0.9,7.56,1.08,7.0,4.4,,,,,,,,,,,,,,,,,,,,,0
76,Cody Stashak,MIN,0,0,0,1,1,2.0,9.0,0.0,4.5,0.2,1.0,0.167,0.2,92.0,4.5,9.8,7.71,6.19,0.0,9.0,0.0,2.0,5.28,,,,,,,,,,,,,,,,,,,,,0
77,Jordan Yamamoto,MIA,4,5,0,15,15,78.2,9.38,4.12,1.26,0.225,0.666,0.356,0.126,91.7,4.46,4.2,4.51,4.89,0.9,9.38,4.12,2.28,4.71,,,,,,,,,,,,,,,,,,,,,0
78,Merrill Kelly,ARI,13,14,0,32,32,183.1,7.76,2.8,1.42,0.292,0.731,0.42,0.148,92.1,4.42,5.33,4.51,4.58,1.9,7.76,2.8,2.77,4.73,,,,,,,,,,,,,,,,,,,,,0
79,José Urquidy,HOU,2,1,0,7,7,34.0,9.53,1.59,1.32,0.293,0.71,0.441,0.147,93.3,4.24,3.77,3.54,3.61,0.8,9.53,1.59,6.0,3.77,,,,,,,,,,,,,,,,,,,,,0
80,Griffin Canning,LAA,5,5,0,17,17,88.1,9.58,2.95,1.32,0.272,0.757,0.367,0.123,93.9,4.18,3.98,4.26,4.73,1.5,9.58,2.95,3.24,4.31,,,,,,,,,,,,,,,,,,,,,0
81,Daniel Ponce de Leon,STL,0,2,0,8,8,34.2,8.05,4.93,1.04,0.258,0.737,0.469,0.121,93.2,4.15,3.97,4.74,5.14,0.4,8.05,4.93,1.63,5.34,,,,,,,,,,,,,,,,,,,,,0
82,Jacob Waguespack,TOR,4,5,0,13,13,65.1,6.89,3.44,1.24,0.281,0.73,0.403,0.118,92.3,4.13,5.68,4.81,5.33,0.7,6.89,3.44,2.0,5.26,,,,,,,,,,,,,,,,,,,,,0
83,Devin Smeltzer,MIN,2,2,0,6,6,30.2,6.46,2.35,1.17,0.264,0.732,0.355,0.105,88.8,4.11,5.17,4.36,5.12,0.5,6.46,2.35,2.75,5.07,,,,,,,,,,,,,,,,,,,,,0
84,Sandy Alcantara,MIA,6,14,0,32,32,197.1,6.89,3.69,1.05,0.271,0.738,0.446,0.108,95.7,3.88,4.57,4.55,5.17,2.3,6.89,3.69,1.86,5.28,,,,,,,,,,,,,,,,,,,,,0
85,Alex Young,ARI,7,5,0,15,15,77.0,8.06,3.16,1.64,0.254,0.74,0.471,0.179,89.7,3.86,4.7,4.95,4.61,0.5,8.06,3.16,2.56,4.69,,,,,,,,,,,,,,,,,,,,,0
86,Zach Plesac,CLE,8,6,0,21,21,115.2,6.85,3.11,1.48,0.255,0.785,0.391,0.145,93.9,3.81,5.46,4.94,5.06,0.9,6.85,3.11,2.2,5.13,,,,,,,,,,,,,,,,,,,,,0
87,John Means,BAL,10,11,0,27,27,147.1,6.6,2.14,1.34,0.255,0.744,0.306,0.097,91.8,3.73,3.98,4.48,5.61,2.9,6.6,2.14,3.09,5.19,,,,,,,,,,,,,,,,,,,,,0
88,Sean Reid-Foley,TOR,2,3,0,6,6,24.2,7.3,5.84,1.09,0.299,0.729,0.438,0.088,92.5,3.65,4.84,5.36,6.52,0.1,7.3,5.84,1.25,6.02,,,,,,,,,,,,,,,,,,,,,0
89,Austin Voth,WSN,2,1,0,8,8,41.1,8.71,2.83,1.09,0.25,0.775,0.343,0.109,92.7,3.48,3.52,4.01,4.65,0.9,8.71,2.83,3.08,4.44,,,,,,,,,,,,,,,,,,,,,0
90,Dakota Hudson,STL,16,7,0,32,32,174.0,7.03,4.4,1.14,0.275,0.78,0.569,0.2,94.1,3.36,5.08,4.92,4.53,1.0,7.03,4.4,1.6,5.06,,,,,,,,,,,,,,,,,,,,,0
91,Chris Paddack,SDP,9,7,0,26,26,140.2,9.79,1.98,1.47,0.237,0.769,0.402,0.146,94.1,3.33,3.38,3.95,4.05,2.4,9.79,1.98,4.94,3.83,,,,,,,,,,,,,,,,,,,,,1
92,Luke Bard,LAA,0,0,0,3,3,3.0,9.0,0.0,0.0,0.333,0.75,0.556,0.0,94.6,3.0,5.39,2.21,4.2,0.1,9.0,0.0,3.0,3.47,,,,,,,,,,,,,,,,,,,,,0
93,Tony Gonsolin,LAD,2,2,0,6,6,28.0,7.71,3.21,0.96,0.218,0.736,0.392,0.079,93.6,2.89,3.75,3.96,5.27,0.5,7.71,3.21,2.4,4.95,,,,,,,,,,,,,,,,,,,,,0
94,Dustin May,LAD,1,2,0,4,4,22.1,6.85,1.21,0.4,0.299,0.636,0.403,0.05,95.2,2.82,5.05,2.81,4.01,0.7,6.85,1.21,5.67,4.39,,,,,,,,,,,,,,,,,,,,,1
95,Zac Gallen,2 Tms,3,6,0,15,15,80.0,10.8,4.05,0.9,0.284,0.837,0.389,0.108,93.0,2.81,3.67,3.61,4.15,1.6,10.8,4.05,2.67,4.24,,,,,,,,,,,,,,,,,,,,,0
96,Justin Dunn,SEA,0,0,0,4,4,6.2,6.75,12.15,0.0,0.125,0.818,0.438,0.0,92.5,2.7,4.46,5.76,8.15,0.1,6.75,12.15,0.56,9.17,,,,,,,,,,,,,,,,,,,,,0
97,Alec Mills,CHC,0,0,0,4,4,20.0,11.7,2.7,0.9,0.354,0.882,0.5,0.125,90.0,2.7,4.64,3.56,3.86,0.4,11.7,2.7,4.33,3.57,,,,,,,,,,,,,,,,,,,,,0
98,Michael Soroka,ATL,13,4,0,29,29,174.2,7.32,2.11,0.72,0.28,0.799,0.512,0.111,92.9,2.68,4.08,3.45,3.85,4.0,7.32,2.11,3.46,4.28,,,,,,,,,,,,,,,,,,,,,1
99,Aaron Civale,CLE,3,4,0,10,10,57.2,7.18,2.5,0.62,0.25,0.776,0.405,0.066,92.1,2.34,3.35,3.4,4.61,1.5,7.18,2.5,2.88,4.74,,,,,,,,,,,,,,,,,,,,,0
100,Randy Dobnak,MIN,2,1,0,5,5,19.1,7.45,2.33,0.0,0.245,0.714,0.509,0.0,93.5,1.86,3.35,2.8,4.34,0.7,7.45,2.33,3.2,4.37,,,,,,,,,,,,,,,,,,,,,0
101,Pedro Avila,SDP,0,0,0,1,1,5.1,8.44,3.38,0.0,0.267,0.857,0.4,0.0,93.7,1.69,2.58,3.03,5.26,0.2,8.44,3.38,2.5,4.76,,,,,,,,,,,,,,,,,,,,,0
102,José Ruiz,CHW,0,0,0,1,1,1.2,5.4,0.0,0.0,0.429,1.0,0.714,0.0,94.7,0.0,1.83,2.01,4.4,0.1,5.4,0.0,1.0,3.64,,,,,,,,,,,,,,,,,,,,,0
103,Josh James,HOU,0,0,0,1,1,1.0,9.0,0.0,0.0,0.0,1.0,0.5,0.0,97.1,0.0,2.06,1.21,3.2,0.0,9.0,0.0,1.0,2.7,,,,,,,,,,,,,,,,,,,,,0
104,Josh Taylor,BOS,0,0,0,1,1,1.0,18.0,18.0,0.0,0.5,1.0,0.0,0.0,94.4,0.0,6.65,5.21,7.2,0.0,18.0,18.0,1.0,7.92,,,,,,,,,,,,,,,,,,,,,0
105,Ryan Burr,CHW,0,1,0,1,1,2.0,4.5,4.5,0.0,0.167,0.5,0.5,0.0,96.5,0.0,4.65,3.71,4.71,0.0,4.5,4.5,1.0,5.89,,,,,,,,,,,,,,,,,,,,,0
106,Bobby Poyner,BOS,0,0,0,1,1,2.0,9.0,0.0,0.0,0.0,1.0,0.0,0.0,89.6,0.0,3.95,1.21,4.2,0.1,9.0,0.0,2.0,4.22,,,,,,,,,,,,,,,,,,,,,0
107,Travis Lakins,BOS,0,0,0,3,3,5.2,9.53,3.18,0.0,0.154,1.0,0.462,0.0,94.7,0.0,3.62,2.16,3.91,0.2,9.53,3.18,3.0,4.05,,,,,,,,,,,,,,,,,,,,,0
108,Michel Baez,SDP,0,0,0,1,1,2.0,18.0,4.5,0.0,0.0,1.0,1.0,0.0,95.8,0.0,0.87,0.71,0.71,0.1,18.0,4.5,4.0,2.36,,,,,,,,,,,,,,,,,,,,,1
109,Emmanuel Clase,TEX,0,0,0,1,1,1.0,0.0,18.0,0.0,0.333,1.0,0.333,0.0,99.3,0.0,12.96,9.21,13.19,0.0,0.0,18.0,0.0,14.65,,,,,,,,,,,,,,,,,,,,,0
1,Daulton Jefferies,OAK,0,1,0,1,1,2.0,4.5,9.0,9.0,0.375,0.476,0.333,0.5,94.8,22.5,8.84,18.19,9.05,-0.2,4.5,9.0,0.5,7.62,,,,,,,,,,,,,,,,,,,,,0
2,Bruce Zimmermann,BAL,0,0,0,1,1,3.0,6.0,3.0,6.0,0.25,0.476,0.4,0.4,92.4,15.0,14.34,13.52,8.07,-0.2,6.0,3.0,2.0,5.62,,,,,,,,,,,,,,,,,,,,,0
3,Kyle Hart,BOS,0,1,0,3,3,9.0,12.0,10.0,2.0,0.5,0.496,0.323,0.154,88.6,13.0,8.77,6.75,6.64,-0.1,12.0,10.0,1.2,6.1,,,,,,,,,,,,,,,,,,,,,0
4,Ronald Bolaños,KCR,0,2,0,2,2,3.2,4.91,7.36,4.91,0.462,0.543,0.533,0.5,95.3,12.27,15.79,12.46,7.48,-0.2,4.91,7.36,0.67,6.62,,,,,,,,,,,,,,,,,,,,,0
5,Wil Crowe,WSN,0,2,0,3,3,8.1,8.64,8.64,5.4,0.375,0.625,0.276,0.357,91.7,11.88,16.09,12.31,7.75,-0.5,8.64,8.64,1.0,6.64,,,,,,,,,,,,,,,,,,,,,0
6,Robert Dugger,MIA,0,0,0,1,1,3.1,5.4,2.7,2.7,0.385,0.357,0.286,0.143,92.7,10.8,12.71,6.79,6.94,0.0,5.4,2.7,2.0,6.01,,,,,,,,,,,,,,,,,,,,,0
7,Tucker Davidson,ATL,0,1,0,1,1,1.2,10.8,21.6,5.4,0.333,0.0,0.286,0.25,92.1,10.8,17.46,15.79,12.62,-0.2,10.8,21.6,0.5,9.48,,,,,,,,,,,,,,,,,,,,,0
8,Matt Hall,BOS,0,1,0,1,1,2.2,10.12,6.75,0.0,0.375,0.5,0.375,0.0,88.0,10.12,5.25,4.32,6.49,0.0,10.12,6.75,1.5,5.42,,,,,,,,,,,,,,,,,,,,,0
9,Jonathan Stiever,CHW,0,1,0,2,2,6.1,4.26,5.68,5.68,0.167,0.741,0.409,0.4,92.5,9.95,23.79,12.35,7.18,-0.3,4.26,5.68,0.75,6.9,,,,,,,,,,,,,,,,,,,,,0
10,Tyson Miller,CHC,0,0,0,1,1,2.0,0.0,13.5,4.5,0.0,0.769,0.571,1.0,93.5,9.0,31.06,14.19,8.66,-0.2,0.0,13.5,0.0,10.91,,,,,,,,,,,,,,,,,,,,,0
11,Rony García,DET,0,0,0,2,2,5.0,9.0,3.6,5.4,0.231,0.526,0.267,0.429,93.4,9.0,8.55,10.19,5.09,-0.2,9.0,3.6,2.5,4.87,,,,,,,,,,,,,,,,,,,,,0
12,Huascar Ynoa,ATL,0,0,0,5,5,12.2,7.11,4.26,1.42,0.366,0.586,0.558,0.2,95.1,8.53,5.73,5.56,5.03,0.0,7.11,4.26,1.67,4.99,,,,,,,,,,,,,,,,,,,,,0
13,Michael King,NYY,0,2,0,4,4,14.0,10.29,5.79,1.29,0.35,0.56,0.381,0.118,93.9,8.36,4.92,4.91,5.39,0.1,10.29,5.79,1.78,5.09,,,,,,,,,,,,,,,,,,,,,0
14,Ramón Rosso,PHI,0,1,0,1,1,2.1,11.57,11.57,0.0,0.333,0.667,0.333,0.0,93.2,7.71,5.33,5.76,7.42,0.0,11.57,11.57,1.0,6.76,,,,,,,,,,,,,,,,,,,,,0
15,Carlos Hernández,KCR,0,1,0,3,3,8.1,9.72,4.32,4.32,0.417,0.806,0.393,0.4,96.7,7.56,9.29,8.71,4.79,-0.2,9.72,4.32,2.25,4.76,,,,,,,,,,,,,,,,,,,,,0
16,Walker Lockett,NYM,0,0,0,1,1,6.0,7.5,3.0,1.5,0.333,0.581,0.222,0.125,,7.5,7.94,5.19,5.6,0.1,7.5,3.0,2.5,5.18,,,,,,,,,,,,,,,,,,,,,0
17,Brandon Bielak,HOU,1,2,0,6,6,21.2,6.65,4.98,3.32,0.258,0.736,0.362,0.276,93.2,7.06,7.44,8.31,6.1,-0.5,6.65,4.98,1.33,5.87,,,,,,,,,,,,,,,,,,,,,0
18,Casey Mize,DET,0,3,0,7,7,28.1,8.26,4.13,2.22,0.268,0.591,0.386,0.226,93.8,6.99,7.44,6.47,5.37,-0.2,8.26,4.13,2.0,5.06,,,,,,,,,,,,,,,,,,,,,1
19,Paolo Espino,WSN,0,0,0,1,1,4.0,9.0,0.0,2.25,0.462,0.714,0.5,0.25,89.7,6.75,10.85,4.44,3.12,0.1,9.0,0.0,4.0,3.44,,,,,,,,,,,,,,,,,,,,,0
20,Lewis Thorpe,MIN,0,0,0,1,1,4.0,6.75,9.0,2.25,0.417,0.814,0.385,0.25,88.8,6.75,8.81,7.94,6.62,-0.1,6.75,9.0,0.75,7.21,,,,,,,,,,,,,,,,,,,,,0
21,Clarke Schmidt,NYY,0,1,0,1,1,4.0,9.0,4.5,0.0,0.333,0.571,0.583,0.0,94.7,6.75,5.11,3.44,5.37,0.1,9.0,4.5,2.0,4.76,,,,,,,,,,,,,,,,,,,,,0
22,Patrick Sandoval,LAA,0,5,0,6,6,25.1,6.39,3.91,2.49,0.266,0.582,0.523,0.269,92.9,6.75,6.29,6.67,5.05,-0.2,6.39,3.91,1.64,5.24,,,,,,,,,,,,,,,,,,,,,0
23,Nate Pearson,TOR,0,0,0,4,4,16.1,7.71,6.61,2.76,0.186,0.556,0.354,0.227,96.2,6.61,4.9,7.66,6.28,-0.3,7.71,6.61,1.17,6.15,,,,,,,,,,,,,,,,,,,,,1
24,Trevor Rogers,MIA,1,2,0,7,7,28.0,12.54,4.18,1.61,0.38,0.675,0.474,0.208,93.7,6.11,3.5,4.33,3.67,0.4,12.54,4.18,3.0,3.86,,,,,,,,,,,,,,,,,,,,,0
25,Ryan Castellani,COL,1,4,0,9,9,41.1,5.01,5.66,2.61,0.2,0.732,0.37,0.218,92.4,6.1,8.16,8.1,6.89,-0.7,5.01,5.66,0.88,6.68,,,,,,,,,,,,,,,,,,,,,0
26,Tarik Skubal,DET,1,3,0,7,7,27.0,10.33,3.33,2.33,0.288,0.674,0.278,0.189,94.5,6.0,4.48,5.6,4.87,0.0,10.33,3.33,3.1,4.29,,,,,,,,,,,,,,,,,,,,,1
27,Spencer Howard,PHI,1,2,0,6,6,24.1,8.51,3.7,2.22,0.329,0.736,0.38,0.2,94.2,5.92,4.41,5.86,5.03,0.0,8.51,3.7,2.3,4.87,,,,,,,,,,,,,,,,,,,,,1
28,Braxton Garrett,MIA,1,1,0,2,2,7.2,9.39,5.87,3.52,0.278,0.795,0.619,0.5,89.8,5.87,7.33,8.15,4.57,-0.2,9.39,5.87,1.6,4.98,,,,,,,,,,,,,,,,,,,,,0
29,Logan Webb,SFG,2,4,0,11,11,48.2,8.32,3.88,0.74,0.345,0.597,0.49,0.111,93.2,5.73,5.32,4.14,4.49,0.7,8.32,3.88,2.14,4.69,,,,,,,,,,,,,,,,,,,,,0
30,Ljay Newsome,SEA,0,1,0,4,4,12.2,5.68,0.71,2.13,0.326,0.743,0.348,0.158,91.5,5.68,4.12,5.48,5.29,0.0,5.68,0.71,8.0,4.96,,,,,,,,,,,,,,,,,,,,,0
31,JT Brubaker,PIT,1,3,0,9,9,42.1,8.72,3.4,1.28,0.317,0.653,0.484,0.158,93.5,5.53,4.6,4.37,4.26,0.6,8.72,3.4,2.56,4.47,,,,,,,,,,,,,,,,,,,,,0
32,Johan Oviedo,STL,0,3,0,5,5,24.2,5.84,3.65,1.09,0.269,0.603,0.395,0.111,95.1,5.47,7.16,5.3,5.83,0.1,5.84,3.65,1.6,5.58,,,,,,,,,,,,,,,,,,,,,0
33,Wes Benjamin,TEX,0,0,0,1,1,5.0,5.4,1.8,1.8,0.333,0.758,0.444,0.25,90.5,5.4,7.9,5.19,4.13,0.0,5.4,1.8,3.0,4.9,,,,,,,,,,,,,,,,,,,,,0
34,Humberto Mejía,MIA,0,2,0,3,3,10.0,9.9,5.4,2.7,0.357,0.759,0.29,0.188,93.0,5.4,10.72,6.99,6.18,-0.2,9.9,5.4,1.83,5.25,,,,,,,,,,,,,,,,,,,,,0
35,Luis Patiño,SDP,0,0,0,1,1,1.2,16.2,10.8,0.0,0.6,0.8,0.6,0.0,96.0,5.4,4.17,3.19,4.35,0.0,16.2,10.8,1.5,5.16,,,,,,,,,,,,,,,,,,,,,1
36,Kyle Wright,ATL,2,4,0,8,8,38.0,7.11,5.68,1.66,0.262,0.732,0.446,0.194,95.1,5.21,6.75,5.9,5.33,-0.2,7.11,5.68,1.25,5.83,,,,,,,,,,,,,,,,,,,,,1
37,Chris Mazza,BOS,1,2,0,6,6,23.1,7.71,3.86,1.16,0.375,0.714,0.32,0.107,92.4,5.01,6.97,4.69,5.33,0.2,7.71,3.86,2.0,5.18,,,,,,,,,,,,,,,,,,,,,0
38,Deivi García,NYY,3,2,0,6,6,34.1,8.65,1.57,1.57,0.29,0.655,0.333,0.122,92.0,4.98,4.69,4.15,4.63,0.8,8.65,1.57,5.5,4.21,,,,,,,,,,,,,,,,,,,,,1
39,Thomas Eshelman,BAL,1,1,0,4,4,14.2,5.52,2.45,2.45,0.292,0.732,0.269,0.16,86.0,4.91,6.52,6.33,6.07,0.0,5.52,2.45,2.25,5.73,,,,,,,,,,,,,,,,,,,,,0
40,Dean Kremer,BAL,1,1,0,4,4,18.2,10.61,5.79,0.0,0.306,0.63,0.306,0.0,93.1,4.82,4.79,2.76,5.14,0.7,10.61,5.79,1.83,4.98,,,,,,,,,,,,,,,,,,,,,0
41,Adrian Morejon,SDP,0,1,0,4,4,9.1,13.5,1.93,2.89,0.25,0.69,0.435,0.3,96.6,4.82,3.11,5.01,2.9,0.1,13.5,1.93,7.0,2.8,,,,,,,,,,,,,,,,,,,,,0
42,Kyle Zimmer,KCR,0,0,0,1,1,2.0,4.5,4.5,0.0,0.167,0.667,0.5,0.0,93.8,4.5,3.99,5.19,6.16,0.0,4.5,4.5,1.0,5.86,,,,,,,,,,,,,,,,,,,,,0
43,Adonis Medina,PHI,0,1,0,1,1,4.0,9.0,6.75,0.0,0.273,0.667,0.818,0.0,92.5,4.5,1.9,3.44,3.92,0.1,9.0,6.75,1.33,4.61,,,,,,,,,,,,,,,,,,,,,1
44,Justin Dunn,SEA,4,1,0,10,10,45.2,7.49,6.11,1.97,0.179,0.82,0.323,0.167,91.3,4.34,6.19,6.54,6.23,-0.3,7.49,6.11,1.23,6.07,,,,,,,,,,,,,,,,,,,,,0
45,Kris Bubic,KCR,1,6,0,10,10,50.0,8.82,3.96,1.44,0.312,0.725,0.466,0.17,91.7,4.32,5.3,4.75,4.48,0.5,8.82,3.96,2.23,4.69,,,,,,,,,,,,,,,,,,,,,0
46,Devin Smeltzer,MIN,0,0,0,1,1,4.1,4.15,2.08,0.0,0.286,0.6,0.231,0.0,87.5,4.15,3.94,2.96,5.19,0.1,4.15,2.08,2.0,5.85,,,,,,,,,,,,,,,,,,,,,0
47,Brady Singer,KCR,4,5,0,12,12,64.1,8.53,3.22,1.12,0.26,0.729,0.531,0.151,93.0,4.06,3.83,4.08,4.05,1.0,8.53,3.22,2.65,4.29,,,,,,,,,,,,,,,,,,,,,0
48,Randy Dobnak,MIN,6,4,0,10,10,46.2,5.21,2.51,0.58,0.307,0.732,0.621,0.094,93.2,4.05,4.11,3.96,4.45,0.8,5.21,2.51,2.08,4.56,,,,,,,,,,,,,,,,,,,,,0
49,Keegan Akin,BAL,1,2,0,6,6,22.1,13.7,3.63,0.81,0.404,0.641,0.328,0.087,91.9,4.03,4.15,2.52,3.34,0.9,13.7,3.63,3.78,3.46,,,,,,,,,,,,,,,,,,,,,0
50,Dane Dunning,CHW,2,0,0,7,7,34.0,9.26,3.44,1.06,0.239,0.669,0.451,0.133,91.9,3.97,3.65,3.99,4.16,0.7,9.26,3.44,2.69,4.33,,,,,,,,,,,,,,,,,,,,,0
51,Michel Baez,SDP,0,0,0,1,1,2.1,11.57,0.0,0.0,0.5,0.75,0.375,0.0,95.4,3.86,2.79,0.62,3.1,0.1,11.57,0.0,3.0,3.17,,,,,,,,,,,,,,,,,,,,,1
52,Brusdar Graterol,LAD,0,0,0,2,2,2.1,15.43,3.86,0.0,0.5,0.667,0.75,0.0,,3.86,1.78,1.05,1.05,0.1,15.43,3.86,4.0,2.33,,,,,,,,,,,,,,,,,,,,,0
53,Tejay Antone,CIN,0,2,0,4,4,16.1,9.92,5.51,1.65,0.289,0.865,0.561,0.214,94.2,3.86,4.04,5.4,4.66,0.1,9.92,5.51,1.8,4.85,,,,,,,,,,,,,,,,,,,,,0
54,Daniel Castano,MIA,0,2,0,6,6,23.1,3.86,3.47,1.16,0.288,0.747,0.458,0.12,89.9,3.86,5.74,5.16,5.56,0.1,3.86,3.47,1.11,5.99,,,,,,,,,,,,,,,,,,,,,0
55,Jesús Luzardo,OAK,3,2,0,9,9,49.1,9.49,2.01,1.64,0.308,0.833,0.478,0.22,95.7,3.83,4.04,4.31,3.54,0.7,9.49,2.01,4.73,3.73,,,,,,,,,,,,,,,,,,,,,1
56,David Peterson,NYM,5,2,0,9,9,45.2,7.69,4.34,0.99,0.24,0.75,0.423,0.109,92.3,3.74,4.47,4.55,5.07,0.5,7.69,4.34,1.77,5.17,,,,,,,,,,,,,,,,,,,,,0
57,Triston McKenzie,CLE,2,1,0,6,6,29.1,11.05,2.76,1.84,0.226,0.833,0.397,0.188,92.9,3.68,4.43,4.42,3.86,0.4,11.05,2.76,4.0,3.53,,,,,,,,,,,,,,,,,,,,,0
58,Cristian Javier,HOU,5,2,0,10,10,51.1,8.42,3.16,1.93,0.185,0.855,0.293,0.159,92.3,3.68,3.31,5.28,5.08,0.4,8.42,3.16,2.67,4.69,,,,,,,,,,,,,,,,,,,,,0
59,Julian Merryweather,TOR,0,0,0,3,3,5.0,10.8,5.4,0.0,0.273,0.667,0.455,0.0,96.2,3.6,2.58,2.59,3.75,0.2,10.8,5.4,2.0,4.56,,,,,,,,,,,,,,,,,,,,,0
60,Justus Sheffield,SEA,4,3,0,10,10,55.1,7.81,3.25,0.33,0.314,0.72,0.506,0.044,92.6,3.58,4.11,3.17,4.27,1.6,7.81,3.25,2.4,4.55,,,,,,,,,,,,,,,,,,,,,1
61,Sixto Sánchez,MIA,3,2,0,7,7,39.0,7.62,2.54,0.69,0.303,0.759,0.58,0.094,98.8,3.46,2.98,3.5,4.08,1.0,7.62,2.54,3.0,4.18,,,,,,,,,,,,,,,,,,,,,1
62,Adbert Alzolay,CHC,1,1,0,4,4,16.1,11.02,5.51,0.55,0.222,0.699,0.432,0.1,94.6,3.31,3.83,3.56,3.94,0.3,11.02,5.51,2.0,4.58,,,,,,,,,,,,,,,,,,,,,0
63,Josh Fleming,TBR,4,0,0,5,5,25.2,7.36,1.75,1.75,0.264,0.909,0.579,0.25,90.7,3.16,3.61,4.67,3.64,0.2,7.36,1.75,4.2,3.9,,,,,,,,,,,,,,,,,,,,,0
64,Jake Woodford,STL,0,0,0,1,1,3.0,9.0,0.0,3.0,0.0,1.0,0.857,1.0,93.6,3.0,3.66,5.52,1.83,0.0,9.0,0.0,3.0,1.32,,,,,,,,,,,,,,,,,,,,,0
65,Mitch Keller,PIT,1,1,0,5,5,21.2,6.65,7.48,1.66,0.104,0.938,0.442,0.16,94.2,2.91,6.09,6.75,6.57,-0.2,6.65,7.48,0.89,6.94,,,,,,,,,,,,,,,,,,,,,1
66,Dustin May,LAD,2,1,0,10,10,46.2,6.36,2.51,1.35,0.243,0.882,0.525,0.184,98.8,2.89,4.07,4.63,4.25,0.5,6.36,2.51,2.54,4.62,,,,,,,,,,,,,,,,,,,,,1
67,José Urquidy,HOU,1,1,0,5,5,29.2,5.16,2.43,1.21,0.209,0.866,0.356,0.108,93.3,2.73,5.26,4.71,5.36,0.3,5.16,2.43,2.13,5.41,,,,,,,,,,,,,,,,,,,,,0
68,John Curtiss,TBR,0,0,0,3,3,3.1,5.4,5.4,2.7,0.385,0.909,0.5,0.25,94.3,2.7,7.77,7.69,6.11,-0.1,5.4,5.4,1.0,6.01,,,,,,,,,,,,,,,,,,,,,0
69,Cody Ponce,PIT,1,0,0,3,3,13.2,5.93,3.29,1.98,0.171,1.0,0.342,0.158,93.5,2.63,6.13,5.83,5.65,0.0,5.93,3.29,1.8,5.51,,,,,,,,,,,,,,,,,,,,,0
70,Kyle Cody,TEX,1,1,0,5,5,18.1,5.89,4.91,0.49,0.245,0.841,0.444,0.045,94.2,1.96,3.63,4.23,5.83,0.4,5.89,4.91,1.2,6.0,,,,,,,,,,,,,,,,,,,,,0
71,Ian Anderson,ATL,3,2,0,6,6,32.1,11.41,3.9,0.28,0.25,0.73,0.525,0.045,94.3,1.95,2.42,2.54,3.45,1.1,11.41,3.9,2.93,3.82,,,,,,,,,,,,,,,,,,,,,1
72,Tony Gonsolin,LAD,2,1,0,8,8,41.2,9.29,1.3,0.22,0.243,0.728,0.343,0.024,95.1,1.94,3.12,1.94,3.53,1.9,9.29,1.3,7.17,3.5,,,,,,,,,,,,,,,,,,,,,0
73,Kwang Hyun Kim,STL,3,0,0,7,7,38.0,5.68,2.84,0.71,0.209,0.917,0.496,0.091,90.1,1.42,3.67,3.9,4.55,0.6,5.68,2.84,2.0,5.02,,,,,,,,,,,,,,,,,,,,,0
74,Bryse Wilson,ATL,1,0,0,2,2,8.0,10.13,3.38,0.0,0.348,0.909,0.478,0.0,94.1,1.13,3.1,2.07,3.51,0.3,10.13,3.38,3.0,4.03,,,,,,,,,,,,,,,,,,,,,0
75,Tanner Houck,BOS,3,0,0,3,3,17.0,11.12,4.76,0.53,0.161,0.959,0.469,0.091,92.9,0.53,3.68,3.25,3.73,0.4,11.12,4.76,2.33,4.15,,,,,,,,,,,,,,,,,,,,,0
76,Robinson Leyer,BOS,0,0,0,1,1,1.0,18.0,9.0,0.0,0.5,1.0,0.0,0.0,96.1,0.0,3.32,2.19,4.12,0.0,18.0,9.0,2.0,4.5,,,,,,,,,,,,,,,,,,,,,0
77,Aaron Slegers,TBR,0,0,0,1,1,4.0,11.25,0.0,0.0,0.0,1.0,0.625,0.0,91.4,0.0,0.32,0.69,2.14,0.3,11.25,0.0,5.0,1.98,,,,,,,,,,,,,,,,,,,,,0
78,Victor González,LAD,0,0,0,1,1,1.0,9.0,0.0,0.0,0.333,1.0,1.0,0.0,,0.0,0.97,1.19,1.19,0.0,9.0,0.0,1.0,-0.07,,,,,,,,,,,,,,,,,,,,,0
79,Ryan Thompson,TBR,0,0,0,1,1,2.0,4.5,0.0,0.0,0.167,1.0,1.0,0.0,,0.0,0.62,2.19,2.19,0.1,4.5,0.0,1.0,-0.22,,,,,,,,,,,,,,,,,,,,,0
80,Jimmy Herget,TEX,0,0,0,1,1,1.0,0.0,18.0,0.0,0.0,1.0,0.667,0.0,94.2,0.0,10.85,9.19,11.12,0.0,0.0,18.0,0.0,13.97,,,,,,,,,,,,,,,,,,,,,0
81,Pete Fairbanks,TBR,0,0,0,2,2,2.2,13.5,3.37,0.0,0.25,1.0,0.5,0.0,97.6,0.0,3.7,1.32,2.04,0.1,13.5,3.37,4.0,2.67,,,,,,,,,,,,,,,,,,,,,0
82,Caleb Baragar,SFG,0,0,0,1,1,1.0,0.0,0.0,0.0,0.25,1.0,0.25,0.0,94.6,0.0,2.72,3.19,7.05,0.0,0.0,0.0,0.0,7.64,,,,,,,,,,,,,,,,,,,,,0
83,Thomas Hatch,TOR,0,0,0,1,1,2.1,11.57,7.71,0.0,0.0,1.0,0.5,0.0,95.3,0.0,4.59,3.19,4.84,0.1,11.57,7.71,1.5,5.44,,,,,,,,,,,,,,,,,,,,,0
84,T.J. Zeuch,TOR,0,0,0,1,1,5.0,0.0,0.0,0.0,0.25,1.0,0.7,0.0,91.8,0.0,2.91,3.19,4.73,0.2,0.0,0.0,0.0,4.38,,,,,,,,,,,,,,,,,,,,,0
85,Matt Foster,CHW,0,0,0,2,2,4.0,11.25,2.25,0.0,0.0,1.0,0.667,0.0,93.9,0.0,2.17,1.44,1.92,0.2,11.25,2.25,5.0,2.39,,,,,,,,,,,,,,,,,,,,,0
86,Ben Braymer,WSN,1,0,0,1,1,5.0,7.2,5.4,0.0,0.083,1.0,0.333,0.0,88.7,0.0,3.06,3.39,5.71,0.1,7.2,5.4,1.33,5.87,,,,,,,,,,,,,,,,,,,,,0
87,Luis Garcia,HOU,0,0,0,1,1,5.0,7.2,3.6,0.0,0.083,1.0,0.417,0.0,94.3,0.0,2.57,2.79,4.33,0.2,7.2,3.6,2.0,4.89,,,,,,,,,,,,,,,,,,,,,0
1,Luis Oviedo,PIT,0,1,0,1,1,1.0,18.0,27.0,9.0,0.667,0.132,0.571,0.333,94.1,54.0,17.11,24.17,16.46,-0.2,18.0,27.0,0.67,7.58,,,,,,,,,,,,,,,,,,,,,0
2,Ljay Newsome,SEA,0,1,0,1,1,2.0,4.5,9.0,13.5,0.444,0.208,0.182,0.5,92.0,36.0,57.86,24.67,10.46,-0.3,4.5,9.0,0.5,7.9,,,,,,,,,,,,,,,,,,,,,0
3,Beau Burrows,MIN,0,1,0,1,1,2.0,9.0,13.5,13.5,0.286,0.263,0.0,0.375,92.1,27.0,30.35,25.17,12.73,-0.3,9.0,13.5,0.67,9.12,,,,,,,,,,,,,,,,,,,,,0
4,Alec Bettinger,MIL,0,1,0,1,1,4.0,0.0,4.5,4.5,0.429,0.268,0.364,0.286,91.1,24.75,9.97,11.92,8.51,-0.2,0.0,4.5,0.0,7.35,,,,,,,,,,,,,,,,,,,,,0
5,Drew Anderson,TEX,0,1,0,1,1,2.0,0.0,9.0,0.0,0.4,0.286,0.3,0.0,92.5,22.5,8.8,7.67,11.2,0.0,0.0,9.0,0.0,8.7,,,,,,,,,,,,,,,,,,,,,0
6,Kutter Crawford,BOS,0,1,0,1,1,2.0,9.0,9.0,4.5,0.5,0.357,0.111,0.2,94.3,22.5,18.48,10.67,8.58,-0.1,9.0,9.0,1.0,6.99,,,,,,,,,,,,,,,,,,,,,0
7,Cooper Criswell,LAA,0,1,0,1,1,1.1,0.0,0.0,0.0,0.6,0.5,0.6,0.0,,20.25,7.64,3.17,4.49,0.0,0.0,0.0,0.0,4.17,,,,,,,,,,,,,,,,,,,,,0
8,Darren McCaughan,SEA,0,0,0,1,1,4.0,4.5,2.25,6.75,0.333,0.517,0.444,0.375,87.2,15.75,5.95,13.42,7.2,-0.3,4.5,2.25,2.0,5.71,,,,,,,,,,,,,,,,,,,,,0
9,Riley O'Brien,CIN,0,1,0,1,1,1.1,13.5,20.25,13.5,0.0,1.0,0.5,1.0,91.7,13.5,28.89,26.42,9.57,-0.2,13.5,20.25,0.67,8.95,,,,,,,,,,,,,,,,,,,,,0
10,Bailey Falter,PHI,0,0,0,1,1,2.0,0.0,4.5,0.0,0.444,0.4,0.556,0.0,90.6,13.5,8.33,4.67,5.55,0.0,0.0,4.5,0.0,6.21,,,,,,,,,,,,,,,,,,,,,0
11,Jon Duplantier,ARI,0,3,0,4,4,13.0,8.31,5.54,3.46,0.326,0.455,0.489,0.333,91.1,13.15,6.88,8.63,5.67,-0.4,8.31,5.54,1.5,5.3,,,,,,,,,,,,,,,,,,,,,0
12,Corbin Martin,ARI,0,3,0,3,3,9.1,7.71,8.68,4.82,0.259,0.6,0.323,0.385,93.8,12.54,13.77,11.63,7.13,-0.5,7.71,8.68,0.89,6.67,,,,,,,,,,,,,,,,,,,,,1
13,Cody Ponce,PIT,0,2,0,2,2,6.2,6.75,5.4,2.7,0.5,0.617,0.393,0.2,92.3,12.15,6.16,7.37,6.12,-0.1,6.75,5.4,1.25,5.8,,,,,,,,,,,,,,,,,,,,,0
14,Jackson Kowar,KCR,0,6,0,8,8,27.1,9.22,6.59,1.98,0.391,0.475,0.344,0.162,95.7,11.85,7.38,6.28,5.81,-0.2,9.22,6.59,1.4,5.55,,,,,,,,,,,,,,,,,,,,,0
15,Nate Pearson,TOR,0,1,0,1,1,2.1,0.0,19.29,0.0,0.364,0.667,0.364,0.0,95.5,11.57,5.58,9.6,14.14,-0.1,0.0,19.29,0.0,11.94,,,,,,,,,,,,,,,,,,,,,1
16,Ryan Feltner,COL,0,1,0,2,2,6.1,8.53,7.11,4.26,0.333,0.648,0.095,0.25,92.4,11.37,8.03,10.28,7.46,-0.2,8.53,7.11,1.2,6.52,,,,,,,,,,,,,,,,,,,,,0
17,Connor Overton,PIT,0,1,0,3,3,6.2,12.15,4.05,2.7,0.421,0.49,0.286,0.222,92.0,10.8,7.08,5.72,4.2,0.0,12.15,4.05,3.0,4.02,,,,,,,,,,,,,,,,,,,,,0
18,Jordan Holloway,MIA,0,2,0,4,4,12.0,9.0,12.0,2.25,0.324,0.543,0.378,0.2,94.8,10.5,7.77,8.42,7.38,-0.3,9.0,12.0,0.75,7.54,,,,,,,,,,,,,,,,,,,,,0
19,Paul Campbell,MIA,0,1,0,1,1,3.2,9.82,0.0,2.45,0.571,0.581,0.467,0.25,92.3,9.82,4.92,5.35,3.73,0.0,9.82,0.0,4.0,3.53,,,,,,,,,,,,,,,,,,,,,0
20,J.C. Mejía,CLE,0,7,0,11,11,42.1,7.65,4.68,2.34,0.331,0.519,0.479,0.244,92.9,9.78,6.77,6.62,5.12,-0.6,7.65,4.68,1.64,5.15,,,,,,,,,,,,,,,,,,,,,0
21,Glenn Otto Jr.,TEX,0,3,0,6,6,23.1,10.8,3.09,0.77,0.423,0.459,0.444,0.105,92.7,9.26,5.13,3.17,3.49,0.6,10.8,3.09,3.5,3.82,,,,,,,,,,,,,,,,,,,,,0
22,Seth Frankoff,ARI,0,2,0,3,3,13.2,7.24,5.93,1.98,0.326,0.588,0.512,0.2,91.2,9.22,5.66,6.83,5.91,-0.2,7.24,5.93,1.22,5.69,,,,,,,,,,,,,,,,,,,,,0
23,Louis Head,TBR,0,0,0,2,2,2.0,18.0,0.0,4.5,0.5,0.625,0.6,0.5,94.6,9.0,2.33,5.67,0.93,0.0,18.0,0.0,4.0,1.46,,,,,,,,,,,,,,,,,,,,,0
24,Jake Reed,LAD,0,0,0,1,1,1.0,0.0,0.0,9.0,0.0,1.0,0.75,1.0,,9.0,23.98,16.17,4.93,-0.1,0.0,0.0,0.0,4.24,,,,,,,,,,,,,,,,,,,,,0
25,Brent Honeywell,TBR,0,0,0,2,2,3.0,12.0,3.0,3.0,0.286,0.385,0.375,0.333,94.7,9.0,4.81,5.84,3.27,0.0,12.0,3.0,4.0,3.43,,,,,,,,,,,,,,,,,,,,,1
26,Edwin Uceta,LAD,0,1,0,1,1,2.0,9.0,4.5,4.5,0.6,0.833,0.333,0.333,91.7,9.0,9.97,9.17,5.32,-0.1,9.0,4.5,2.0,4.93,,,,,,,,,,,,,,,,,,,,,0
27,Darien Núñez,LAD,0,0,0,1,1,2.0,9.0,4.5,4.5,0.25,0.625,0.2,0.25,94.5,9.0,19.95,9.17,6.2,-0.1,9.0,4.5,2.0,5.52,,,,,,,,,,,,,,,,,,,,,0
28,Lucas Gilbreath,COL,0,0,0,1,1,1.0,0.0,18.0,0.0,0.4,0.75,0.2,0.0,93.1,9.0,8.77,9.17,12.7,0.0,0.0,18.0,0.0,11.39,,,,,,,,,,,,,,,,,,,,,0
29,Miguel Yajure,PIT,0,2,0,3,3,11.1,7.15,3.97,3.18,0.258,0.526,0.429,0.308,91.0,8.74,6.13,7.49,4.93,-0.2,7.15,3.97,1.8,5.09,,,,,,,,,,,,,,,,,,,,,0
30,Riley Smith,ARI,1,4,0,6,6,25.0,2.88,2.16,1.08,0.357,0.553,0.44,0.088,92.7,7.92,7.32,4.81,5.65,0.1,2.88,2.16,1.33,5.9,,,,,,,,,,,,,,,,,,,,,0
31,Sam Hentges,CLE,0,4,0,12,12,41.0,7.9,5.93,0.88,0.374,0.565,0.444,0.083,94.4,7.9,5.86,4.66,5.46,0.4,7.9,5.93,1.33,5.59,,,,,,,,,,,,,,,,,,,,,0
32,Packy Naughton,LAA,0,4,0,5,5,17.1,5.19,5.71,1.56,0.328,0.638,0.5,0.25,90.4,7.79,6.73,6.34,5.31,-0.2,5.19,5.71,0.91,5.94,,,,,,,,,,,,,,,,,,,,,0
33,Tyler Ivey,HOU,0,0,0,1,1,4.2,5.79,1.93,1.93,0.333,0.536,0.313,0.125,90.3,7.71,6.8,5.31,5.55,0.0,5.79,1.93,3.0,5.23,,,,,,,,,,,,,,,,,,,,,0
34,José De León,CIN,0,1,0,2,2,9.1,17.36,4.82,3.86,0.389,0.769,0.318,0.364,94.2,7.71,4.67,6.49,3.0,-0.1,17.36,4.82,3.6,2.97,,,,,,,,,,,,,,,,,,,,,1
35,Spenser Watkins,BAL,2,7,0,10,10,46.0,6.26,3.33,1.76,0.331,0.587,0.348,0.148,90.7,7.63,6.48,5.56,5.36,0.2,6.26,3.33,1.88,5.33,,,,,,,,,,,,,,,,,,,,,0
36,Dean Kremer,BAL,0,7,0,13,13,53.2,7.88,4.19,2.85,0.297,0.66,0.304,0.195,92.6,7.55,6.33,6.99,5.73,-0.3,7.88,4.19,1.88,5.26,,,,,,,,,,,,,,,,,,,,,0
37,Jhonathan Díaz,LAA,0,0,0,2,2,6.0,7.5,9.0,1.5,0.333,0.735,0.409,0.111,90.4,7.5,9.04,7.17,7.65,-0.1,7.5,9.0,0.83,6.74,,,,,,,,,,,,,,,,,,,,,0
38,Reid Detmers,LAA,1,3,0,5,5,20.2,8.27,4.79,2.18,0.328,0.688,0.338,0.161,92.9,7.4,5.52,6.36,5.86,-0.1,8.27,4.79,1.73,5.27,,,,,,,,,,,,,,,,,,,,,1
39,Zac Lowther,BAL,1,3,0,6,6,23.2,8.37,4.18,1.9,0.357,0.639,0.453,0.2,90.3,7.23,6.81,5.71,4.82,0.1,8.37,4.18,2.0,4.81,,,,,,,,,,,,,,,,,,,,,0
40,Spencer Howard,2 Tms,0,5,0,15,15,43.2,8.45,4.53,1.44,0.304,0.515,0.374,0.132,94.0,7.21,4.96,5.09,5.15,0.2,8.45,4.53,1.86,4.99,,,,,,,,,,,,,,,,,,,,,1
41,Robert Dugger,SEA,0,2,0,4,4,11.1,5.56,6.35,1.59,0.314,0.625,0.444,0.154,91.1,7.15,5.51,6.61,6.34,-0.2,5.56,6.35,0.88,6.45,,,,,,,,,,,,,,,,,,,,,0
42,Alex Wells,BAL,1,3,0,8,8,37.0,5.84,2.92,2.43,0.294,0.674,0.302,0.167,88.6,7.05,6.71,6.6,5.95,-0.1,5.84,2.92,2.0,5.52,,,,,,,,,,,,,,,,,,,,,0
43,Keegan Akin,BAL,2,10,0,17,17,77.0,7.6,4.44,1.87,0.316,0.657,0.351,0.15,92.0,6.9,5.82,5.74,5.49,0.2,7.6,4.44,1.71,5.28,,,,,,,,,,,,,,,,,,,,,0
44,Kohei Arihara,TEX,2,4,0,10,10,40.2,5.31,2.88,2.43,0.27,0.665,0.407,0.212,91.6,6.64,7.93,6.76,5.5,-0.6,5.31,2.88,1.85,5.39,,,,,,,,,,,,,,,,,,,,,0
45,Hyeon-Jong Yang,TEX,0,3,0,4,4,15.0,8.4,5.4,1.8,0.341,0.596,0.442,0.214,89.5,6.6,5.44,5.7,4.75,0.0,8.4,5.4,1.56,5.2,,,,,,,,,,,,,,,,,,,,,0
46,Deivi García,NYY,0,2,0,2,2,8.1,7.56,4.32,1.08,0.28,0.517,0.231,0.067,92.3,6.48,6.79,4.85,6.47,0.1,7.56,4.32,1.75,5.65,,,,,,,,,,,,,,,,,,,,,1
47,Reiss Knehr,SDP,0,2,0,5,5,15.1,5.28,4.7,1.17,0.255,0.594,0.286,0.087,93.6,6.46,9.21,5.45,6.4,0.0,5.28,4.7,1.13,6.25,,,,,,,,,,,,,,,,,,,,,0
48,Ryan Weathers,SDP,2,5,0,18,18,69.1,6.49,3.38,2.21,0.304,0.704,0.432,0.207,93.8,6.36,6.25,6.17,5.07,-0.5,6.49,3.38,1.92,5.12,,,,,,,,,,,,,,,,,,,,,0
49,Max Kranick,PIT,2,3,0,9,9,38.2,7.45,4.42,0.93,0.35,0.652,0.331,0.074,94.3,6.28,4.61,4.64,5.76,0.5,7.45,4.42,1.68,5.36,,,,,,,,,,,,,,,,,,,,,0
50,Josh Fleming,TBR,4,5,0,11,11,56.1,6.23,3.2,0.96,0.321,0.606,0.567,0.125,91.5,6.23,4.33,4.29,4.41,0.6,6.23,3.2,1.95,4.69,,,,,,,,,,,,,,,,,,,,,0
51,Mitch White,LAD,0,3,0,4,4,16.0,11.81,3.38,2.25,0.308,0.671,0.452,0.267,94.5,6.19,3.68,4.92,3.32,0.1,11.81,3.38,3.5,3.57,,,,,,,,,,,,,,,,,,,,,0
52,Griffin Jax,MIN,3,5,0,14,14,69.1,7.01,3.12,2.34,0.248,0.641,0.324,0.158,92.8,6.1,5.73,6.24,5.77,-0.5,7.01,3.12,2.25,5.17,,,,,,,,,,,,,,,,,,,,,0
53,Connor Seabold,BOS,0,0,0,1,1,3.0,0.0,6.0,3.0,0.222,0.833,0.4,0.25,90.6,6.0,10.32,9.5,7.52,-0.1,0.0,6.0,0.0,8.76,,,,,,,,,,,,,,,,,,,,,0
54,Charlie Barnes,MIN,0,3,0,8,8,33.1,4.59,3.78,0.81,0.319,0.632,0.405,0.064,89.9,5.94,5.79,4.94,6.26,0.2,4.59,3.78,1.21,5.97,,,,,,,,,,,,,,,,,,,,,0
55,Edward Cabrera,MIA,0,3,0,7,7,26.1,9.57,6.49,2.05,0.286,0.699,0.418,0.273,96.9,5.81,7.9,6.63,5.14,-0.4,9.57,6.49,1.47,5.31,,,,,,,,,,,,,,,,,,,,,0
56,Matt Manning,DET,4,7,0,18,18,85.1,6.01,3.48,1.05,0.305,0.619,0.445,0.102,93.7,5.8,5.43,4.62,5.13,0.8,6.01,3.48,1.73,5.27,,,,,,,,,,,,,,,,,,,,,1
57,Jacob Latz,TEX,0,1,0,1,1,4.2,7.71,0.0,5.79,0.167,1.0,0.2,0.333,93.3,5.79,3.52,9.81,4.86,-0.2,7.71,0.0,4.0,4.59,,,,,,,,,,,,,,,,,,,,,0
58,Daniel Lynch IV,KCR,4,6,0,15,15,68.0,7.28,4.1,1.19,0.335,0.674,0.388,0.11,93.9,5.69,6.28,4.82,5.22,0.6,7.28,4.1,1.77,5.19,,,,,,,,,,,,,,,,,,,,,0
59,Humberto Castellanos,ARI,2,1,0,7,7,34.0,5.03,2.38,1.59,0.306,0.704,0.409,0.13,90.5,5.56,4.32,5.32,5.41,0.0,5.03,2.38,2.11,5.35,,,,,,,,,,,,,,,,,,,,,0
60,Keegan Thompson,CHC,0,1,0,6,6,16.1,7.71,6.06,1.1,0.333,0.719,0.455,0.111,92.6,5.51,5.01,5.25,5.6,0.1,7.71,6.06,1.27,5.65,,,,,,,,,,,,,,,,,,,,,0
61,Wil Crowe,PIT,4,8,0,25,25,116.0,8.46,4.27,1.94,0.309,0.742,0.428,0.188,93.9,5.43,5.18,5.67,4.89,-0.3,8.46,4.27,1.98,4.85,,,,,,,,,,,,,,,,,,,,,0
62,Daulton Jefferies,OAK,1,0,0,1,1,5.0,5.4,5.4,1.8,0.154,0.652,0.357,0.167,93.2,5.4,3.79,6.37,5.89,-0.1,5.4,5.4,1.0,6.32,,,,,,,,,,,,,,,,,,,,,0
63,Bruce Zimmermann,BAL,3,5,0,13,13,58.2,7.67,3.22,1.99,0.335,0.771,0.384,0.197,91.5,5.37,6.78,5.52,4.63,0.3,7.67,3.22,2.38,4.77,,,,,,,,,,,,,,,,,,,,,0
64,Eli Morgan,CLE,5,7,0,18,18,89.1,8.16,2.22,2.01,0.278,0.705,0.292,0.147,90.6,5.34,5.3,5.14,4.92,0.4,8.16,2.22,3.68,4.51,,,,,,,,,,,,,,,,,,,,,0
65,Johan Oviedo,STL,0,5,0,13,13,57.2,7.34,5.46,1.25,0.291,0.687,0.475,0.145,95.0,5.31,5.97,5.48,5.36,-0.1,7.34,5.46,1.34,5.49,,,,,,,,,,,,,,,,,,,,,0
66,Matt Peacock,ARI,1,5,0,8,8,34.0,6.35,3.18,1.59,0.345,0.741,0.585,0.207,93.2,5.29,5.21,5.11,4.32,0.0,6.35,3.18,2.0,4.58,,,,,,,,,,,,,,,,,,,,,0
67,Josiah Gray,2 Tms,2,2,0,13,13,66.2,9.32,4.32,2.16,0.251,0.751,0.309,0.168,94.5,5.27,4.38,5.75,5.14,0.2,9.32,4.32,2.16,4.76,,,,,,,,,,,,,,,,,,,,,1
68,Daniel Castano,MIA,0,2,0,4,4,17.1,5.19,3.63,1.56,0.298,0.756,0.397,0.158,91.0,5.19,6.93,5.65,5.33,0.0,5.19,3.63,1.43,5.63,,,,,,,,,,,,,,,,,,,,,0
69,Adbert Alzolay,CHC,4,13,0,21,21,106.1,9.06,2.71,2.03,0.261,0.704,0.449,0.235,93.9,5.16,4.76,5.14,3.89,0.4,9.06,2.71,3.34,4.02,,,,,,,,,,,,,,,,,,,,,0
70,Hans Crouse,PHI,0,2,0,2,2,7.0,2.57,9.0,2.57,0.095,0.854,0.182,0.154,92.7,5.14,4.63,9.31,8.88,-0.2,2.57,9.0,0.29,9.39,,,,,,,,,,,,,,,,,,,,,0
71,Nick Neidert,MIA,1,2,0,7,7,31.2,5.4,6.54,1.14,0.264,0.749,0.359,0.095,91.7,5.12,6.57,6.17,6.87,-0.2,5.4,6.54,0.83,6.76,,,,,,,,,,,,,,,,,,,,,0
72,Triston McKenzie,CLE,5,9,0,24,24,116.1,10.13,4.18,1.62,0.226,0.675,0.308,0.151,92.3,5.03,4.39,4.73,4.5,1.1,10.13,4.18,2.43,4.32,,,,,,,,,,,,,,,,,,,,,0
73,Cody Poteet,MIA,2,3,0,7,7,30.2,9.39,4.7,2.05,0.234,0.769,0.329,0.175,93.6,4.99,5.02,5.62,4.95,0.0,9.39,4.7,2.0,4.78,,,,,,,,,,,,,,,,,,,,,0
74,Justin Steele,CHC,2,4,0,9,9,43.2,7.83,4.12,2.06,0.273,0.788,0.457,0.238,93.0,4.95,4.66,5.99,4.71,-0.2,7.83,4.12,1.9,4.89,,,,,,,,,,,,,,,,,,,,,0
75,Jonathan Heasley,KCR,1,1,0,3,3,14.2,3.68,1.84,1.84,0.267,0.759,0.458,0.158,93.6,4.91,7.16,6.03,5.66,0.0,3.68,1.84,2.0,5.51,,,,,,,,,,,,,,,,,,,,,0
76,T.J. Zeuch,TOR,0,0,0,3,3,11.0,4.09,4.09,2.45,0.25,0.781,0.487,0.188,90.7,4.91,7.41,7.17,6.19,-0.2,4.09,4.09,1.0,6.13,,,,,,,,,,,,,,,,,,,,,0
77,Luis Patiño,TBR,3,3,0,15,15,68.1,8.3,3.82,1.45,0.277,0.711,0.301,0.108,96.0,4.74,4.73,4.82,5.36,0.5,8.3,3.82,2.17,4.95,,,,,,,,,,,,,,,,,,,,,1
78,Vladimir Gutierrez,CIN,9,6,0,22,22,114.0,6.95,3.63,1.58,0.281,0.759,0.434,0.143,93.4,4.74,4.58,5.22,5.11,0.7,6.95,3.63,1.91,5.08,,,,,,,,,,,,,,,,,,,,,0
79,Logan Gilbert,SEA,6,5,0,24,24,119.1,9.65,2.11,1.28,0.293,0.679,0.323,0.109,95.4,4.68,4.09,3.73,4.19,2.2,9.65,2.11,4.57,3.87,,,,,,,,,,,,,,,,,,,,,1
80,Braxton Garrett,MIA,1,2,0,7,7,31.0,8.71,5.52,0.87,0.387,0.766,0.378,0.111,90.4,4.65,5.79,4.43,4.71,0.3,8.71,5.52,1.58,5.22,,,,,,,,,,,,,,,,,,,,,0
81,Aaron Ashby,MIL,1,0,0,4,4,11.2,6.94,3.09,0.77,0.289,0.479,0.632,0.167,96.1,4.63,3.39,3.77,3.56,0.2,6.94,3.09,2.25,4.0,,,,,,,,,,,,,,,,,,,,,0
82,Dane Dunning,TEX,5,10,0,25,25,114.2,8.56,3.38,0.94,0.334,0.72,0.539,0.136,,4.55,4.76,3.94,3.93,1.9,8.56,3.38,2.53,4.2,,,,,,,,,,,,,,,,,,,,,0
83,Tylor Megill,NYM,4,6,0,18,18,89.2,9.94,2.71,1.91,0.297,0.785,0.424,0.188,94.7,4.52,3.81,4.69,3.92,0.7,9.94,2.71,3.67,3.85,,,,,,,,,,,,,,,,,,,,,0
84,Sam Long,SFG,2,1,0,5,5,22.1,9.27,2.82,1.21,0.279,0.714,0.391,0.1,92.3,4.43,3.71,3.93,4.55,0.3,9.27,2.82,3.29,4.15,,,,,,,,,,,,,,,,,,,,,0
85,Tarik Skubal,DET,8,11,0,29,29,143.2,9.96,2.76,2.13,0.274,0.805,0.386,0.21,94.6,4.39,5.44,5.06,3.97,0.7,9.96,2.76,3.61,3.87,,,,,,,,,,,,,,,,,,,,,1
86,Bailey Ober,MIN,3,3,0,20,20,92.1,9.36,1.85,1.95,0.296,0.798,0.331,0.168,92.4,4.19,4.53,4.56,4.01,0.9,9.36,1.85,5.05,3.82,,,,,,,,,,,,,,,,,,,,,0
87,Clarke Schmidt,NYY,0,0,0,1,1,4.1,4.15,6.23,2.08,0.333,0.625,0.667,0.25,92.7,4.15,4.57,8.02,6.64,-0.1,4.15,6.23,0.67,5.84,,,,,,,,,,,,,,,,,,,,,0
88,Joe Ryan,MIN,2,1,0,5,5,26.2,10.13,1.69,1.35,0.197,0.584,0.281,0.118,91.3,4.05,3.03,3.43,3.73,0.6,10.13,1.69,6.0,3.42,,,,,,,,,,,,,,,,,,,,,0
89,Joel Payamps,KCR,0,0,0,1,1,2.1,7.71,0.0,3.86,0.2,1.0,0.333,0.25,95.2,3.86,4.75,7.03,4.48,0.0,7.71,0.0,2.0,3.83,,,,,,,,,,,,,,,,,,,,,0
90,Janson Junk,LAA,0,1,0,4,4,16.1,5.51,1.1,2.76,0.278,0.733,0.379,0.208,92.7,3.86,6.11,6.29,4.91,-0.1,5.51,1.1,5.0,4.9,,,,,,,,,,,,,,,,,,,,,0
91,Jimmy Lambert,CHW,1,1,0,3,3,11.2,6.17,3.09,1.54,0.286,0.845,0.243,0.1,93.6,3.86,6.78,5.31,6.11,0.1,6.17,3.09,2.0,5.64,,,,,,,,,,,,,,,,,,,,,0
92,James Kaprielian,OAK,8,5,0,21,21,111.1,9.13,3.23,1.37,0.271,0.8,0.354,0.117,93.2,3.8,4.48,4.31,4.62,1.2,9.13,3.23,2.83,4.32,,,,,,,,,,,,,,,,,,,,,1
93,Kyle Muller,ATL,2,4,0,8,8,35.2,9.08,5.05,0.5,0.227,0.704,0.356,0.051,93.4,3.79,3.89,3.73,4.93,0.6,9.08,5.05,1.8,4.91,,,,,,,,,,,,,,,,,,,,,0
94,Tony Santillan,CIN,1,2,0,4,4,16.2,10.8,5.4,1.62,0.326,0.858,0.304,0.143,94.4,3.78,5.98,5.45,5.33,0.0,10.8,5.4,2.0,4.75,,,,,,,,,,,,,,,,,,,,,0
95,Casey Mize,DET,7,9,0,30,30,150.1,7.06,2.45,1.44,0.254,0.795,0.481,0.162,94.1,3.71,4.98,4.71,4.37,1.2,7.06,2.45,2.88,4.45,,,,,,,,,,,,,,,,,,,,,1
96,Tanner Houck,BOS,0,4,0,13,13,58.2,11.2,2.3,0.61,0.324,0.663,0.49,0.091,94.7,3.68,3.43,2.64,3.08,1.8,11.2,2.3,4.87,3.21,,,,,,,,,,,,,,,,,,,,,0
97,Tucker Davidson,ATL,0,0,0,4,4,20.0,8.1,3.6,1.35,0.222,0.798,0.411,0.143,93.0,3.6,5.8,4.52,4.42,0.2,8.1,3.6,2.25,4.64,,,,,,,,,,,,,,,,,,,,,0
98,Cory Abbott,CHC,0,0,0,1,1,5.0,7.2,3.6,3.6,0.167,1.0,0.286,0.286,92.8,3.6,7.44,7.97,5.24,-0.1,7.2,3.6,2.0,5.15,,,,,,,,,,,,,,,,,,,,,0
99,Chris Rodriguez,LAA,0,1,0,2,2,10.0,8.1,3.6,0.0,0.333,0.667,0.433,0.0,94.4,3.6,4.01,2.87,4.46,0.3,8.1,3.6,2.25,4.63,,,,,,,,,,,,,,,,,,,,,0
100,Ian Anderson,ATL,9,5,0,24,24,128.1,8.7,3.72,1.12,0.261,0.791,0.493,0.151,94.6,3.58,4.22,4.12,3.96,1.8,8.7,3.72,2.34,4.38,,,,,,,,,,,,,,,,,,,,,1
101,Luis Garcia,HOU,11,7,0,28,28,149.1,9.64,2.95,1.08,0.292,0.769,0.389,0.115,93.3,3.56,3.9,3.62,3.91,3.0,9.64,2.95,3.27,3.95,,,,,,,,,,,,,,,,,,,,,0
102,Carlos Hernández,KCR,5,2,0,11,11,58.1,5.86,4.01,0.77,0.25,0.768,0.387,0.074,96.8,3.55,5.13,4.47,5.42,0.6,5.86,4.01,1.46,5.56,,,,,,,,,,,,,,,,,,,,,0
103,Tyler Gilbert,ARI,2,1,0,6,6,36.1,4.95,2.72,0.99,0.206,0.679,0.383,0.087,89.8,3.47,4.04,4.49,5.29,0.3,4.95,2.72,1.82,5.44,,,,,,,,,,,,,,,,,,,,,0
104,Shane McClanahan,TBR,10,6,0,25,25,123.1,10.29,2.7,1.02,0.328,0.789,0.455,0.143,96.7,3.43,4.54,3.31,3.23,2.5,10.29,2.7,3.81,3.62,,,,,,,,,,,,,,,,,,,,,0
105,Joan Adon,WSN,0,0,0,1,1,5.1,15.19,5.06,1.69,0.5,0.93,0.727,1.0,95.1,3.38,4.26,4.48,2.38,0.1,15.19,5.06,3.0,2.99,,,,,,,,,,,,,,,,,,,,,0
106,Josh Rogers,WSN,2,2,0,6,6,35.2,5.55,3.53,1.77,0.236,0.916,0.297,0.127,90.5,3.28,5.75,5.83,6.0,0.0,5.55,3.53,1.57,5.78,,,,,,,,,,,,,,,,,,,,,0
107,Zach Thompson,MIA,2,7,0,14,14,63.2,7.77,3.11,0.85,0.253,0.676,0.439,0.086,92.3,3.25,3.74,3.8,4.51,1.1,7.77,3.11,2.5,4.56,,,,,,,,,,,,,,,,,,,,,0
108,Alek Manoah,TOR,9,2,0,20,20,111.2,10.24,3.22,0.97,0.246,0.766,0.388,0.107,93.5,3.22,3.36,3.8,4.17,2.0,10.24,3.22,3.18,3.88,,,,,,,,,,,,,,,,,,,,,0
109,Luis Gil,NYY,1,1,0,6,6,29.1,11.66,5.83,1.23,0.239,0.843,0.324,0.108,96.1,3.07,3.86,4.4,4.85,0.4,11.66,5.83,2.0,4.55,,,,,,,,,,,,,,,,,,,,,0
110,A.J. Alexy,TEX,3,1,0,4,4,19.1,6.52,6.05,0.93,0.146,0.833,0.229,0.08,93.4,2.79,6.37,5.08,6.02,0.1,6.52,6.05,1.08,6.42,,,,,,,,,,,,,,,,,,,,,0
111,Trevor Rogers,MIA,7,8,0,25,25,133.0,10.62,3.11,0.41,0.301,0.749,0.401,0.05,94.6,2.64,3.36,2.55,3.54,4.3,10.62,3.11,3.41,3.72,,,,,,,,,,,,,,,,,,,,,0
112,Chris Ellis,BAL,0,0,0,6,6,25.1,5.68,4.62,1.07,0.211,0.903,0.274,0.094,93.7,2.49,6.24,5.22,5.91,0.3,5.68,4.62,1.23,6.02,,,,,,,,,,,,,,,,,,,,,0
113,Adonis Medina,PHI,0,0,0,1,1,3.2,7.36,4.91,0.0,0.364,0.875,0.455,0.0,92.5,2.45,5.55,4.81,5.77,0.1,7.36,4.91,1.5,5.14,,,,,,,,,,,,,,,,,,,,,1
114,Pedro Avila,SDP,0,1,0,1,1,4.0,11.25,6.75,2.25,0.273,0.893,0.333,0.25,93.0,2.25,9.01,6.17,4.68,0.0,11.25,6.75,1.67,5.02,,,,,,,,,,,,,,,,,,,,,0
115,Shane Baz,TBR,2,0,0,3,3,13.1,12.15,2.03,2.03,0.12,1.0,0.429,0.231,97.1,2.03,2.56,4.07,2.87,0.2,12.15,2.03,6.0,2.68,,,,,,,,,,,,,,,,,,,,,1
116,Michael Kopech,CHW,1,0,0,4,4,14.0,14.79,1.93,1.29,0.217,0.972,0.44,0.222,96.2,1.93,2.17,2.38,1.66,0.5,14.79,1.93,7.67,1.97,,,,,,,,,,,,,,,,,,,,,1
117,Drew Rasmussen,TBR,3,0,0,10,10,42.0,6.0,1.5,0.43,0.197,0.788,0.504,0.056,96.9,1.93,3.45,2.96,3.85,1.0,6.0,1.5,4.0,4.23,,,,,,,,,,,,,,,,,,,,,0
118,Reiver Sanmartin,CIN,2,0,0,2,2,11.2,8.49,1.54,0.0,0.353,0.857,0.471,0.0,89.9,1.54,3.24,1.8,3.46,0.5,8.49,1.54,5.5,3.69,,,,,,,,,,,,,,,,,,,,,0
119,Ashton Goudeau,COL,0,0,0,1,1,3.0,0.0,6.0,0.0,0.111,1.0,0.444,0.0,92.9,0.0,4.17,5.17,6.93,0.0,0.0,6.0,0.0,8.85,,,,,,,,,,,,,,,,,,,,,0
120,Conner Greene,BAL,0,0,0,1,1,1.0,18.0,0.0,0.0,0.5,1.0,0.5,0.0,96.9,0.0,3.08,2.17,2.17,0.0,18.0,0.0,2.0,1.63,,,,,,,,,,,,,,,,,,,,,0
121,Julian Merryweather,TOR,0,0,0,1,1,1.0,0.0,9.0,0.0,0.25,1.0,0.5,0.0,97.4,0.0,1.9,6.17,9.7,0.0,0.0,9.0,0.0,9.36,,,,,,,,,,,,,,,,,,,,,0
122,Garrett Cleavinger,LAD,0,0,0,1,1,1.0,9.0,9.0,0.0,0.333,1.0,0.333,0.0,95.5,0.0,6.4,4.17,5.93,0.0,9.0,9.0,1.0,6.46,,,,,,,,,,,,,,,,,,,,,0
123,Conner Menez,SFG,0,0,0,1,1,2.0,4.5,4.5,0.0,0.167,1.0,0.833,0.0,91.0,0.0,4.77,3.67,3.67,0.0,4.5,4.5,1.0,3.63,,,,,,,,,,,,,,,,,,,,,0
124,Anthony Bender,MIA,0,0,0,1,1,1.0,9.0,0.0,0.0,0.0,1.0,0.5,0.0,96.0,0.0,2.24,4.17,5.93,0.0,9.0,0.0,1.0,3.31,,,,,,,,,,,,,,,,,,,,,0
125,Connor Brogdon,PHI,0,0,0,1,1,1.0,0.0,9.0,0.0,0.25,1.0,0.25,0.0,94.9,0.0,6.1,6.17,9.7,0.0,0.0,9.0,0.0,9.83,,,,,,,,,,,,,,,,,,,,,0
126,Angel Zerpa,KCR,0,1,0,1,1,5.0,7.2,1.8,0.0,0.2,0.5,0.429,0.0,94.3,0.0,3.22,2.17,3.23,0.2,7.2,1.8,4.0,4.07,,,,,,,,,,,,,,,,,,,,,0
127,Roansy Contreras,PIT,0,0,0,1,1,3.0,12.0,3.0,0.0,0.429,1.0,0.571,0.0,96.6,0.0,2.68,1.5,3.27,0.1,12.0,3.0,4.0,3.19,,,,,,,,,,,,,,,,,,,,,1
128,Justin Bruihl,LAD,0,0,0,2,2,2.2,3.38,0.0,0.0,0.25,1.0,0.375,0.0,,0.0,3.13,2.42,4.4,0.1,3.38,0.0,1.0,4.94,,,,,,,,,,,,,,,,,,,,,0
1,Thomas Szapucki,NYM,0,1,0,1,1,1.1,13.5,20.25,27.0,0.75,0.227,0.125,0.8,94.6,60.75,41.33,45.86,12.41,-0.4,13.5,20.25,0.67,7.85,,,,,,,,,,,,,,,,,,,,,0
2,Tyson Miller,TEX,0,2,0,2,2,4.2,9.64,9.64,1.93,0.632,0.376,0.3,0.167,,25.07,10.58,8.26,7.37,-0.2,9.64,9.64,1.0,5.92,,,,,,,,,,,,,,,,,,,,,0
3,Bryan Hoeing,MIA,0,1,0,1,1,3.0,6.0,3.0,6.0,0.5,0.323,0.643,0.667,,21.0,8.45,11.45,4.26,-0.2,6.0,3.0,2.0,4.04,,,,,,,,,,,,,,,,,,,,,0
4,Reiver Sanmartin,CIN,0,4,0,4,4,11.1,6.35,7.15,3.18,0.478,0.34,0.42,0.308,89.4,19.85,9.14,8.67,5.78,-0.3,6.35,7.15,0.89,5.91,,,,,,,,,,,,,,,,,,,,,0
5,Hunter Gaddis,CLE,0,2,0,2,2,7.1,6.14,3.68,8.59,0.32,0.366,0.188,0.318,93.5,18.41,11.59,15.39,7.42,-0.6,6.14,3.68,1.67,6.54,,,,,,,,,,,,,,,,,,,,,0
6,Andrew Bellatti,PHI,0,0,0,1,1,1.0,18.0,9.0,0.0,1.0,0.333,0.0,0.0,95.7,18.0,8.86,2.11,3.59,0.0,18.0,9.0,2.0,4.02,,,,,,,,,,,,,,,,,,,,,0
7,José Buttó,NYM,0,0,0,1,1,4.0,11.25,4.5,4.5,0.5,0.488,0.188,0.25,94.7,15.75,6.24,8.61,5.07,-0.1,11.25,4.5,2.5,4.61,,,,,,,,,,,,,,,,,,,,,0
8,Tommy Romero,2 Tms,0,1,0,2,2,5.1,5.06,15.19,10.13,0.25,0.755,0.227,0.5,90.9,15.19,23.35,21.67,10.38,-0.7,5.06,15.19,0.33,9.23,,,,,,,,,,,,,,,,,,,,,0
9,T.J. Zeuch,CIN,0,3,0,3,3,10.2,4.22,5.91,4.22,0.432,0.593,0.49,0.313,92.5,15.19,8.88,11.08,7.21,-0.5,4.22,5.91,0.71,6.07,,,,,,,,,,,,,,,,,,,,,0
10,Cade Cavalli,WSN,0,1,0,1,1,4.1,12.46,4.15,0.0,0.5,0.364,0.5,0.0,95.5,14.54,3.94,3.8,5.51,0.1,12.46,4.15,3.0,3.66,,,,,,,,,,,,,,,,,,,,,1
11,DL Hall,BAL,0,1,0,1,1,3.2,14.73,7.36,0.0,0.5,0.375,0.4,0.0,95.7,12.27,3.75,2.29,3.51,0.1,14.73,7.36,2.0,4.03,,,,,,,,,,,,,,,,,,,,,1
12,Connor Seabold,BOS,0,4,0,5,5,18.1,9.33,3.93,2.45,0.476,0.564,0.294,0.152,92.2,11.29,5.68,6.39,5.5,-0.2,9.33,3.93,2.38,4.63,,,,,,,,,,,,,,,,,,,,,0
13,Caleb Kilian,CHC,0,2,0,3,3,11.1,7.15,9.53,0.0,0.324,0.375,0.5,0.0,94.8,10.32,4.39,4.97,6.79,0.0,7.15,9.53,0.75,6.85,,,,,,,,,,,,,,,,,,,,,0
14,Packy Naughton,STL,0,2,0,3,3,7.0,7.71,0.0,2.57,0.4,0.435,0.481,0.2,92.3,10.29,4.15,5.11,3.51,0.0,7.71,0.0,6.0,3.6,,,,,,,,,,,,,,,,,,,,,0
15,Elvin Rodríguez,DET,0,3,0,5,5,23.1,6.94,4.24,3.47,0.324,0.605,0.367,0.25,92.9,9.64,6.53,8.13,5.4,-0.6,6.94,4.24,1.64,5.12,,,,,,,,,,,,,,,,,,,,,0
16,Cole Sands,MIN,0,3,0,3,3,12.1,8.76,5.11,2.19,0.366,0.614,0.477,0.167,91.6,9.49,5.24,6.52,5.52,-0.2,8.76,5.11,1.71,4.82,,,,,,,,,,,,,,,,,,,,,0
17,Luis Gil,NYY,0,0,0,1,1,4.0,11.25,4.5,0.0,0.417,0.429,0.417,0.0,97.2,9.0,3.54,2.11,3.22,0.2,11.25,4.5,2.5,3.81,,,,,,,,,,,,,,,,,,,,,0
18,Zack Thompson,STL,0,0,0,1,1,5.0,3.6,3.6,3.6,0.278,0.645,0.35,0.222,93.8,9.0,8.46,8.71,6.18,-0.2,3.6,3.6,1.0,6.08,,,,,,,,,,,,,,,,,,,,,0
19,Kyle Muller,ATL,1,1,0,3,3,12.1,8.76,5.84,1.46,0.297,0.549,0.395,0.182,94.3,8.03,5.26,5.22,4.43,0.0,8.76,5.84,1.5,4.96,,,,,,,,,,,,,,,,,,,,,0
20,Kirk McCarty,CLE,0,2,0,2,2,9.0,5.0,4.0,4.0,0.333,0.726,0.441,0.286,92.1,8.0,8.59,9.11,5.64,-0.3,5.0,4.0,1.25,5.55,,,,,,,,,,,,,,,,,,,,,0
21,Matt Brash,SEA,1,3,0,5,5,20.0,8.55,7.65,1.35,0.382,0.661,0.569,0.25,96.3,7.65,7.88,5.86,4.8,-0.2,8.55,7.65,1.12,5.42,,,,,,,,,,,,,,,,,,,,,0
22,Max Meyer,MIA,0,1,0,2,2,6.0,9.0,3.0,3.0,0.313,0.645,0.444,0.25,94.9,7.5,5.26,6.45,4.09,-0.1,9.0,3.0,3.0,3.93,,,,,,,,,,,,,,,,,,,,,1
23,Bryan Baker,BAL,0,1,0,2,2,3.2,9.82,2.45,0.0,0.333,0.4,0.111,0.0,96.1,7.36,3.11,2.57,4.99,0.1,9.82,2.45,4.0,4.12,,,,,,,,,,,,,,,,,,,,,0
24,Janson Junk,LAA,1,1,0,2,2,7.1,12.27,3.68,1.23,0.421,0.566,0.55,0.2,92.6,7.36,3.53,3.39,2.62,0.1,12.27,3.68,3.33,3.07,,,,,,,,,,,,,,,,,,,,,0
25,Ethan Small,MIL,0,0,0,2,2,6.1,9.95,11.37,1.42,0.412,0.753,0.333,0.167,91.1,7.11,9.13,6.74,6.09,-0.1,9.95,11.37,0.88,6.76,,,,,,,,,,,,,,,,,,,,,0
26,Joan Adon,WSN,1,12,0,14,14,64.2,7.65,5.43,1.11,0.337,0.619,0.478,0.118,95.0,7.1,5.96,5.11,5.06,0.1,7.65,5.43,1.41,5.08,,,,,,,,,,,,,,,,,,,,,0
27,Max Castillo,2 Tms,0,2,0,6,6,26.0,7.27,3.12,1.73,0.316,0.559,0.42,0.161,92.7,6.92,4.84,5.27,4.53,0.0,7.27,3.12,2.33,4.5,,,,,,,,,,,,,,,,,,,,,0
28,Adam Oller,OAK,2,8,0,14,14,66.0,5.73,4.36,2.32,0.279,0.673,0.292,0.145,93.4,6.68,6.07,6.69,5.96,-1.1,5.73,4.36,1.31,5.78,,,,,,,,,,,,,,,,,,,,,0
29,Chase Silseth,LAA,1,3,0,7,7,28.2,7.53,3.77,2.2,0.306,0.691,0.462,0.25,95.6,6.59,6.52,5.97,4.24,-0.2,7.53,3.77,2.0,4.5,,,,,,,,,,,,,,,,,,,,,0
30,Jared Koenig,OAK,1,3,0,5,5,25.1,4.62,4.62,1.42,0.267,0.668,0.472,0.138,88.8,6.39,6.39,6.03,5.68,-0.3,4.62,4.62,1.0,5.7,,,,,,,,,,,,,,,,,,,,,0
31,Adrián Martinez,OAK,4,6,0,12,12,57.2,8.27,2.97,2.03,0.327,0.673,0.413,0.197,,6.24,5.34,5.35,4.11,-0.3,8.27,2.97,2.79,4.16,,,,,,,,,,,,,,,,,,,,,0
32,Tucker Davidson,2 Tms,2,7,0,11,11,49.1,5.66,6.02,1.28,0.273,0.674,0.453,0.123,93.0,6.2,4.61,5.83,5.69,-0.3,5.66,6.02,0.94,5.96,,,,,,,,,,,,,,,,,,,,,0
33,Zach Logue,OAK,2,8,0,10,10,49.1,6.75,2.92,2.01,0.282,0.647,0.278,0.133,90.2,6.2,5.7,5.61,5.2,-0.3,6.75,2.92,2.31,4.97,,,,,,,,,,,,,,,,,,,,,0
34,Ryan Feltner,COL,4,9,0,19,19,94.0,7.85,3.16,1.53,0.3,0.628,0.408,0.137,94.5,6.03,4.84,4.79,4.42,0.6,7.85,3.16,2.48,4.35,,,,,,,,,,,,,,,,,,,,,0
35,Cory Abbott,WSN,0,5,0,9,9,39.0,8.31,5.31,2.31,0.278,0.741,0.299,0.152,91.2,6.0,5.47,6.75,5.93,-0.5,8.31,5.31,1.57,5.23,,,,,,,,,,,,,,,,,,,,,0
36,Cody Poteet,MIA,0,1,0,2,2,7.2,5.87,4.7,1.17,0.19,0.526,0.591,0.167,94.8,5.87,4.46,5.07,4.53,0.0,5.87,4.7,1.25,5.0,,,,,,,,,,,,,,,,,,,,,0
37,Matt Swarmer,CHC,1,3,0,5,5,24.2,8.76,3.65,4.01,0.194,0.739,0.301,0.282,90.6,5.84,5.09,8.18,4.72,-0.7,8.76,3.65,2.4,4.44,,,,,,,,,,,,,,,,,,,,,0
38,Xzavion Curry,CLE,0,1,0,2,2,9.1,2.89,5.79,0.96,0.333,0.699,0.297,0.071,92.2,5.79,6.58,6.11,6.94,-0.1,2.89,5.79,0.5,6.91,,,,,,,,,,,,,,,,,,,,,0
39,Josh Winckowski,BOS,5,7,0,14,14,67.1,5.48,3.48,1.34,0.311,0.677,0.513,0.145,93.7,5.75,4.88,5.07,4.66,0.0,5.48,3.48,1.58,4.9,,,,,,,,,,,,,,,,,,,,,0
40,Daulton Jefferies,OAK,1,7,0,8,8,39.1,6.41,1.83,0.92,0.323,0.595,0.466,0.08,92.8,5.72,3.87,3.77,4.33,0.5,6.41,1.83,3.5,4.31,,,,,,,,,,,,,,,,,,,,,0
41,Alex Faedo,DET,1,5,0,12,12,53.2,7.38,4.19,1.17,0.335,0.694,0.312,0.092,92.8,5.53,5.8,4.62,5.02,0.3,7.38,4.19,1.76,4.98,,,,,,,,,,,,,,,,,,,,,0
42,Davis Martin,CHW,2,6,0,9,9,44.1,6.9,3.05,1.02,0.314,0.621,0.355,0.094,94.2,5.48,5.03,4.2,4.5,0.6,6.9,3.05,2.27,4.62,,,,,,,,,,,,,,,,,,,,,0
43,Matthew Liberatore,STL,2,2,0,7,7,29.2,7.58,5.46,1.21,0.341,0.744,0.376,0.111,93.6,5.46,5.65,5.1,5.14,0.0,7.58,5.46,1.39,5.24,,,,,,,,,,,,,,,,,,,,,0
44,Tyler Gilbert,ARI,0,3,0,7,7,31.1,4.88,2.59,2.01,0.24,0.673,0.333,0.149,89.3,5.46,7.07,5.89,5.21,-0.3,4.88,2.59,1.89,5.28,,,,,,,,,,,,,,,,,,,,,0
45,Kutter Crawford,BOS,1,5,0,12,12,61.1,8.07,2.93,1.47,0.314,0.667,0.322,0.123,94.2,5.43,4.63,4.51,4.35,0.4,8.07,2.93,2.75,4.27,,,,,,,,,,,,,,,,,,,,,0
46,Jimmy Lambert,CHW,0,2,0,2,2,6.2,8.1,4.05,1.35,0.286,0.698,0.455,0.125,93.5,5.4,3.53,4.61,4.44,0.0,8.1,4.05,2.0,4.52,,,,,,,,,,,,,,,,,,,,,0
47,Mike Baumann,BAL,0,1,0,4,4,18.1,4.91,1.47,0.98,0.375,0.687,0.561,0.105,95.7,5.4,4.24,3.93,4.05,0.2,4.91,1.47,3.33,4.22,,,,,,,,,,,,,,,,,,,,,0
48,Tommy Henry,ARI,3,4,0,9,9,47.0,6.89,4.02,1.91,0.274,0.754,0.394,0.169,91.5,5.36,4.81,5.88,4.97,-0.4,6.89,4.02,1.71,4.93,,,,,,,,,,,,,,,,,,,,,0
49,Jonathan Heasley,KCR,4,10,0,21,21,104.0,6.06,4.07,1.64,0.276,0.699,0.372,0.123,93.3,5.28,5.3,5.67,5.49,-0.4,6.06,4.07,1.49,5.3,,,,,,,,,,,,,,,,,,,,,0
50,Jackson Tetreault,WSN,2,2,0,4,4,21.0,3.86,4.29,1.71,0.26,0.657,0.403,0.133,94.5,5.14,7.46,6.16,5.8,-0.1,3.86,4.29,0.9,6.03,,,,,,,,,,,,,,,,,,,,,0
51,Shane Baz,TBR,1,2,0,6,6,27.0,10.0,3.0,1.67,0.306,0.733,0.429,0.192,96.0,5.0,4.07,4.41,3.43,0.1,10.0,3.0,3.33,3.59,,,,,,,,,,,,,,,,,,,,,1
52,Cole Ragans,TEX,0,3,0,9,9,40.0,6.08,3.6,1.35,0.296,0.692,0.362,0.118,92.1,4.95,4.78,4.91,4.85,0.2,6.08,3.6,1.69,5.07,,,,,,,,,,,,,,,,,,,,,0
53,Ken Waldichuk,OAK,2,2,0,7,7,34.2,8.57,2.6,1.3,0.287,0.692,0.354,0.116,94.1,4.93,4.54,4.3,4.26,0.3,8.57,2.6,3.3,3.95,,,,,,,,,,,,,,,,,,,,,1
54,Reiss Knehr,SDP,0,0,0,1,1,3.2,2.45,4.91,0.0,0.286,0.75,0.214,0.0,92.8,4.91,5.54,5.84,8.67,0.0,2.45,4.91,0.5,7.16,,,,,,,,,,,,,,,,,,,,,0
55,Evan Lee,WSN,0,1,0,1,1,3.2,4.91,7.36,0.0,0.308,0.75,0.462,0.0,91.8,4.91,6.56,5.29,7.31,0.0,4.91,7.36,0.67,6.57,,,,,,,,,,,,,,,,,,,,,0
56,Kyle Bradish,BAL,4,7,0,23,23,117.2,8.49,3.52,1.3,0.311,0.702,0.456,0.149,,4.9,4.57,4.46,4.01,0.8,8.49,3.52,2.41,4.15,,,,,,,,,,,,,,,,,,,,,0
57,Graham Ashcraft,CIN,5,6,0,19,19,105.0,6.09,2.57,0.94,0.314,0.678,0.545,0.125,97.3,4.89,4.0,4.21,4.09,1.4,6.09,2.57,2.37,4.22,,,,,,,,,,,,,,,,,,,,,0
58,Jason Alexander,MIL,2,3,0,11,11,56.0,5.46,3.54,1.29,0.333,0.74,0.508,0.167,93.2,4.82,5.51,5.15,4.56,-0.1,5.46,3.54,1.55,4.86,,,,,,,,,,,,,,,,,,,,,0
59,Brayan Bello,BOS,2,7,0,11,11,52.1,8.43,4.13,0.17,0.4,0.67,0.529,0.024,96.9,4.82,3.91,2.92,3.83,1.2,8.43,4.13,2.04,4.19,,,,,,,,,,,,,,,,,,,,,0
60,Glenn Otto Jr.,TEX,7,10,0,27,27,135.2,7.1,4.11,1.39,0.255,0.729,0.431,0.141,92.5,4.64,4.97,5.21,4.82,0.0,7.1,4.11,1.73,4.83,,,,,,,,,,,,,,,,,,,,,0
61,Clarke Schmidt,NYY,0,2,0,3,3,11.2,10.8,1.54,0.0,0.406,0.625,0.467,0.0,94.8,4.63,2.85,1.48,2.75,0.5,10.8,1.54,7.0,2.85,,,,,,,,,,,,,,,,,,,,,0
62,Luis Ortiz,PIT,0,2,0,4,4,16.0,9.56,5.63,0.56,0.171,0.542,0.439,0.059,98.5,4.5,2.95,3.67,4.44,0.3,9.56,5.63,1.7,4.65,,,,,,,,,,,,,,,,,,,,,0
63,Hunter Greene,CIN,5,13,0,24,24,125.2,11.75,3.44,1.72,0.281,0.763,0.293,0.161,99.0,4.44,3.93,4.37,3.64,1.6,11.75,3.44,3.42,3.33,,,,,,,,,,,,,,,,,,,,,1
64,Josh Winder,MIN,4,5,0,11,11,53.0,6.96,2.21,1.36,0.285,0.714,0.325,0.104,94.3,4.42,4.94,4.49,4.68,0.4,6.96,2.21,3.15,4.46,,,,,,,,,,,,,,,,,,,,,0
65,Konnor Pilkington,CLE,1,2,0,11,11,51.0,7.76,4.94,1.06,0.298,0.702,0.391,0.098,92.2,4.41,4.85,4.68,4.92,0.2,7.76,4.94,1.57,4.99,,,,,,,,,,,,,,,,,,,,,0
66,JP Sears,2 Tms,5,3,0,11,11,52.2,6.15,3.25,1.2,0.309,0.759,0.383,0.1,93.2,4.27,4.94,4.61,4.85,0.4,6.15,3.25,1.89,4.92,,,,,,,,,,,,,,,,,,,,,0
67,MacKenzie Gore,SDP,4,4,0,13,13,65.1,9.09,4.55,0.83,0.311,0.748,0.368,0.083,94.8,4.27,5.17,3.98,4.42,0.9,9.09,4.55,2.0,4.43,,,,,,,,,,,,,,,,,,,,,1
68,Garrett Hill,DET,3,3,0,8,8,42.2,4.43,3.8,1.27,0.234,0.731,0.38,0.094,91.5,4.22,5.63,5.43,5.83,-0.1,4.43,3.8,1.17,5.76,,,,,,,,,,,,,,,,,,,,,0
69,Beau Brieske,DET,3,6,0,15,15,81.2,5.95,2.76,1.54,0.241,0.756,0.375,0.125,94.4,4.19,5.6,4.97,4.78,0.1,5.95,2.76,2.16,4.83,,,,,,,,,,,,,,,,,,,,,0
70,Ryan Pepiot,LAD,2,0,0,7,7,31.1,10.34,6.32,1.72,0.229,0.855,0.213,0.128,94.1,4.02,4.5,5.7,5.43,-0.1,10.34,6.32,1.64,5.01,,,,,,,,,,,,,,,,,,,,,0
71,Andre Pallante,STL,3,3,0,10,10,54.1,6.63,2.65,0.99,0.333,0.776,0.614,0.194,95.3,3.98,3.98,4.01,3.42,0.6,6.63,2.65,2.5,3.66,,,,,,,,,,,,,,,,,,,,,0
72,Roansy Contreras,PIT,4,5,0,18,18,87.1,7.83,3.71,1.24,0.262,0.743,0.35,0.103,95.7,3.81,4.66,4.43,4.61,0.8,7.83,3.71,2.11,4.58,,,,,,,,,,,,,,,,,,,,,1
73,Michael Grove,LAD,1,0,0,6,6,28.1,7.62,2.86,1.91,0.264,0.676,0.398,0.136,94.1,3.81,3.44,5.12,4.67,0.0,7.62,2.86,2.67,4.42,,,,,,,,,,,,,,,,,,,,,0
74,Louis Varland,MIN,1,2,0,5,5,26.0,7.27,2.08,1.38,0.297,0.803,0.359,0.125,93.8,3.81,4.52,4.3,4.13,0.2,7.27,2.08,3.5,4.14,,,,,,,,,,,,,,,,,,,,,0
75,Reid Detmers,LAA,7,6,0,25,25,129.0,8.51,3.21,0.91,0.277,0.741,0.36,0.087,93.3,3.77,4.11,3.79,4.2,2.2,8.51,3.21,2.65,4.12,,,,,,,,,,,,,,,,,,,,,1
76,Nick Lodolo,CIN,4,7,0,19,19,103.1,11.41,3.4,1.13,0.322,0.801,0.46,0.151,94.5,3.66,3.82,3.9,3.49,1.9,11.41,3.4,3.36,3.29,,,,,,,,,,,,,,,,,,,,,0
77,Simeon Woods Richardson,MIN,0,1,0,1,1,5.0,5.4,3.6,1.8,0.143,0.556,0.2,0.167,91.1,3.6,8.83,5.71,4.89,0.0,5.4,3.6,1.5,5.49,,,,,,,,,,,,,,,,,,,,,0
78,Braxton Garrett,MIA,3,7,0,17,17,88.0,9.2,2.45,0.92,0.321,0.764,0.478,0.118,91.5,3.58,4.13,3.56,3.5,1.5,9.2,2.45,3.75,3.52,,,,,,,,,,,,,,,,,,,,,0
79,Joe Ryan,MIN,13,8,0,27,27,147.0,9.24,2.88,1.22,0.253,0.778,0.277,0.095,92.0,3.55,3.57,3.99,4.35,2.2,9.24,2.88,3.21,3.98,,,,,,,,,,,,,,,,,,,,,0
80,George Kirby,SEA,8,5,0,25,25,130.0,9.21,1.52,0.9,0.331,0.751,0.455,0.09,95.4,3.39,3.31,2.99,3.33,2.9,9.21,1.52,6.05,3.32,,,,,,,,,,,,,,,,,,,,,1
81,Cristopher Sánchez,PHI,2,1,0,3,3,13.1,7.43,2.03,2.03,0.2,0.918,0.447,0.231,,3.38,3.95,5.29,3.81,0.0,7.43,2.03,3.67,3.87,,,,,,,,,,,,,,,,,,,,,0
82,Joey Wentz,DET,2,2,0,7,7,32.2,7.44,3.58,0.55,0.228,0.702,0.366,0.05,92.6,3.03,3.59,3.54,4.56,0.5,7.44,3.58,2.08,4.58,,,,,,,,,,,,,,,,,,,,,0
83,Edward Cabrera,MIA,6,4,0,14,14,71.2,9.42,4.14,1.26,0.207,0.861,0.453,0.154,96.0,3.01,3.97,4.59,4.12,0.4,9.42,4.14,2.27,4.05,,,,,,,,,,,,,,,,,,,,,0
84,Javier Assad,CHC,2,2,0,8,8,36.2,6.87,4.91,0.98,0.266,0.844,0.381,0.087,93.0,2.95,4.66,4.64,5.08,0.3,6.87,4.91,1.4,5.25,,,,,,,,,,,,,,,,,,,,,0
85,Bryce Elder,ATL,2,4,0,9,9,51.2,7.84,4.01,0.7,0.25,0.822,0.507,0.089,91.3,2.79,4.07,3.83,4.11,0.7,7.84,4.01,1.96,4.38,,,,,,,,,,,,,,,,,,,,,0
86,Spencer Strider,ATL,10,4,0,20,20,107.1,13.84,2.85,0.59,0.29,0.736,0.42,0.085,98.0,2.77,2.25,1.92,2.2,4.1,13.84,2.85,4.85,2.41,,,,,,,,,,,,,,,,,,,,,0
87,Cooper Criswell,TBR,0,0,0,1,1,3.1,10.8,2.7,0.0,0.25,0.667,0.625,0.0,,2.7,1.2,1.61,2.94,0.1,10.8,2.7,4.0,2.9,,,,,,,,,,,,,,,,,,,,,0
88,Denyi Reyes,BAL,0,0,0,1,1,3.2,2.45,2.45,0.0,0.286,0.8,0.357,0.0,92.5,2.45,2.35,3.39,5.81,0.1,2.45,2.45,1.0,6.05,,,,,,,,,,,,,,,,,,,,,0
89,Jhonathan Díaz,LAA,1,1,0,3,3,11.1,7.15,7.94,0.0,0.29,0.842,0.548,0.0,91.4,2.38,5.77,4.17,4.95,0.1,7.15,7.94,0.9,6.04,,,,,,,,,,,,,,,,,,,,,0
90,Cody Morris,CLE,1,2,0,5,5,20.2,8.71,4.79,1.31,0.291,0.891,0.362,0.136,94.7,2.18,4.52,4.66,4.35,0.0,8.71,4.79,1.82,4.6,,,,,,,,,,,,,,,,,,,,,0
91,Angel Zerpa,KCR,1,1,0,2,2,9.0,3.0,3.0,2.0,0.207,0.976,0.5,0.2,94.2,2.0,7.4,6.33,5.09,-0.1,3.0,3.0,1.0,5.63,,,,,,,,,,,,,,,,,,,,,0
92,Hayden Wesneski,CHC,2,1,0,4,4,24.1,8.14,1.85,0.37,0.254,0.813,0.485,0.038,93.3,1.85,2.02,2.82,3.87,0.7,8.14,1.85,4.4,3.64,,,,,,,,,,,,,,,,,,,,,0
93,Connor Overton,CIN,1,0,0,4,4,24.2,3.65,2.55,0.0,0.208,0.773,0.431,0.0,91.6,1.82,4.05,3.15,4.71,0.7,3.65,2.55,1.43,5.36,,,,,,,,,,,,,,,,,,,,,0
94,Hunter Brown,HOU,2,0,0,2,2,12.0,8.25,2.25,0.0,0.267,0.818,0.633,0.0,96.6,1.5,3.4,2.03,2.89,0.4,8.25,2.25,3.67,3.06,,,,,,,,,,,,,,,,,,,,,1
95,Drey Jameson,ARI,3,0,0,4,4,24.1,8.88,2.59,0.74,0.281,0.952,0.561,0.143,95.6,1.48,4.52,3.19,2.98,0.5,8.88,2.59,3.43,3.27,,,,,,,,,,,,,,,,,,,,,0
96,Ryne Nelson,ARI,1,1,0,3,3,18.1,7.85,2.95,0.98,0.156,0.902,0.234,0.069,94.5,1.47,2.33,3.77,4.69,0.3,7.85,2.95,2.67,4.55,,,,,,,,,,,,,,,,,,,,,0
97,Fernando Cruz,CIN,0,0,0,2,2,3.1,8.1,0.0,0.0,0.0,1.0,0.143,0.0,94.1,0.0,1.77,2.21,3.99,0.1,8.1,0.0,3.0,3.32,,,,,,,,,,,,,,,,,,,,,0
98,Scott Effross,CHC,0,1,0,1,1,1.1,0.0,0.0,0.0,0.286,0.0,0.429,0.0,89.0,0.0,7.4,3.11,6.44,0.0,0.0,0.0,0.0,6.22,,,,,,,,,,,,,,,,,,,,,0
99,Kenny Rosenberg,LAA,0,0,0,1,1,4.2,1.93,5.79,0.0,0.133,1.0,0.333,0.0,90.5,0.0,3.85,4.61,7.15,0.0,1.93,5.79,0.33,7.75,,,,,,,,,,,,,,,,,,,,,0
100,Mauricio Llovera,SFG,0,0,0,1,1,1.0,9.0,0.0,0.0,0.0,1.0,0.0,0.0,,0.0,1.68,1.11,4.07,0.0,9.0,0.0,1.0,4.7,,,,,,,,,,,,,,,,,,,,,0
101,Steven Wilson,SDP,0,0,0,1,1,1.0,18.0,0.0,0.0,0.0,1.0,1.0,0.0,94.4,0.0,0.18,-0.89,-0.89,0.1,18.0,0.0,2.0,-0.16,,,,,,,,,,,,,,,,,,,,,0
102,Miguel Yajure,PIT,0,0,0,1,1,4.0,0.0,6.75,0.0,0.267,1.0,0.467,0.0,92.6,0.0,12.45,5.36,6.84,0.0,0.0,6.75,0.0,8.03,,,,,,,,,,,,,,,,,,,,,0
103,Penn Murfee,SEA,0,0,0,1,1,2.0,9.0,4.5,0.0,0.2,1.0,0.4,0.0,88.7,0.0,2.73,2.61,4.83,0.0,9.0,4.5,2.0,4.46,,,,,,,,,,,,,,,,,,,,,0
1,Michael Plassmeyer,PHI,0,1,0,1,1,3.2,9.82,0.0,7.36,0.385,0.147,0.313,0.375,89.2,22.09,15.92,14.16,7.14,-0.2,9.82,0.0,4.0,4.42,,,,,,,,,,,,,,,,,,,,,0
2,Joe Jacques,BOS,0,1,0,1,1,1.1,6.75,6.75,13.5,0.4,0.909,0.571,0.667,,20.25,19.14,23.51,7.73,-0.2,6.75,6.75,1.0,5.98,,,,,,,,,,,,,,,,,,,,,0
3,Caleb Kilian,CHC,0,1,0,1,1,3.1,10.8,5.4,0.0,0.667,0.5,0.357,0.0,93.8,18.9,10.41,4.46,5.45,0.0,10.8,5.4,2.0,4.85,,,,,,,,,,,,,,,,,,,,,0
4,Shintaro Fujinami,OAK,0,6,0,7,7,17.2,7.13,6.11,2.04,0.361,0.367,0.415,0.138,97.9,14.26,7.59,7.16,6.93,-0.4,7.13,6.11,1.17,5.97,,,,,,,,,,,,,,,,,,,,,0
5,Gavin Stone,LAD,0,0,0,4,4,15.1,4.11,4.7,1.76,0.439,0.447,0.433,0.15,93.9,13.5,6.94,6.45,6.06,-0.1,4.11,4.7,0.88,6.2,,,,,,,,,,,,,,,,,,,,,0
6,Levi Stoudt,CIN,0,1,0,2,2,7.0,6.43,5.14,1.29,0.429,0.449,0.448,0.125,94.4,12.86,6.47,5.4,5.43,0.1,6.43,5.14,1.25,5.64,,,,,,,,,,,,,,,,,,,,,0
7,Karl Kauffmann,COL,0,3,0,3,3,12.2,4.97,4.97,2.13,0.413,0.504,0.396,0.158,90.1,11.37,9.3,7.12,6.52,-0.1,4.97,4.97,1.0,6.23,,,,,,,,,,,,,,,,,,,,,0
8,Freddy Tarnok,OAK,0,0,0,1,1,2.2,13.5,3.38,3.38,0.333,0.385,0.0,0.2,95.2,10.13,5.11,6.26,4.48,0.0,13.5,3.38,4.0,4.13,,,,,,,,,,,,,,,,,,,,,0
9,Denyi Reyes,NYM,0,2,0,3,3,11.0,6.55,4.09,2.45,0.351,0.562,0.325,0.176,90.8,9.82,6.83,6.98,5.99,-0.1,6.55,4.09,1.6,5.6,,,,,,,,,,,,,,,,,,,,,0
10,Brendan White,DET,0,1,0,2,2,2.0,13.5,9.0,0.0,0.5,0.714,0.5,0.0,94.9,9.0,9.32,6.26,7.91,0.0,13.5,9.0,1.5,5.26,,,,,,,,,,,,,,,,,,,,,0
11,James McArthur,KCR,0,0,0,2,2,3.0,9.0,0.0,3.0,0.25,0.0,0.667,1.0,,9.0,7.93,5.59,1.26,0.0,9.0,0.0,3.0,1.58,,,,,,,,,,,,,,,,,,,,,0
12,George Soriano,MIA,0,0,0,1,1,3.0,12.0,9.0,3.0,0.286,0.652,0.125,0.2,94.1,9.0,4.86,7.92,6.34,-0.1,12.0,9.0,1.33,6.02,,,,,,,,,,,,,,,,,,,,,0
13,Yerry Rodríguez,TEX,0,1,0,1,1,2.0,13.5,4.5,0.0,0.4,0.333,0.0,0.0,97.7,9.0,2.12,1.76,4.24,0.1,13.5,4.5,3.0,4.17,,,,,,,,,,,,,,,,,,,,,0
14,Carson Spiers,CIN,0,1,0,2,2,7.0,10.29,6.43,1.29,0.45,0.588,0.381,0.111,93.5,9.0,4.75,4.97,5.24,0.1,10.29,6.43,1.6,5.18,,,,,,,,,,,,,,,,,,,,,0
15,Lyon Richardson,CIN,0,2,0,4,4,16.2,6.48,8.1,3.24,0.229,0.678,0.481,0.286,96.3,8.64,7.78,9.2,6.6,-0.5,6.48,8.1,0.8,6.81,,,,,,,,,,,,,,,,,,,,,0
16,Jacob Lopez,TBR,1,0,0,1,1,5.1,6.75,3.38,0.0,0.4,0.455,0.25,0.0,90.9,8.44,5.59,3.44,5.61,0.1,6.75,3.38,2.0,5.36,,,,,,,,,,,,,,,,,,,,,0
17,Kyle Muller,OAK,1,5,0,13,13,60.0,6.9,4.65,1.95,0.38,0.658,0.441,0.191,93.5,8.1,8.37,6.24,5.3,-0.5,6.9,4.65,1.48,5.42,,,,,,,,,,,,,,,,,,,,,0
18,Drew Rom,STL,1,4,0,8,8,33.2,8.55,5.08,1.87,0.393,0.598,0.395,0.135,90.8,8.02,6.03,5.75,5.6,-0.1,8.55,5.08,1.68,5.25,,,,,,,,,,,,,,,,,,,,,0
19,Quinn Priester,PIT,2,3,0,8,8,40.0,6.75,5.4,2.03,0.317,0.647,0.511,0.257,92.3,7.88,6.11,6.71,5.23,-0.4,6.75,5.4,1.25,5.52,,,,,,,,,,,,,,,,,,,,,0
20,Hogan Harris,OAK,1,5,0,6,6,30.0,7.5,3.6,2.1,0.33,0.572,0.36,0.152,92.3,7.8,5.45,5.82,5.32,-0.1,7.5,3.6,2.08,5.09,,,,,,,,,,,,,,,,,,,,,0
21,Joey Wentz,DET,1,11,0,19,19,80.1,7.84,4.26,2.13,0.356,0.611,0.365,0.158,93.7,7.73,6.41,6.01,5.4,-0.4,7.84,4.26,1.84,5.2,,,,,,,,,,,,,,,,,,,,,0
22,Janson Junk,MIL,0,1,0,1,1,4.2,3.86,3.86,1.93,0.316,0.526,0.611,0.25,91.6,7.71,5.19,6.47,5.1,0.0,3.86,3.86,1.0,5.38,,,,,,,,,,,,,,,,,,,,,0
23,Alec Marsh,KCR,0,7,0,8,8,35.1,10.44,5.09,3.31,0.326,0.738,0.287,0.277,94.5,7.64,7.54,7.84,5.26,-0.8,10.44,5.09,2.05,4.76,,,,,,,,,,,,,,,,,,,,,0
24,Connor Seabold,COL,1,7,0,13,13,59.0,6.25,3.2,2.44,0.296,0.59,0.312,0.157,92.7,7.63,5.65,6.66,5.99,-0.4,6.25,3.2,1.95,5.53,,,,,,,,,,,,,,,,,,,,,0
25,Dylan Dodd,ATL,2,2,0,7,7,34.1,3.93,3.15,2.36,0.346,0.693,0.356,0.145,92.5,7.6,8.43,6.92,6.5,-0.5,3.93,3.15,1.25,6.19,,,,,,,,,,,,,,,,,,,,,0
26,Tristan Beck,SFG,0,1,0,3,3,12.0,6.0,1.5,1.5,0.372,0.581,0.289,0.1,95.3,7.5,5.46,4.59,5.18,0.1,6.0,1.5,4.0,5.15,,,,,,,,,,,,,,,,,,,,,0
27,Joey Estes,OAK,0,1,0,2,2,10.0,6.3,1.8,3.6,0.258,0.702,0.286,0.19,93.2,7.2,7.61,8.56,6.83,-0.2,6.3,1.8,3.5,5.49,,,,,,,,,,,,,,,,,,,,,0
28,Noah Davis,COL,0,4,0,6,6,25.0,7.92,5.04,1.8,0.365,0.674,0.474,0.172,,7.2,5.26,6.26,5.57,0.0,7.92,5.04,1.57,5.27,,,,,,,,,,,,,,,,,,,,,0
29,Connor Phillips,CIN,1,1,0,5,5,20.2,11.32,5.66,2.18,0.255,0.64,0.339,0.179,96.4,6.97,4.53,5.92,5.01,0.1,11.32,5.66,2.0,4.64,,,,,,,,,,,,,,,,,,,,,0
30,Cody Bradford,TEX,1,3,0,8,8,33.2,8.02,2.94,1.6,0.34,0.596,0.275,0.122,90.2,6.95,5.41,4.77,4.86,0.3,8.02,2.94,2.73,4.79,,,,,,,,,,,,,,,,,,,,,0
31,Bryce Jarvis,ARI,0,1,0,1,1,2.2,3.38,3.38,3.38,0.0,0.0,0.375,0.2,94.6,6.75,3.72,8.51,6.73,-0.1,3.38,3.38,1.0,6.64,,,,,,,,,,,,,,,,,,,,,0
32,Matt Dermody,BOS,0,1,0,1,1,4.0,2.25,2.25,4.5,0.167,0.938,0.5,0.5,91.8,6.75,9.56,10.76,5.91,-0.2,2.25,2.25,1.0,5.87,,,,,,,,,,,,,,,,,,,,,0
33,Ian Hamilton,NYY,0,0,0,3,3,4.0,11.25,2.25,2.25,0.417,0.714,0.385,0.333,96.3,6.75,3.81,4.76,2.75,0.0,11.25,2.25,5.0,3.52,,,,,,,,,,,,,,,,,,,,,0
34,Michael Grove,LAD,1,3,0,12,12,52.0,10.04,2.6,1.9,0.395,0.67,0.386,0.196,94.7,6.75,5.32,4.81,3.84,0.5,10.04,2.6,3.87,3.92,,,,,,,,,,,,,,,,,,,,,0
35,Jackson Rutledge,WSN,1,1,0,4,4,20.0,5.4,2.7,1.8,0.313,0.644,0.265,0.114,95.8,6.75,5.87,5.86,6.15,0.0,5.4,2.7,2.0,5.78,,,,,,,,,,,,,,,,,,,,,0
36,Bryan Hoeing,MIA,0,2,0,7,7,28.2,5.97,3.77,1.88,0.258,0.625,0.411,0.143,93.6,6.59,6.59,6.01,5.71,-0.2,5.97,3.77,1.58,5.52,,,,,,,,,,,,,,,,,,,,,0
37,Angel Zerpa,KCR,0,2,0,3,3,12.2,9.24,3.55,1.42,0.371,0.693,0.459,0.167,94.6,6.39,6.64,5.15,4.66,0.1,9.24,3.55,2.6,4.35,,,,,,,,,,,,,,,,,,,,,0
38,Jhony Brito,NYY,3,6,0,13,13,52.2,6.49,3.59,2.22,0.278,0.68,0.424,0.181,96.1,6.32,6.41,6.33,5.38,-0.4,6.49,3.59,1.81,5.26,,,,,,,,,,,,,,,,,,,,,0
39,Austin Cox,KCR,0,1,0,3,3,10.1,6.97,5.23,0.87,0.344,0.663,0.303,0.083,91.0,6.1,7.42,4.71,5.37,0.1,6.97,5.23,1.33,5.71,,,,,,,,,,,,,,,,,,,,,0
40,Keaton Winn,SFG,1,3,0,5,5,25.1,8.53,1.42,1.78,0.265,0.583,0.557,0.227,95.9,6.04,5.0,4.87,3.74,0.1,8.53,1.42,6.0,3.6,,,,,,,,,,,,,,,,,,,,,0
41,Matthew Liberatore,STL,2,5,0,11,11,49.0,6.24,3.67,0.73,0.341,0.587,0.425,0.07,94.1,5.88,6.38,4.4,5.26,0.7,6.24,3.67,1.7,5.32,,,,,,,,,,,,,,,,,,,,,0
42,Jesse Scholtens,CHW,0,6,0,11,11,53.2,6.37,3.02,1.68,0.345,0.697,0.428,0.139,93.0,5.87,5.13,5.32,5.12,0.2,6.37,3.02,2.11,5.11,,,,,,,,,,,,,,,,,,,,,0
43,Jared Shuster,ATL,4,3,0,11,11,52.2,5.13,4.44,1.2,0.277,0.655,0.357,0.089,91.5,5.81,5.38,5.38,6.13,0.1,5.13,4.44,1.15,6.12,,,,,,,,,,,,,,,,,,,,,0
44,Osvaldo Bido,PIT,0,2,0,9,9,34.2,8.57,3.63,0.78,0.321,0.651,0.343,0.081,94.3,5.71,5.23,4.29,4.93,0.5,8.57,3.63,2.36,4.71,,,,,,,,,,,,,,,,,,,,,0
45,Brandon Pfaadt,ARI,3,9,0,18,18,90.0,9.0,2.5,1.9,0.32,0.687,0.325,0.16,93.6,5.7,4.5,4.93,4.37,0.5,9.0,2.5,3.6,4.25,,,,,,,,,,,,,,,,,,,,,1
46,Slade Cecconi,ARI,0,1,0,4,4,17.2,7.64,2.04,1.02,0.333,0.631,0.345,0.08,94.1,5.6,4.94,3.88,4.75,0.4,7.64,2.04,3.75,4.51,,,,,,,,,,,,,,,,,,,,,0
47,Ryne Nelson,ARI,7,8,0,27,27,138.1,5.92,2.86,1.56,0.305,0.685,0.368,0.12,94.4,5.53,5.4,5.17,5.31,0.6,5.92,2.86,2.07,5.28,,,,,,,,,,,,,,,,,,,,,0
48,Taj Bradley,TBR,5,8,0,21,21,102.2,11.22,3.42,1.93,0.308,0.674,0.37,0.19,96.2,5.52,4.31,4.72,3.8,0.9,11.22,3.42,3.28,3.81,,,,,,,,,,,,,,,,,,,,,1
49,Hayden Wesneski,CHC,2,3,0,11,11,49.0,7.35,2.2,2.57,0.261,0.69,0.358,0.241,94.0,5.51,6.66,6.26,4.5,-0.4,7.35,2.2,3.33,4.57,,,,,,,,,,,,,,,,,,,,,0
50,Luis Medina,OAK,2,9,0,17,17,82.1,8.09,4.92,1.09,0.298,0.661,0.459,0.128,96.1,5.47,5.25,4.89,4.88,0.4,8.09,4.92,1.64,5.11,,,,,,,,,,,,,,,,,,,,,0
51,Jackson Wolf,SDP,1,0,0,1,1,5.0,1.8,1.8,0.0,0.3,0.571,0.6,0.0,89.3,5.4,6.75,3.46,5.11,0.1,1.8,1.8,1.0,5.29,,,,,,,,,,,,,,,,,,,,,0
52,Andre Jackson,PIT,1,3,0,7,7,27.0,8.33,5.67,1.33,0.224,0.679,0.324,0.138,94.4,5.33,6.97,5.44,5.29,0.0,8.33,5.67,1.47,5.43,,,,,,,,,,,,,,,,,,,,,0
53,Ken Waldichuk,OAK,2,5,0,22,22,103.0,8.39,4.54,1.92,0.299,0.734,0.355,0.165,93.3,5.33,5.22,5.86,5.22,-0.5,8.39,4.54,1.85,5.06,,,,,,,,,,,,,,,,,,,,,1
54,Louis Varland,MIN,3,3,0,10,10,56.0,8.68,2.57,2.25,0.295,0.767,0.426,0.206,94.9,5.3,5.28,5.49,4.24,-0.1,8.68,2.57,3.38,4.22,,,,,,,,,,,,,,,,,,,,,0
55,Allan Winans,ATL,1,2,0,6,6,32.1,9.46,2.23,1.39,0.348,0.7,0.454,0.135,90.0,5.29,4.27,4.09,3.97,0.5,9.46,2.23,4.25,3.88,,,,,,,,,,,,,,,,,,,,,0
56,Xzavion Curry,CLE,0,3,0,9,9,34.1,6.55,3.41,1.05,0.308,0.653,0.318,0.075,92.5,5.24,4.55,4.54,5.57,0.5,6.55,3.41,1.92,5.37,,,,,,,,,,,,,,,,,,,,,0
57,Emmet Sheehan,LAD,4,1,0,11,11,53.1,9.45,4.22,1.52,0.256,0.674,0.331,0.122,95.3,5.23,3.64,4.81,4.91,0.5,9.45,4.22,2.24,4.62,,,,,,,,,,,,,,,,,,,,,0
58,Drey Jameson,ARI,0,1,0,3,3,8.2,8.31,7.27,1.04,0.32,0.753,0.538,0.111,97.9,5.19,6.02,5.33,5.55,0.0,8.31,7.27,1.14,5.87,,,,,,,,,,,,,,,,,,,,,0
59,Hunter Brown,HOU,10,13,0,29,29,152.2,10.43,3.12,1.53,0.334,0.683,0.519,0.211,95.7,5.19,4.28,4.37,3.49,1.9,10.43,3.12,3.34,3.7,,,,,,,,,,,,,,,,,,,,,1
60,Hunter Gaddis,CLE,1,1,0,7,7,31.1,5.74,3.16,1.15,0.265,0.685,0.267,0.074,93.8,5.17,4.16,5.07,6.26,0.2,5.74,3.16,1.82,5.79,,,,,,,,,,,,,,,,,,,,,0
61,Luis Ortiz,PIT,4,5,0,15,15,73.0,5.92,5.18,1.48,0.299,0.751,0.494,0.158,96.2,4.93,7.03,5.89,5.47,-0.4,5.92,5.18,1.14,5.78,,,,,,,,,,,,,,,,,,,,,0
62,Pedro Avila,SDP,1,2,0,6,6,25.2,9.12,5.61,0.7,0.338,0.625,0.611,0.118,94.1,4.91,4.66,4.46,4.54,0.3,9.12,5.61,1.63,4.8,,,,,,,,,,,,,,,,,,,,,0
63,Ronel Blanco,HOU,2,1,0,7,7,38.0,8.29,4.97,2.61,0.22,0.878,0.373,0.224,94.3,4.74,4.99,6.91,5.28,-0.5,8.29,4.97,1.67,5.18,,,,,,,,,,,,,,,,,,,,,0
64,AJ Smith-Shawver,ATL,1,0,0,5,5,23.0,6.65,3.91,2.74,0.161,0.769,0.377,0.189,94.6,4.7,4.03,7.17,5.87,-0.3,6.65,3.91,1.7,5.44,,,,,,,,,,,,,,,,,,,,,1
65,Peyton Battenfield,CLE,0,5,0,6,6,32.2,6.89,2.2,1.65,0.263,0.654,0.426,0.146,91.1,4.68,5.69,4.85,4.53,0.2,6.89,2.2,3.13,4.59,,,,,,,,,,,,,,,,,,,,,0
66,Jake Irvin,WSN,3,7,0,24,24,121.0,7.36,4.02,1.49,0.281,0.75,0.428,0.138,94.5,4.61,5.1,5.3,5.14,0.7,7.36,4.02,1.83,5.09,,,,,,,,,,,,,,,,,,,,,0
67,Matt Waldron,SDP,1,3,0,6,6,31.2,6.82,3.13,1.99,0.233,0.788,0.412,0.159,92.0,4.55,4.08,5.66,5.08,0.1,6.82,3.13,2.18,4.97,,,,,,,,,,,,,,,,,,,,,0
68,Jonathan Bowlan,KCR,0,1,0,1,1,2.0,9.0,0.0,4.5,0.333,1.0,0.286,0.333,95.1,4.5,7.78,7.76,3.74,-0.1,9.0,0.0,2.0,3.82,,,,,,,,,,,,,,,,,,,,,0
69,Colin Selby,PIT,0,0,0,5,5,8.0,10.13,4.5,1.13,0.118,0.536,0.389,0.125,,4.5,4.15,4.13,4.16,0.1,10.13,4.5,2.25,4.29,,,,,,,,,,,,,,,,,,,,,0
70,Emerson Hancock,SEA,0,0,0,3,3,12.0,4.5,2.25,0.75,0.308,0.685,0.475,0.067,92.7,4.5,3.39,4.09,5.07,0.1,4.5,2.25,2.0,5.31,,,,,,,,,,,,,,,,,,,,,0
71,Brandon Williamson,CIN,5,5,0,23,23,117.0,7.54,3.0,1.38,0.278,0.702,0.374,0.122,92.8,4.46,4.76,4.63,4.72,1.8,7.54,3.0,2.51,4.72,,,,,,,,,,,,,,,,,,,,,0
72,Jordan Wicks,CHC,4,1,0,7,7,34.2,6.23,2.86,1.3,0.262,0.73,0.468,0.161,92.2,4.41,4.08,4.7,4.3,0.3,6.23,2.86,2.18,4.83,,,,,,,,,,,,,,,,,,,,,1
73,Grayson Rodriguez,BAL,7,4,0,23,23,122.0,9.52,3.1,1.18,0.322,0.722,0.472,0.139,97.4,4.35,4.24,3.93,3.78,1.9,9.52,3.1,3.07,4.01,,,,,,,,,,,,,,,,,,,,,1
74,Reese Olson,DET,5,7,0,18,18,91.2,9.33,3.04,1.37,0.269,0.697,0.433,0.161,94.8,4.32,4.98,4.22,3.8,1.2,9.33,3.04,3.06,4.05,,,,,,,,,,,,,,,,,,,,,0
75,Bryce Miller,SEA,8,7,0,25,25,131.1,8.15,1.78,1.23,0.289,0.706,0.335,0.107,95.1,4.32,4.84,3.98,4.31,1.8,8.15,1.78,4.58,4.17,,,,,,,,,,,,,,,,,,,,,0
76,Bryan Woo,SEA,4,5,0,18,18,87.2,9.55,3.18,1.33,0.273,0.728,0.403,0.134,95.2,4.21,3.5,4.36,4.26,0.9,9.55,3.18,3.0,4.13,,,,,,,,,,,,,,,,,,,,,0
77,Kyle Harrison,SFG,1,1,0,7,7,34.2,9.09,2.86,2.08,0.236,0.762,0.268,0.154,93.6,4.15,4.51,5.53,5.01,-0.1,9.09,2.86,3.18,4.45,,,,,,,,,,,,,,,,,,,,,1
78,J.P. France,HOU,10,6,0,23,23,133.0,6.56,2.98,1.29,0.289,0.764,0.431,0.121,93.0,3.92,4.99,4.69,4.79,1.2,6.56,2.98,2.2,4.95,,,,,,,,,,,,,,,,,,,,,0
79,Chase Silseth,LAA,3,1,0,8,8,37.0,11.19,3.41,1.7,0.271,0.829,0.424,0.241,94.9,3.89,3.9,4.53,3.36,0.4,11.19,3.41,3.29,3.65,,,,,,,,,,,,,,,,,,,,,0
80,Andrew Abbott,CIN,8,6,0,21,21,109.1,9.88,3.62,1.32,0.302,0.799,0.286,0.107,92.6,3.87,3.93,4.2,4.56,2.1,9.88,3.62,2.73,4.33,,,,,,,,,,,,,,,,,,,,,0
81,Logan Allen,CLE,7,8,0,24,24,125.1,8.55,3.45,1.15,0.314,0.788,0.427,0.12,91.6,3.81,4.47,4.19,4.28,1.7,8.55,3.45,2.48,4.49,,,,,,,,,,,,,,,,,,,,,0
82,Bobby Miller,LAD,11,4,0,22,22,124.1,8.61,2.32,0.87,0.277,0.713,0.477,0.107,99.1,3.76,3.44,3.51,3.75,2.9,8.61,2.32,3.72,3.93,,,,,,,,,,,,,,,,,,,,,1
83,Mason Miller,OAK,0,3,0,6,6,24.1,9.99,4.07,0.37,0.267,0.699,0.2,0.032,98.8,3.7,3.7,3.17,4.74,0.7,9.99,4.07,2.45,4.51,,,,,,,,,,,,,,,,,,,,,1
84,Brett Kennedy,CIN,1,0,0,2,2,10.0,4.5,2.7,0.0,0.242,0.667,0.394,0.0,92.8,3.6,3.63,3.46,5.94,0.2,4.5,2.7,1.67,5.7,,,,,,,,,,,,,,,,,,,,,0
85,Mason Englert,DET,0,0,0,1,1,2.2,3.38,3.38,0.0,0.3,0.75,0.5,0.0,90.8,3.38,8.73,3.63,4.87,0.0,3.38,3.38,1.0,5.52,,,,,,,,,,,,,,,,,,,,,0
86,Gavin Williams,CLE,3,5,0,16,16,82.0,8.89,4.06,0.88,0.27,0.783,0.381,0.092,95.8,3.29,4.24,4.05,4.53,1.1,8.89,4.06,2.19,4.61,,,,,,,,,,,,,,,,,,,,,0
87,José Buttó,NYM,1,3,0,7,7,37.0,7.54,4.62,0.73,0.26,0.804,0.438,0.075,94.1,3.16,3.88,4.17,4.91,0.5,7.54,4.62,1.63,5.2,,,,,,,,,,,,,,,,,,,,,0
88,Eury Pérez,MIA,5,6,0,19,19,91.1,10.64,3.05,1.48,0.261,0.833,0.254,0.12,97.4,3.15,3.61,4.11,4.24,1.5,10.64,3.05,3.48,3.94,,,,,,,,,,,,,,,,,,,,,1
89,Javier Assad,CHC,3,1,0,10,10,53.2,7.04,3.02,1.51,0.258,0.882,0.456,0.161,92.9,3.02,5.21,4.93,4.48,0.4,7.04,3.02,2.33,4.71,,,,,,,,,,,,,,,,,,,,,0
90,Fernando Cruz,CIN,0,1,0,2,2,3.0,24.0,3.0,0.0,0.5,0.0,0.0,0.0,94.9,3.0,1.23,-1.08,-0.53,0.2,24.0,3.0,8.0,0.78,,,,,,,,,,,,,,,,,,,,,0
91,Darius Vines,ATL,1,0,0,2,2,12.0,7.5,2.25,1.5,0.182,0.761,0.343,0.105,90.2,3.0,4.47,4.76,5.21,0.1,7.5,2.25,3.33,4.65,,,,,,,,,,,,,,,,,,,,,0
92,Tanner Bibee,CLE,10,4,0,25,25,142.0,8.94,2.85,0.82,0.286,0.8,0.368,0.08,95.0,2.98,3.71,3.52,4.22,3.0,8.94,2.85,3.13,4.19,,,,,,,,,,,,,,,,,,,,,0
93,Kodai Senga,NYM,12,7,0,29,29,166.1,10.93,4.17,0.92,0.277,0.803,0.447,0.116,95.9,2.98,3.9,3.63,3.77,3.4,10.93,4.17,2.62,4.0,,,,,,,,,,,,,,,,,,,,,1
94,Sawyer Gipson-Long,DET,1,0,0,4,4,20.0,11.7,3.6,0.9,0.261,0.781,0.354,0.087,93.6,2.7,2.51,3.16,3.76,0.5,11.7,3.6,3.25,3.63,,,,,,,,,,,,,,,,,,,,,0
95,Randy Vásquez,NYY,1,2,0,5,5,22.1,6.45,4.43,1.21,0.177,0.924,0.375,0.111,94.6,2.42,5.76,5.45,5.7,0.1,6.45,4.43,1.45,5.56,,,,,,,,,,,,,,,,,,,,,0
96,Kenny Rosenberg,LAA,2,1,0,3,3,16.0,7.31,2.81,0.56,0.347,0.88,0.46,0.056,90.4,2.25,2.94,3.38,4.43,0.4,7.31,2.81,2.6,4.61,,,,,,,,,,,,,,,,,,,,,0
97,Shawn Dubin,HOU,0,0,0,1,1,4.0,6.75,4.5,0.0,0.273,0.833,0.273,0.0,94.8,2.25,6.68,4.01,6.07,0.1,6.75,4.5,1.5,5.63,,,,,,,,,,,,,,,,,,,,,0
98,Ryan Walker,SFG,0,1,0,13,13,20.1,14.16,5.31,1.33,0.39,0.935,0.432,0.231,,2.21,2.8,3.94,3.08,0.3,14.16,5.31,2.67,3.64,,,,,,,,,,,,,,,,,,,,,0
99,Brennan Bernardino,BOS,0,0,0,6,6,9.0,14.0,2.0,0.0,0.368,0.833,0.611,0.0,,2.0,2.54,1.81,2.55,0.4,14.0,2.0,7.0,2.4,,,,,,,,,,,,,,,,,,,,,0
100,Ryan Pepiot,LAD,2,1,0,3,3,18.0,5.5,0.5,1.0,0.143,0.854,0.412,0.08,93.7,2.0,2.17,3.81,4.66,0.4,5.5,0.5,11.0,4.46,,,,,,,,,,,,,,,,,,,,,0
101,Joe Boyle,OAK,2,0,0,3,3,16.0,8.44,2.81,0.56,0.179,0.776,0.3,0.045,97.9,1.69,2.26,3.13,4.59,0.4,8.44,2.81,3.0,4.37,,,,,,,,,,,,,,,,,,,,,0
102,Steven Cruz,KCR,0,0,0,4,4,5.2,11.12,6.35,0.0,0.412,0.909,0.235,0.0,97.5,1.59,5.31,2.9,5.53,0.2,11.12,6.35,1.75,5.12,,,,,,,,,,,,,,,,,,,,,0
103,Scott McGough,ARI,0,0,0,1,1,2.1,7.71,3.86,0.0,0.167,1.0,0.5,0.0,94.0,0.0,2.43,2.83,3.54,0.1,7.71,3.86,2.0,4.38,,,,,,,,,,,,,,,,,,,,,0
104,Jhonathan Díaz,LAA,0,0,0,1,1,1.2,0.0,5.4,0.0,0.4,1.0,0.4,0.0,90.2,0.0,12.57,6.86,7.85,0.0,0.0,5.4,0.0,7.94,,,,,,,,,,,,,,,,,,,,,0
105,Easton McGee,SEA,0,0,0,1,1,6.2,2.7,1.35,0.0,0.053,1.0,0.474,0.0,90.1,0.0,2.97,3.11,4.84,0.2,2.7,1.35,2.0,5.51,,,,,,,,,,,,,,,,,,,,,0
106,Nick Robertson,BOS,0,0,0,1,1,1.0,9.0,9.0,0.0,0.0,1.0,0.0,0.0,97.1,0.0,1.4,4.26,7.56,0.0,9.0,9.0,1.0,7.97,,,,,,,,,,,,,,,,,,,,,0
107,Tyler Holton,DET,0,0,0,1,1,1.0,9.0,9.0,0.0,0.0,1.0,1.0,0.0,91.2,0.0,2.63,4.26,4.26,0.0,9.0,9.0,1.0,7.48,,,,,,,,,,,,,,,,,,,,,0
108,Carmen Mlodzinski,PIT,0,0,0,1,1,1.1,6.75,13.5,0.0,0.0,0.5,0.333,0.0,94.7,0.0,5.17,6.26,8.74,0.0,6.75,13.5,0.5,9.82,,,,,,,,,,,,,,,,,,,,,0
1,Seth Johnson,PHI,0,1,0,1,1,2.1,0.0,11.57,3.86,0.5,0.208,0.267,0.125,95.3,34.71,13.56,12.6,12.21,-0.1,0.0,11.57,0.0,9.09,,,,,,,,,,,,,,,,,,,,,0
2,Austin Kitchen,MIA,0,1,0,1,1,2.0,4.5,0.0,4.5,0.571,0.263,0.667,0.333,90.8,27.0,6.74,8.67,4.43,-0.1,4.5,0.0,1.0,3.66,,,,,,,,,,,,,,,,,,,,,0
3,Hurston Waldrep,ATL,0,1,0,2,2,7.0,3.86,10.29,3.86,0.286,0.362,0.458,0.3,95.8,16.71,6.04,11.74,8.33,-0.4,3.86,10.29,0.38,8.24,,,,,,,,,,,,,,,,,,,,,0
4,Anthony Molina,COL,0,0,0,1,1,1.2,0.0,16.2,0.0,0.333,0.5,0.833,0.0,94.0,16.2,13.3,10.37,10.37,-0.1,0.0,16.2,0.0,9.47,,,,,,,,,,,,,,,,,,,,,0
5,Allan Winans,ATL,0,2,0,2,2,7.2,4.7,4.7,3.52,0.367,0.29,0.515,0.3,90.3,15.26,6.83,8.78,5.66,-0.3,4.7,4.7,1.0,5.62,,,,,,,,,,,,,,,,,,,,,0
6,Jonathan Bowlan,KCR,0,1,0,1,1,2.2,10.13,10.13,10.13,0.375,1.0,0.364,0.6,95.6,13.5,6.7,18.92,7.13,-0.3,10.13,10.13,1.0,6.12,,,,,,,,,,,,,,,,,,,,,0
7,Jonathan Bermúdez,MIA,0,1,0,1,1,2.0,0.0,4.5,4.5,0.25,0.652,0.444,0.2,89.0,13.5,9.03,14.17,11.45,-0.2,0.0,4.5,0.0,7.49,,,,,,,,,,,,,,,,,,,,,0
8,Cristian Mena,ARI,0,0,0,1,1,3.0,6.0,9.0,6.0,0.25,0.714,0.4,0.4,95.4,12.0,10.39,13.5,7.35,-0.2,6.0,9.0,0.67,7.2,,,,,,,,,,,,,,,,,,,,,0
9,Jack Leiter,TEX,0,2,0,6,6,23.1,7.33,3.86,1.54,0.358,0.396,0.405,0.114,96.6,10.41,5.87,5.44,5.48,0.0,7.33,3.86,1.9,5.0,,,,,,,,,,,,,,,,,,,,,1
10,Caden Dana,LAA,1,2,0,3,3,10.1,6.97,6.1,4.35,0.29,0.667,0.556,0.385,93.9,9.58,6.91,10.23,5.84,-0.5,6.97,6.1,1.14,5.55,,,,,,,,,,,,,,,,,,,,,0
11,Will Warren,NYY,0,3,0,5,5,21.2,10.8,3.74,1.66,0.422,0.48,0.373,0.143,93.7,9.55,4.26,4.55,4.11,0.1,10.8,3.74,2.89,3.96,,,,,,,,,,,,,,,,,,,,,0
12,Tanner Gordon,COL,0,6,0,8,8,34.1,6.82,1.57,2.62,0.371,0.574,0.377,0.204,92.2,8.65,5.8,6.14,4.51,-0.2,6.82,1.57,4.33,4.48,,,,,,,,,,,,,,,,,,,,,0
13,Michael Mercado,PHI,1,1,0,2,2,6.2,6.75,6.75,4.05,0.211,0.769,0.409,0.25,95.4,8.1,5.26,9.77,6.64,-0.3,6.75,6.75,1.0,6.16,,,,,,,,,,,,,,,,,,,,,0
14,Gordon Graceffo,STL,0,1,0,1,1,3.1,5.4,0.0,2.7,0.3,0.385,0.4,0.2,92.8,8.1,6.33,5.87,4.23,0.0,5.4,0.0,2.0,4.35,,,,,,,,,,,,,,,,,,,,,0
15,Nick Nastrini,CHW,0,7,0,8,8,32.1,6.68,8.91,1.95,0.25,0.572,0.311,0.125,93.9,7.79,6.53,7.56,7.36,-0.5,6.68,8.91,0.75,7.1,,,,,,,,,,,,,,,,,,,,,0
16,Adam Mazur,SDP,1,3,0,8,8,33.2,5.88,5.61,1.6,0.318,0.641,0.336,0.118,94.6,7.49,5.7,6.23,6.2,-0.3,5.88,5.61,1.05,6.05,,,,,,,,,,,,,,,,,,,,,0
17,Tyler Phillips,PHI,4,1,0,7,7,32.2,5.79,1.93,2.2,0.318,0.603,0.435,0.19,,7.44,6.35,5.89,4.65,-0.1,5.79,1.93,3.0,4.7,,,,,,,,,,,,,,,,,,,,,0
18,Carlos Rodriguez,MIL,0,3,0,3,3,12.1,6.57,2.19,2.19,0.381,0.618,0.273,0.167,93.2,7.3,6.3,5.6,4.64,0.0,6.57,2.19,3.0,4.85,,,,,,,,,,,,,,,,,,,,,0
19,Keaton Winn,SFG,3,8,0,12,12,55.1,7.81,3.25,1.46,0.299,0.534,0.5,0.184,96.2,7.16,5.54,4.85,4.07,0.0,7.81,3.25,2.4,4.26,,,,,,,,,,,,,,,,,,,,,0
20,Jake Bloss,HOU,0,1,0,3,3,11.2,8.49,2.31,3.86,0.306,0.833,0.25,0.238,93.6,6.94,5.41,7.62,4.77,-0.3,8.49,2.31,3.67,4.55,,,,,,,,,,,,,,,,,,,,,0
21,Justin Wrobleski,LAD,1,2,0,6,6,30.1,5.93,3.26,2.67,0.247,0.612,0.309,0.205,94.9,6.82,6.65,6.79,5.13,-0.3,5.93,3.26,1.82,5.26,,,,,,,,,,,,,,,,,,,,,0
22,Chayce McDermott,BAL,0,0,0,1,1,4.0,6.75,4.5,2.25,0.333,0.714,0.615,0.25,94.1,6.75,8.52,6.42,4.68,-0.1,6.75,4.5,1.5,4.82,,,,,,,,,,,,,,,,,,,,,0
23,Zebby Matthews,MIN,1,4,0,9,9,37.2,10.27,2.63,2.63,0.364,0.679,0.38,0.208,94.9,6.69,5.9,5.72,4.05,-0.2,10.27,2.63,3.91,3.78,,,,,,,,,,,,,,,,,,,,,0
24,Roddery Muñoz,MIA,2,7,0,17,17,78.2,7.78,4.35,2.97,0.266,0.699,0.335,0.23,95.5,6.64,6.86,7.37,5.25,-1.6,7.78,4.35,1.79,5.01,,,,,,,,,,,,,,,,,,,,,0
25,Carson Spiers,CIN,4,6,0,10,10,51.2,8.19,2.61,2.79,0.301,0.683,0.395,0.219,91.8,6.62,4.91,6.3,4.41,-0.3,8.19,2.61,3.13,4.28,,,,,,,,,,,,,,,,,,,,,0
26,Joe Boyle,OAK,3,6,0,10,10,42.2,10.34,6.96,0.84,0.313,0.614,0.348,0.089,97.7,6.54,4.31,4.55,4.93,0.3,10.34,6.96,1.48,5.11,,,,,,,,,,,,,,,,,,,,,0
27,Julian Aguiar,CIN,2,1,0,7,7,31.2,5.4,3.41,2.27,0.229,0.698,0.373,0.167,94.4,6.25,4.8,6.86,5.87,-0.3,5.4,3.41,1.58,5.45,,,,,,,,,,,,,,,,,,,,,0
28,Davis Daniel,LAA,1,4,0,6,6,30.1,8.31,1.78,1.48,0.362,0.615,0.364,0.116,91.6,6.23,4.4,4.16,4.16,0.4,8.31,1.78,4.67,4.02,,,,,,,,,,,,,,,,,,,,,0
29,Bradley Blalock,COL,1,3,0,6,6,29.2,6.07,5.76,1.21,0.313,0.668,0.359,0.093,93.4,6.07,5.92,5.59,6.03,0.0,6.07,5.76,1.05,5.97,,,,,,,,,,,,,,,,,,,,,0
30,Sixto Sánchez,MIA,0,2,0,7,7,28.1,4.45,3.49,0.64,0.333,0.575,0.475,0.071,94.0,6.04,5.36,4.47,5.05,0.2,4.45,3.49,1.27,5.39,,,,,,,,,,,,,,,,,,,,,1
31,Darren McCaughan,MIA,0,0,0,5,5,21.1,6.75,2.11,1.69,0.338,0.658,0.348,0.114,89.6,5.91,5.92,5.37,5.41,0.0,6.75,2.11,3.2,4.77,,,,,,,,,,,,,,,,,,,,,0
32,Mason Black,SFG,1,5,0,8,8,33.2,7.75,3.48,1.6,0.352,0.726,0.318,0.115,92.5,5.88,5.23,5.1,5.12,-0.1,7.75,3.48,2.23,4.82,,,,,,,,,,,,,,,,,,,,,0
33,Slade Cecconi,ARI,2,5,0,13,13,61.0,7.52,1.92,1.33,0.315,0.625,0.337,0.098,94.2,5.75,4.1,4.2,4.56,0.7,7.52,1.92,3.92,4.34,,,,,,,,,,,,,,,,,,,,,0
34,Jordan Wicks,CHC,2,4,0,10,10,42.2,8.44,4.01,1.9,0.333,0.712,0.387,0.164,92.7,5.7,5.34,5.51,4.72,-0.2,8.44,4.01,2.11,4.64,,,,,,,,,,,,,,,,,,,,,1
35,Max Meyer,MIA,3,5,0,11,11,57.0,7.26,3.0,2.21,0.289,0.714,0.5,0.215,94.2,5.68,4.65,5.9,4.43,-0.3,7.26,3.0,2.42,4.44,,,,,,,,,,,,,,,,,,,,,1
36,Ky Bush,CHW,0,3,0,4,4,17.2,5.6,8.15,1.02,0.316,0.76,0.368,0.077,91.8,5.6,5.61,6.28,7.03,-0.1,5.6,8.15,0.69,6.99,,,,,,,,,,,,,,,,,,,,,0
37,Drew Thorpe,CHW,3,3,0,9,9,44.1,5.08,4.26,1.62,0.2,0.611,0.362,0.119,91.1,5.48,4.69,5.87,5.81,-0.1,5.08,4.26,1.19,5.85,,,,,,,,,,,,,,,,,,,,,0
38,Kyle Tyler,MIA,0,2,0,7,7,29.2,7.28,5.46,1.21,0.364,0.749,0.478,0.148,,5.46,6.66,5.22,4.85,0.0,7.28,5.46,1.33,5.26,,,,,,,,,,,,,,,,,,,,,0
39,Cade Povich,BAL,3,9,0,16,16,79.2,7.79,3.84,1.36,0.291,0.679,0.352,0.105,92.4,5.2,4.09,4.79,4.99,0.5,7.79,3.84,2.03,4.8,,,,,,,,,,,,,,,,,,,,,0
40,Joey Estes,OAK,7,9,0,24,24,125.0,6.62,1.8,1.66,0.276,0.688,0.249,0.105,92.6,5.11,4.49,4.93,5.2,0.7,6.62,1.8,3.68,4.94,,,,,,,,,,,,,,,,,,,,,0
41,Joey Cantillo,CLE,2,4,0,8,8,37.0,10.46,3.65,1.46,0.309,0.673,0.485,0.176,92.2,5.11,3.95,4.17,3.45,0.4,10.46,3.65,2.87,3.72,,,,,,,,,,,,,,,,,,,,,0
42,David Festa,MIN,2,6,0,13,13,60.0,10.5,3.15,1.2,0.318,0.659,0.378,0.125,94.7,5.1,4.06,3.72,3.6,1.1,10.5,3.15,3.33,3.65,,,,,,,,,,,,,,,,,,,,,0
43,Jhonathan Díaz,SEA,0,0,0,1,1,5.1,6.75,1.69,3.38,0.368,0.972,0.5,0.333,91.0,5.06,4.61,7.1,3.93,-0.1,6.75,1.69,4.0,4.24,,,,,,,,,,,,,,,,,,,,,0
44,Randy Vásquez,SDP,4,7,0,20,20,98.0,5.69,2.66,1.19,0.33,0.722,0.387,0.104,94.3,4.87,5.89,4.7,4.9,0.7,5.69,2.66,2.14,5.01,,,,,,,,,,,,,,,,,,,,,0
45,Sam Aldegheri,LAA,1,2,0,3,3,13.0,6.92,6.92,1.38,0.302,0.62,0.222,0.077,92.3,4.85,4.53,6.4,7.42,-0.1,6.92,6.92,1.0,6.54,,,,,,,,,,,,,,,,,,,,,0
46,Hayden Birdsong,SFG,5,6,0,16,16,72.0,11.0,5.38,1.38,0.272,0.734,0.398,0.151,95.9,4.75,4.67,4.67,4.21,0.1,11.0,5.38,2.05,4.28,,,,,,,,,,,,,,,,,,,,,0
47,Emerson Hancock,SEA,4,4,0,12,12,60.2,5.79,2.82,1.78,0.263,0.712,0.347,0.141,93.7,4.75,5.94,5.69,5.24,-0.4,5.79,2.82,2.05,5.11,,,,,,,,,,,,,,,,,,,,,0
48,Darius Vines,ATL,0,1,0,2,2,9.2,5.59,2.79,1.86,0.3,0.804,0.469,0.143,91.0,4.66,5.01,5.55,5.05,0.0,5.59,2.79,2.0,5.0,,,,,,,,,,,,,,,,,,,,,0
49,Mitch Spence,OAK,5,9,0,24,24,126.0,7.43,2.64,1.29,0.325,0.746,0.474,0.123,,4.64,4.26,4.37,4.27,1.1,7.43,2.64,2.81,4.33,,,,,,,,,,,,,,,,,,,,,0
50,Spencer Arrighetti,HOU,7,13,0,28,28,142.2,10.54,3.91,1.32,0.323,0.715,0.358,0.129,94.2,4.61,3.98,4.17,3.98,1.7,10.54,3.91,2.69,3.92,,,,,,,,,,,,,,,,,,,,,0
51,Christian Scott,NYM,0,3,0,9,9,47.1,7.42,2.28,1.52,0.272,0.732,0.324,0.111,94.3,4.56,4.22,4.6,4.71,0.4,7.42,2.28,3.25,4.48,,,,,,,,,,,,,,,,,,,,,1
52,Kyle Harrison,SFG,7,7,0,24,24,124.1,8.54,3.04,1.3,0.308,0.733,0.409,0.123,92.9,4.56,4.83,4.33,4.23,0.8,8.54,3.04,2.81,4.18,,,,,,,,,,,,,,,,,,,,,1
53,Jonathan Cannon,CHW,5,9,0,21,21,115.1,6.48,2.97,1.4,0.285,0.728,0.375,0.123,94.3,4.53,4.5,4.85,4.73,0.8,6.48,2.97,2.18,4.82,,,,,,,,,,,,,,,,,,,,,0
54,Shawn Dubin,HOU,0,0,0,2,2,6.0,6.0,6.0,1.5,0.222,0.814,0.316,0.143,95.1,4.5,9.41,6.5,6.1,-0.1,6.0,6.0,1.0,6.08,,,,,,,,,,,,,,,,,,,,,0
55,Yariel Rodríguez,TOR,1,8,0,21,21,86.2,8.83,4.15,1.14,0.275,0.699,0.374,0.111,,4.47,3.91,4.34,4.42,1.1,8.83,4.15,2.13,4.46,,,,,,,,,,,,,,,,,,,,,0
56,J.T. Ginn,OAK,1,1,0,6,6,30.1,7.42,1.78,1.19,0.344,0.749,0.468,0.125,92.9,4.45,4.79,4.02,3.9,0.4,7.42,1.78,4.17,3.98,,,,,,,,,,,,,,,,,,,,,0
57,Mitchell Parker,WSN,7,10,0,29,29,151.0,7.93,2.56,1.07,0.302,0.673,0.38,0.096,92.6,4.29,4.37,3.85,4.17,2.4,7.93,2.56,3.09,4.25,,,,,,,,,,,,,,,,,,,,,0
58,Keider Montero,DET,6,5,0,16,16,86.1,6.46,2.71,1.46,0.28,0.76,0.405,0.152,94.7,4.27,5.3,4.85,4.35,0.4,6.46,2.71,2.38,4.63,,,,,,,,,,,,,,,,,,,,,0
59,Gerson Garabito,TEX,0,1,0,2,2,6.1,4.26,7.11,0.0,0.263,0.7,0.526,0.0,93.1,4.26,6.92,4.59,5.54,0.1,4.26,7.11,0.6,6.72,,,,,,,,,,,,,,,,,,,,,0
60,Simeon Woods Richardson,MIN,5,5,0,28,28,133.2,7.88,3.23,1.08,0.283,0.736,0.353,0.091,93.0,4.17,4.05,4.12,4.55,1.8,7.88,3.23,2.44,4.51,,,,,,,,,,,,,,,,,,,,,0
61,DJ Herz,WSN,4,9,0,19,19,88.2,10.76,3.65,1.12,0.288,0.703,0.364,0.107,93.5,4.16,3.3,3.71,3.85,1.7,10.76,3.65,2.94,3.77,,,,,,,,,,,,,,,,,,,,,0
62,Jared Jones,PIT,6,8,0,22,22,121.2,9.76,2.88,1.33,0.284,0.721,0.387,0.131,97.4,4.14,3.98,4.0,3.78,1.8,9.76,2.88,3.38,3.72,,,,,,,,,,,,,,,,,,,,,1
63,Yilber Díaz,ARI,1,1,0,4,4,20.0,6.3,3.6,0.9,0.271,0.733,0.35,0.091,95.8,4.05,4.39,4.27,4.63,0.2,6.3,3.6,1.75,5.06,,,,,,,,,,,,,,,,,,,,,0
64,Grant Holmes,ATL,1,0,0,7,7,33.2,10.69,2.41,1.6,0.31,0.804,0.452,0.158,94.3,4.01,3.25,3.91,3.3,0.5,10.69,2.41,4.44,3.31,,,,,,,,,,,,,,,,,,,,,0
65,Jack Kochanowicz,LAA,2,6,0,11,11,65.1,3.44,1.38,0.96,0.282,0.735,0.57,0.13,96.5,3.99,5.08,4.62,4.48,0.6,3.44,1.38,2.5,4.56,,,,,,,,,,,,,,,,,,,,,0
66,Jackson Rutledge,WSN,0,0,0,1,1,4.2,11.57,3.86,0.0,0.25,0.6,0.333,0.0,96.0,3.86,5.12,1.88,3.18,0.2,11.57,3.86,3.0,3.53,,,,,,,,,,,,,,,,,,,,,0
67,Kumar Rocker,TEX,0,2,0,3,3,11.2,10.8,4.63,0.77,0.333,0.739,0.515,0.1,96.3,3.86,3.24,3.68,3.86,0.2,10.8,4.63,2.33,4.02,,,,,,,,,,,,,,,,,,,,,0
68,Landen Roupp,SFG,1,2,0,4,4,18.2,6.75,3.38,0.48,0.31,0.732,0.492,0.059,93.3,3.86,3.39,3.49,4.17,0.4,6.75,3.38,2.0,4.58,,,,,,,,,,,,,,,,,,,,,0
69,Brady Basso,OAK,1,1,0,4,4,19.0,7.58,2.37,0.95,0.31,0.766,0.4,0.083,92.2,3.79,3.3,3.64,4.18,0.4,7.58,2.37,3.2,4.27,,,,,,,,,,,,,,,,,,,,,0
70,Valente Bellozo,MIA,3,4,0,13,13,68.2,5.77,2.75,1.97,0.254,0.859,0.3,0.128,89.3,3.67,4.99,5.73,5.47,-0.1,5.77,2.75,2.1,5.32,,,,,,,,,,,,,,,,,,,,,0
71,Landon Knack,LAD,3,5,0,12,12,56.2,9.21,2.7,1.91,0.222,0.866,0.295,0.156,93.4,3.65,4.28,4.88,4.18,0.4,9.21,2.7,3.41,3.97,,,,,,,,,,,,,,,,,,,,,0
72,Brant Hurter,DET,1,0,0,1,1,5.0,7.2,3.6,0.0,0.267,0.667,0.4,0.0,92.0,3.6,3.43,2.77,4.28,0.1,7.2,3.6,2.0,4.7,,,,,,,,,,,,,,,,,,,,,0
73,Gavin Stone,LAD,11,5,0,25,25,140.1,7.44,2.37,1.15,0.283,0.797,0.442,0.116,95.0,3.53,3.97,4.01,4.02,2.1,7.44,2.37,3.14,4.2,,,,,,,,,,,,,,,,,,,,,0
74,Luis Gil,NYY,15,7,0,29,29,151.2,10.15,4.57,1.07,0.237,0.788,0.356,0.102,96.6,3.5,3.76,4.14,4.36,2.1,10.15,4.57,2.22,4.22,,,,,,,,,,,,,,,,,,,,,0
75,Cooper Criswell,BOS,5,3,0,18,18,85.0,7.09,2.54,1.06,0.29,0.776,0.516,0.119,,3.49,4.17,4.21,4.18,1.0,7.09,2.54,2.79,4.22,,,,,,,,,,,,,,,,,,,,,0
76,Randy Rodríguez,SFG,0,0,0,1,1,2.2,16.88,6.75,0.0,0.25,0.667,0.5,0.0,98.0,3.38,1.37,1.67,2.8,0.1,16.88,6.75,2.5,3.25,,,,,,,,,,,,,,,,,,,,,0
77,Spencer Schwellenbach,ATL,8,7,0,21,21,123.2,9.24,1.67,1.02,0.279,0.745,0.416,0.112,96.2,3.35,3.43,3.29,3.34,2.7,9.24,1.67,5.52,3.42,,,,,,,,,,,,,,,,,,,,,0
78,Ben Brown,CHC,0,3,0,8,8,39.0,9.92,3.23,0.92,0.222,0.749,0.344,0.087,96.7,3.23,3.76,3.45,3.9,0.9,9.92,3.23,3.07,3.73,,,,,,,,,,,,,,,,,,,,,0
79,Tobias Myers,MIL,7,6,0,25,25,133.0,8.12,2.44,1.22,0.285,0.808,0.376,0.115,92.9,3.11,4.22,4.05,4.07,1.9,8.12,2.44,3.33,4.09,,,,,,,,,,,,,,,,,,,,,0
80,José Buttó,NYM,1,3,0,7,7,38.0,9.0,4.97,0.71,0.211,0.794,0.398,0.077,94.0,3.08,4.59,4.17,4.69,0.5,9.0,4.97,1.81,4.66,,,,,,,,,,,,,,,,,,,,,0
81,Yoshinobu Yamamoto,LAD,7,2,0,18,18,90.0,10.5,2.2,0.7,0.305,0.757,0.479,0.093,95.6,3.0,3.45,2.61,2.86,2.9,10.5,2.2,4.77,3.14,,,,,,,,,,,,,,,,,,,,,0
82,Shota Imanaga,CHC,15,3,0,29,29,173.1,9.03,1.45,1.4,0.264,0.802,0.372,0.122,91.9,2.91,3.36,3.72,3.62,3.1,9.03,1.45,6.21,3.5,,,,,,,,,,,,,,,,,,,,,0
83,Robert Gasser,MIL,2,0,0,5,5,28.0,5.14,0.32,0.64,0.283,0.788,0.43,0.063,93.2,2.57,2.94,3.38,4.18,0.7,5.14,0.32,16.0,4.34,,,,,,,,,,,,,,,,,,,,,0
84,Michael McGreevy,STL,2,0,0,3,3,20.0,6.3,0.9,0.45,0.224,0.769,0.586,0.091,93.0,2.25,4.09,2.87,3.05,0.5,6.3,0.9,7.0,3.26,,,,,,,,,,,,,,,,,,,,,0
85,Blake Walston,ARI,0,0,0,2,2,9.0,6.0,5.0,0.0,0.24,0.857,0.4,0.0,91.3,2.0,3.27,4.5,6.52,0.1,6.0,5.0,1.2,5.74,,,,,,,,,,,,,,,,,,,,,0
86,Paul Skenes,PIT,11,3,0,23,23,133.0,11.5,2.17,0.68,0.284,0.856,0.513,0.106,98.9,1.96,2.5,2.44,2.54,4.3,11.5,2.17,5.31,2.71,,,,,,,,,,,,,,,,,,,,,1
87,Spencer Bivens,SFG,1,0,0,2,2,9.1,5.79,0.96,1.93,0.214,1.0,0.5,0.2,94.8,1.93,4.22,4.99,3.82,0.0,5.79,0.96,6.0,4.08,,,,,,,,,,,,,,,,,,,,,0
88,Jacob Lopez,TBR,0,0,0,1,1,5.0,10.8,3.6,1.8,0.1,1.0,0.182,0.143,90.5,1.8,3.17,4.57,4.08,0.0,10.8,3.6,3.0,3.86,,,,,,,,,,,,,,,,,,,,,0
89,Ty Madden,DET,0,0,0,1,1,5.0,3.6,5.4,0.0,0.235,0.714,0.471,0.0,93.8,1.8,4.45,4.17,5.98,0.1,3.6,5.4,0.67,6.52,,,,,,,,,,,,,,,,,,,,,0
90,Richard Fitts,BOS,0,1,0,4,4,20.2,3.92,3.05,0.0,0.275,0.769,0.373,0.0,94.5,1.74,4.08,3.31,5.51,0.5,3.92,3.05,1.29,5.8,,,,,,,,,,,,,,,,,,,,,0
91,Sean Burke,CHW,2,0,0,3,3,16.0,10.69,3.38,1.13,0.2,0.984,0.351,0.143,95.3,1.69,4.23,3.54,3.24,0.4,10.69,3.38,3.17,3.46,,,,,,,,,,,,,,,,,,,,,0
92,River Ryan,LAD,1,0,0,4,4,20.1,7.97,3.98,0.44,0.264,0.885,0.5,0.048,96.3,1.33,3.84,3.36,4.29,0.4,7.97,3.98,2.0,4.5,,,,,,,,,,,,,,,,,,,,,1
93,Rhett Lowder,CIN,2,2,0,6,6,30.2,6.46,4.11,0.0,0.272,0.897,0.385,0.0,93.8,1.17,4.38,3.1,4.73,0.9,6.46,4.11,1.57,5.16,,,,,,,,,,,,,,,,,,,,,1
94,Erik Miller,SFG,0,0,0,10,10,10.2,9.28,5.06,0.84,0.261,0.948,0.5,0.1,97.3,0.84,2.4,4.01,4.21,0.1,9.28,5.06,1.83,4.51,,,,,,,,,,,,,,,,,,,,,0
95,Brenan Hanifee,DET,0,0,0,3,3,4.2,3.86,1.93,0.0,0.143,1.0,0.5,0.0,95.9,0.0,3.08,2.95,4.25,0.1,3.86,1.93,2.0,4.83,,,,,,,,,,,,,,,,,,,,,0
96,Ronny Henriquez,MIN,0,0,0,1,1,1.0,0.0,0.0,0.0,0.25,1.0,0.75,0.0,95.3,0.0,8.74,3.17,3.17,0.0,0.0,0.0,0.0,1.91,,,,,,,,,,,,,,,,,,,,,0
97,Anthony Maldonado,MIA,0,0,0,1,1,3.0,6.0,0.0,0.0,0.333,1.0,0.5,0.0,93.0,0.0,2.5,1.83,2.84,0.1,6.0,0.0,2.0,3.47,,,,,,,,,,,,,,,,,,,,,0
98,Caleb Kilian,CHC,0,0,0,1,1,5.0,7.2,3.6,0.0,0.214,1.0,0.538,0.0,94.5,0.0,4.65,2.77,4.28,0.2,7.2,3.6,2.0,4.57,,,,,,,,,,,,,,,,,,,,,0
99,Kyle Hurt,LAD,0,0,0,1,1,2.0,0.0,0.0,0.0,0.375,1.0,0.25,0.0,94.8,0.0,4.85,3.17,4.68,0.1,0.0,0.0,0.0,6.4,,,,,,,,,,,,,,,,,,,,,0
100,Walter Pennington,TEX,0,0,0,1,1,1.1,6.75,6.75,0.0,0.25,1.0,0.25,0.0,,0.0,2.71,3.92,6.18,0.0,6.75,6.75,1.0,6.29,,,,,,,,,,,,,,,,,,,,,0
101,Luke Little,CHC,0,0,0,1,1,1.0,9.0,0.0,0.0,0.0,1.0,1.0,0.0,98.8,0.0,1.71,1.17,1.17,0.0,9.0,0.0,1.0,-0.33,,,,,,,,,,,,,,,,,,,,,0
102,AJ Smith-Shawver,ATL,0,0,0,1,1,4.1,8.31,4.15,0.0,0.25,1.0,0.25,0.0,96.4,0.0,2.83,2.7,5.15,0.2,8.31,4.15,2.0,4.95,,,,,,,,,,,,,,,,,,,,,1
103,Ben Joyce,LAA,0,0,0,1,1,2.0,13.5,4.5,0.0,0.25,1.0,0.75,0.0,101.9,0.0,2.26,3.17,3.92,0.0,13.5,4.5,3.0,3.11,,,,,,,,,,,,,,,,,,,,,0
104,Orion Kerkering,PHI,0,0,0,2,2,2.0,0.0,4.5,0.0,0.167,1.0,0.5,0.0,97.6,0.0,5.9,4.67,5.42,0.0,0.0,4.5,0.0,7.28,,,,,,,,,,,,,,,,,,,,,0
105,Andrew Walters,CLE,0,0,0,1,1,1.2,0.0,0.0,0.0,0.0,1.0,0.2,0.0,95.9,0.0,2.7,3.17,6.8,0.1,0.0,0.0,0.0,9.45,,,,,,,,,,,,,,,,,,,,,0
