Team_Abbr,query_year,query_month,G,GS,SV,IP,H,R,ER,BB,SO,HR,HBP,AB,IBB,GDP,ERA,SO9,BB9
ARI,2017,4,80.0,0.0,6.0,82.0,77.0,47.0,43.0,27.0,84.0,11.0,3.0,313.0,1.0,8.0,4.719512195121951,9.21951219512195,2.9634146341463414
ATH,2017,4,73.0,2.0,6.0,83.0,83.0,58.0,51.0,32.0,69.0,12.0,5.0,322.0,1.0,6.0,5.53012048192771,7.481927710843373,3.4698795180722892
ATL,2017,4,67.0,0.0,4.0,65.67,61.0,37.0,33.0,24.0,57.0,9.0,2.0,247.0,2.0,9.0,4.522613065326633,7.811786203746003,3.2891731384193696
BAL,2017,4,75.0,2.0,10.0,90.33,86.0,38.0,37.0,39.0,85.0,10.0,7.0,344.0,1.0,8.0,3.6864828960478246,8.46894719362338,3.8857522417801396
BOS,2017,4,69.0,0.0,8.0,72.0,50.0,20.0,19.0,31.0,68.0,4.0,3.0,259.0,1.0,7.0,2.375,8.5,3.875
CHC,2017,4,82.0,0.0,6.0,78.33,53.0,31.0,25.0,36.0,89.0,8.0,3.0,280.0,1.0,10.0,2.872462657985446,10.225967062428188,4.136346227499042
CHW,2017,4,67.0,0.0,5.0,74.34,47.0,17.0,16.0,25.0,89.0,8.0,2.0,259.0,1.0,10.0,1.937046004842615,10.774818401937045,3.0266343825665856
CIN,2017,4,78.0,1.0,6.0,100.33,77.0,45.0,42.0,46.0,120.0,10.0,5.0,366.0,5.0,7.0,3.767567028804944,10.76447722515698,4.1263829363101765
CLE,2017,4,69.0,0.0,7.0,68.0,59.0,22.0,17.0,23.0,78.0,2.0,2.0,257.0,1.0,7.0,2.25,10.323529411764705,3.044117647058824
COL,2017,4,86.0,0.0,12.0,90.34,78.0,47.0,43.0,32.0,94.0,7.0,3.0,341.0,1.0,10.0,4.2838166924950185,9.364622537082132,3.187956608368386
DET,2017,4,76.0,0.0,8.0,76.99,89.0,63.0,55.0,41.0,81.0,17.0,6.0,316.0,4.0,5.0,6.429406416417717,9.468762176906093,4.792830237693207
HOU,2017,4,72.0,0.0,7.0,80.34,58.0,28.0,26.0,33.0,100.0,7.0,2.0,294.0,0.0,2.0,2.912621359223301,11.202389843166541,3.696788648244959
KCR,2017,4,73.0,0.0,3.0,72.33,70.0,45.0,42.0,38.0,57.0,7.0,1.0,276.0,4.0,9.0,5.226047283284944,7.092492741600996,4.728328494400664
LAA,2017,4,76.0,0.0,9.0,81.01,62.0,33.0,31.0,21.0,93.0,12.0,3.0,295.0,1.0,6.0,3.444019256881866,10.332057770645598,2.3330453030490066
LAD,2017,4,78.0,0.0,7.0,78.66,70.0,31.0,30.0,30.0,92.0,5.0,0.0,294.0,4.0,7.0,3.4324942791762014,10.526315789473685,3.4324942791762014
MIA,2017,4,79.0,0.0,3.0,93.67,78.0,35.0,34.0,39.0,81.0,13.0,1.0,339.0,6.0,10.0,3.266787658802178,7.782641187146365,3.7471976086260277
MIL,2017,4,88.0,0.0,7.0,93.0,89.0,47.0,40.0,52.0,86.0,7.0,4.0,346.0,5.0,17.0,3.870967741935484,8.32258064516129,5.032258064516128
MIN,2017,4,77.0,0.0,8.0,80.99,69.0,41.0,37.0,29.0,64.0,10.0,8.0,300.0,4.0,6.0,4.111618718360292,7.111989134461044,3.222620076552661
NYM,2017,4,91.0,0.0,6.0,89.66,98.0,54.0,51.0,45.0,98.0,16.0,3.0,352.0,10.0,6.0,5.119339727860807,9.837162614320768,4.517064465759536
NYY,2017,4,67.0,0.0,6.0,67.66,51.0,23.0,19.0,26.0,79.0,4.0,2.0,253.0,1.0,2.0,2.527342595329589,10.508424475317767,3.4584688146615434
PHI,2017,4,72.0,0.0,5.0,74.33,73.0,41.0,40.0,26.0,75.0,20.0,2.0,286.0,3.0,7.0,4.843266514193461,9.08112471411274,3.1481232342257504
PIT,2017,4,69.0,0.0,7.0,79.34,89.0,46.0,41.0,30.0,61.0,10.0,6.0,320.0,1.0,6.0,4.650869674817242,6.919586589362238,3.4030753718174944
SDP,2017,4,82.0,1.0,6.0,90.67,79.0,49.0,46.0,35.0,91.0,18.0,3.0,349.0,1.0,3.0,4.566008602624903,9.032756148671005,3.4741369802580784
SEA,2017,4,79.0,1.0,4.0,87.99,95.0,63.0,61.0,37.0,73.0,13.0,1.0,340.0,4.0,10.0,6.239345380156836,7.466757586089329,3.7845209682918517
SFG,2017,4,83.0,2.0,5.0,86.99,78.0,45.0,39.0,35.0,78.0,5.0,4.0,326.0,2.0,7.0,4.034946545579952,8.069893091159903,3.621105874238418
STL,2017,4,78.0,0.0,8.0,72.99,81.0,48.0,45.0,34.0,70.0,10.0,6.0,292.0,3.0,5.0,5.548705302096177,8.631319358816278,4.192355117139335
TBR,2017,4,79.0,2.0,6.0,93.99,80.0,41.0,36.0,35.0,66.0,7.0,4.0,344.0,5.0,10.0,3.4471752314075967,6.319821257580594,3.3514203638684967
TEX,2017,4,73.0,0.0,2.0,78.0,84.0,48.0,42.0,24.0,67.0,12.0,2.0,307.0,2.0,11.0,4.846153846153846,7.73076923076923,2.769230769230769
TOR,2017,4,84.0,0.0,6.0,88.01,81.0,46.0,44.0,33.0,85.0,13.0,3.0,328.0,3.0,12.0,4.499488694466538,8.69219406885581,3.374616520849903
WAS,2017,4,77.0,0.0,8.0,71.66,77.0,47.0,45.0,21.0,63.0,15.0,4.0,285.0,1.0,8.0,5.6516885291655035,7.912363940831706,2.637454646943902
ARI,2017,5,79.0,2.0,8.0,93.68,72.0,33.0,28.0,36.0,104.0,11.0,3.0,340.0,5.0,7.0,2.6900085397096496,9.991460290350126,3.458582408198121
ATH,2017,5,80.0,0.0,4.0,86.66,75.0,44.0,40.0,37.0,87.0,7.0,5.0,329.0,1.0,7.0,4.154165705054235,9.035310408492961,3.8426032771751677
ATL,2017,5,91.0,0.0,7.0,98.0,77.0,46.0,42.0,39.0,86.0,12.0,4.0,360.0,3.0,8.0,3.8571428571428568,7.8979591836734695,3.5816326530612246
BAL,2017,5,76.0,3.0,7.0,109.66,116.0,57.0,51.0,32.0,87.0,15.0,9.0,422.0,7.0,11.0,4.185664782053621,7.140251687032646,2.626299471092468
BOS,2017,5,86.0,0.0,8.0,83.67,78.0,39.0,35.0,19.0,97.0,12.0,2.0,319.0,0.0,6.0,3.7647902474005015,10.433847257081391,2.0437432771602726
CHC,2017,5,82.0,0.0,6.0,108.34,92.0,46.0,42.0,46.0,114.0,16.0,4.0,402.0,1.0,11.0,3.48901606055012,9.470186450064611,3.8213033044120364
CHW,2017,5,86.0,1.0,3.0,97.33,71.0,43.0,40.0,40.0,99.0,9.0,4.0,349.0,4.0,9.0,3.698756806739957,9.154423096681393,3.698756806739957
CIN,2017,5,78.0,1.0,6.0,108.33,98.0,56.0,50.0,52.0,83.0,16.0,10.0,409.0,3.0,10.0,4.153973968429798,6.8955967875934645,4.32013292716699
CLE,2017,5,81.0,0.0,8.0,85.67,59.0,22.0,20.0,29.0,103.0,10.0,4.0,306.0,3.0,10.0,2.101085560873118,10.820590638496556,3.046574063266021
COL,2017,5,90.0,0.0,9.0,88.33,83.0,39.0,37.0,35.0,93.0,10.0,2.0,336.0,3.0,9.0,3.7699535831540816,9.475829276576475,3.566172308388996
DET,2017,5,75.0,0.0,6.0,80.99,68.0,36.0,32.0,26.0,74.0,14.0,1.0,307.0,6.0,4.0,3.555994567230522,8.223237436720584,2.889245585874799
HOU,2017,5,87.0,2.0,11.0,106.33,87.0,47.0,46.0,37.0,140.0,13.0,2.0,398.0,3.0,4.0,3.893538982413242,11.84990125082291,3.1317596162889116
KCR,2017,5,90.0,2.0,9.0,110.0,115.0,56.0,55.0,45.0,111.0,16.0,2.0,424.0,2.0,14.0,4.5,9.081818181818182,3.681818181818182
LAA,2017,5,85.0,0.0,5.0,88.99,66.0,35.0,32.0,33.0,100.0,7.0,2.0,318.0,4.0,6.0,3.2363186874929766,10.113495898415552,3.3374536464771327
LAD,2017,5,86.0,0.0,3.0,93.99,70.0,25.0,24.0,21.0,112.0,11.0,0.0,338.0,2.0,7.0,2.298116820938398,10.724545164379188,2.010852218321098
MIA,2017,5,91.0,0.0,3.0,94.33,98.0,59.0,51.0,49.0,98.0,9.0,9.0,371.0,6.0,6.0,4.865896321424786,9.350153715679,4.6750768578395
MIL,2017,5,96.0,3.0,8.0,106.32,98.0,54.0,48.0,45.0,100.0,11.0,6.0,399.0,4.0,12.0,4.063205417607224,8.465011286681717,3.809255079006772
MIN,2017,5,80.0,0.0,6.0,83.33,105.0,62.0,60.0,38.0,76.0,17.0,1.0,342.0,5.0,11.0,6.480259210368415,8.208328333133325,4.104164166566663
NYM,2017,5,107.0,3.0,5.0,114.66,120.0,65.0,61.0,54.0,113.0,16.0,7.0,447.0,3.0,6.0,4.788069073783359,8.869701726844584,4.238618524332811
NYY,2017,5,82.0,0.0,8.0,92.99,70.0,41.0,36.0,38.0,105.0,7.0,4.0,341.0,4.0,4.0,3.4842456178083667,10.162383051941069,3.67781481879772
PHI,2017,5,86.0,0.0,1.0,103.0,96.0,54.0,47.0,52.0,79.0,12.0,3.0,388.0,7.0,11.0,4.106796116504855,6.902912621359223,4.543689320388349
PIT,2017,5,89.0,0.0,4.0,112.33,113.0,43.0,41.0,39.0,112.0,10.0,3.0,439.0,3.0,8.0,3.284963945517671,8.973560046292175,3.124721801833882
SDP,2017,5,86.0,0.0,6.0,105.34,87.0,53.0,47.0,56.0,110.0,11.0,7.0,391.0,0.0,11.0,4.015568634896526,9.398139358268464,4.784507309663946
SEA,2017,5,96.0,1.0,6.0,103.34,92.0,49.0,45.0,33.0,92.0,18.0,5.0,393.0,4.0,7.0,3.9191019934197793,8.012386297658216,2.874008128507838
SFG,2017,5,89.0,0.0,9.0,86.01,81.0,34.0,31.0,40.0,72.0,3.0,8.0,322.0,4.0,11.0,3.2438088594349495,7.534007673526333,4.185559818625741
STL,2017,5,88.0,0.0,9.0,84.66,81.0,45.0,39.0,35.0,88.0,9.0,3.0,318.0,8.0,11.0,4.145995747696669,9.355067328136073,3.720765414599575
TBR,2017,5,96.0,3.0,11.0,113.0,100.0,61.0,56.0,50.0,99.0,12.0,2.0,419.0,8.0,8.0,4.460176991150442,7.88495575221239,3.9823008849557526
TEX,2017,5,86.0,2.0,7.0,100.02000000000001,107.0,62.0,58.0,48.0,82.0,16.0,4.0,390.0,6.0,7.0,5.218956208758248,7.378524295140971,4.319136172765447
TOR,2017,5,102.0,0.0,8.0,102.33,82.0,39.0,36.0,37.0,122.0,13.0,9.0,377.0,2.0,9.0,3.16622691292876,10.729991204925241,3.2541776605101145
WAS,2017,5,75.0,1.0,8.0,76.33,82.0,36.0,34.0,30.0,72.0,10.0,4.0,297.0,4.0,7.0,4.008908685968819,8.48945368793397,3.537272369972488
ARI,2017,6,79.0,1.0,7.0,78.66,69.0,30.0,24.0,29.0,79.0,6.0,0.0,297.0,6.0,3.0,2.745995423340961,9.038901601830663,3.3180778032036615
ATH,2017,6,88.0,0.0,8.0,96.99000000000001,106.0,63.0,61.0,32.0,102.0,20.0,6.0,384.0,3.0,5.0,5.660377358490566,9.46489328796783,2.9693782864212803
ATL,2017,6,91.0,0.0,7.0,90.33,85.0,40.0,37.0,35.0,90.0,11.0,6.0,348.0,3.0,5.0,3.6864828960478246,8.967120557954168,3.4872135503155097
BAL,2017,6,81.0,3.0,5.0,114.34,125.0,75.0,67.0,50.0,90.0,25.0,4.0,451.0,6.0,9.0,5.273744971138709,7.084135035857967,3.9356305754766487
BOS,2017,6,81.0,0.0,8.0,83.34,76.0,24.0,24.0,30.0,80.0,6.0,2.0,311.0,3.0,12.0,2.591792656587473,8.639308855291576,3.239740820734341
CHC,2017,6,87.0,0.0,7.0,85.33,70.0,36.0,35.0,30.0,101.0,10.0,4.0,316.0,2.0,5.0,3.6915504511895,10.652759873432556,3.1641861010195713
CHW,2017,6,89.0,0.0,4.0,96.33,104.0,63.0,59.0,45.0,93.0,13.0,4.0,379.0,7.0,10.0,5.512301463718467,8.688881968234195,4.204297726564933
CIN,2017,6,90.0,0.0,5.0,109.67,115.0,63.0,63.0,40.0,95.0,20.0,6.0,421.0,4.0,9.0,5.170055621409684,7.79611561958603,3.282574997720434
CLE,2017,6,88.0,0.0,3.0,90.66,74.0,39.0,33.0,30.0,102.0,12.0,2.0,335.0,2.0,8.0,3.2759761747187297,10.125744540039708,2.9781601588352085
COL,2017,6,88.0,0.0,7.0,89.0,90.0,54.0,53.0,37.0,92.0,15.0,4.0,343.0,2.0,8.0,5.359550561797753,9.303370786516854,3.741573033707865
DET,2017,6,73.0,0.0,2.0,78.01,83.0,48.0,48.0,35.0,61.0,11.0,3.0,294.0,4.0,13.0,5.537751570311498,7.037559287270863,4.037943853352134
HOU,2017,6,95.0,1.0,5.0,102.34,87.0,59.0,58.0,32.0,138.0,13.0,3.0,389.0,0.0,5.0,5.100644909126442,12.136017197576704,2.8141489153801054
KCR,2017,6,69.0,0.0,6.0,77.0,80.0,39.0,33.0,27.0,69.0,4.0,1.0,301.0,0.0,7.0,3.8571428571428568,8.064935064935064,3.155844155844156
LAA,2017,6,91.0,0.0,4.0,92.67,82.0,39.0,37.0,22.0,99.0,11.0,1.0,356.0,3.0,2.0,3.5933959210100355,9.614762058918744,2.136613790870832
LAD,2017,6,83.0,0.0,11.0,87.34,74.0,36.0,35.0,33.0,99.0,14.0,3.0,334.0,1.0,1.0,3.6065949164185938,10.201511335012594,3.4005037783375314
MIA,2017,6,101.0,2.0,7.0,103.63999999999999,111.0,58.0,56.0,39.0,105.0,7.0,2.0,404.0,4.0,9.0,4.862987263604786,9.118101119258974,3.386723272867619
MIL,2017,6,93.0,2.0,11.0,109.33,98.0,64.0,59.0,55.0,107.0,20.0,4.0,416.0,7.0,8.0,4.856855391932681,8.808195371810116,4.527577060276228
MIN,2017,6,84.0,0.0,8.0,104.33,111.0,55.0,47.0,32.0,75.0,13.0,5.0,410.0,5.0,4.0,4.054442633949966,6.469855266941436,2.7604715805616795
NYM,2017,6,79.0,1.0,6.0,89.66,99.0,51.0,50.0,41.0,105.0,13.0,3.0,360.0,7.0,4.0,5.018960517510596,10.539817086772251,4.115547624358689
NYY,2017,6,78.0,1.0,3.0,88.34,75.0,46.0,43.0,44.0,101.0,12.0,4.0,330.0,2.0,7.0,4.380801448947249,10.28978944985284,4.482680552411138
PHI,2017,6,82.0,0.0,5.0,84.33,98.0,53.0,50.0,34.0,91.0,8.0,4.0,331.0,5.0,8.0,5.3361792956243335,9.711846318036285,3.6286019210245466
PIT,2017,6,89.0,0.0,3.0,87.0,84.0,49.0,46.0,32.0,79.0,11.0,5.0,331.0,3.0,7.0,4.758620689655173,8.172413793103448,3.310344827586207
SDP,2017,6,83.0,0.0,8.0,84.67,77.0,47.0,44.0,21.0,102.0,14.0,7.0,313.0,2.0,10.0,4.676981221211763,10.842092830990905,2.232195582851069
SEA,2017,6,73.0,0.0,4.0,84.69,82.0,46.0,36.0,35.0,86.0,17.0,5.0,326.0,3.0,9.0,3.8257173219978746,9.139213602550479,3.7194473963868226
SFG,2017,6,82.0,0.0,2.0,86.99,97.0,53.0,52.0,36.0,84.0,12.0,2.0,342.0,3.0,8.0,5.379928727439935,8.690654098172205,3.7245660420738016
STL,2017,6,87.0,0.0,6.0,94.33,87.0,42.0,41.0,24.0,87.0,14.0,5.0,353.0,3.0,6.0,3.911799003498357,8.300646665959928,2.2898335630234286
TBR,2017,6,68.0,0.0,9.0,80.67,92.0,50.0,48.0,29.0,87.0,12.0,5.0,326.0,6.0,2.0,5.355150613611007,9.706210487169951,3.235403495723317
TEX,2017,6,75.0,1.0,4.0,84.66,96.0,50.0,43.0,42.0,89.0,14.0,7.0,337.0,1.0,8.0,4.571226080793764,9.461374911410347,4.4649184975194895
TOR,2017,6,85.0,0.0,8.0,86.67,68.0,40.0,35.0,30.0,99.0,10.0,1.0,318.0,5.0,6.0,3.634475597092419,10.280373831775702,3.115264797507788
WAS,2017,6,77.0,0.0,4.0,80.0,83.0,50.0,49.0,29.0,72.0,14.0,4.0,309.0,3.0,11.0,5.5125,8.1,3.2624999999999997
ARI,2017,7,68.0,0.0,2.0,67.97999999999999,74.0,31.0,29.0,22.0,62.0,9.0,1.0,274.0,4.0,3.0,3.83936451897617,8.208296557811122,2.9126213592233015
ATH,2017,7,59.0,0.0,2.0,55.33,56.0,31.0,28.0,28.0,62.0,9.0,3.0,212.0,0.0,6.0,4.554491234411712,10.084944876197362,4.554491234411712
ATL,2017,7,87.0,0.0,6.0,81.99,96.0,61.0,58.0,41.0,81.0,14.0,2.0,331.0,3.0,4.0,6.366630076838639,8.891328210757411,4.500548847420418
BAL,2017,7,79.0,0.0,4.0,90.0,78.0,35.0,32.0,19.0,81.0,12.0,3.0,336.0,0.0,9.0,3.2,8.1,1.9
BOS,2017,7,69.0,0.0,3.0,81.66,67.0,30.0,28.0,26.0,87.0,10.0,4.0,295.0,2.0,10.0,3.085966201322557,9.588537839823658,2.8655400440852317
CHC,2017,7,76.0,0.0,6.0,76.0,51.0,28.0,27.0,45.0,81.0,5.0,2.0,266.0,2.0,11.0,3.1973684210526314,9.592105263157896,5.328947368421052
CHW,2017,7,49.0,0.0,,50.0,60.0,34.0,32.0,25.0,39.0,14.0,7.0,199.0,3.0,7.0,5.76,7.0200000000000005,4.5
CIN,2017,7,76.0,0.0,3.0,90.99,83.0,52.0,49.0,36.0,106.0,19.0,4.0,343.0,2.0,7.0,4.8466864490603365,10.484668644906035,3.560830860534125
CLE,2017,7,75.0,0.0,5.0,77.35000000000001,75.0,34.0,29.0,25.0,69.0,8.0,4.0,294.0,3.0,11.0,3.3742727860374915,8.028442146089205,2.90885585003232
COL,2017,7,65.0,0.0,7.0,68.0,86.0,41.0,38.0,32.0,54.0,13.0,3.0,272.0,1.0,13.0,5.029411764705882,7.147058823529411,4.235294117647059
DET,2017,7,79.0,0.0,6.0,82.69,79.0,51.0,51.0,41.0,70.0,12.0,7.0,312.0,3.0,10.0,5.55085258193252,7.618817269319144,4.462450114886927
HOU,2017,7,81.0,3.0,5.0,94.0,101.0,64.0,64.0,33.0,105.0,20.0,2.0,371.0,1.0,7.0,6.127659574468085,10.053191489361701,3.1595744680851063
KCR,2017,7,90.0,0.0,6.0,90.34,69.0,26.0,21.0,34.0,74.0,4.0,3.0,328.0,3.0,10.0,2.0920965242417533,7.372149656851892,3.38720389639141
LAA,2017,7,67.0,1.0,5.0,73.33,74.0,43.0,42.0,30.0,64.0,11.0,0.0,276.0,2.0,7.0,5.154779762716487,7.8549024955679805,3.6819855447974907
LAD,2017,7,74.0,1.0,10.0,81.66,60.0,26.0,21.0,18.0,77.0,8.0,1.0,301.0,3.0,5.0,2.314474650991918,8.486407053637032,1.9838354151359296
MIA,2017,7,76.0,1.0,,79.66,78.0,42.0,42.0,42.0,68.0,8.0,9.0,300.0,2.0,9.0,4.745166959578207,7.682651267888527,4.745166959578207
MIL,2017,7,87.0,1.0,6.0,94.01,102.0,56.0,55.0,41.0,114.0,19.0,6.0,373.0,6.0,8.0,5.26539729815977,10.91373258164025,3.9251143495372833
MIN,2017,7,80.0,0.0,7.0,86.33,102.0,49.0,46.0,22.0,79.0,14.0,5.0,344.0,5.0,12.0,4.795551951812811,8.235839221591567,2.293524846519171
NYM,2017,7,91.0,0.0,14.0,87.68,96.0,49.0,47.0,41.0,88.0,10.0,2.0,345.0,1.0,4.0,4.8243613138686126,9.032846715328466,4.208485401459853
NYY,2017,7,99.0,1.0,6.0,113.0,88.0,37.0,36.0,47.0,142.0,11.0,9.0,416.0,5.0,4.0,2.8672566371681416,11.309734513274336,3.743362831858407
PHI,2017,7,76.0,0.0,5.0,80.66,79.0,34.0,33.0,26.0,80.0,9.0,2.0,315.0,2.0,4.0,3.682122489461939,8.926357550210762,2.9010662038184973
PIT,2017,7,71.0,0.0,7.0,80.01,69.0,24.0,22.0,29.0,70.0,8.0,2.0,290.0,2.0,10.0,2.4746906636670416,7.874015748031495,3.262092238470191
SDP,2017,7,92.0,0.0,10.0,95.68,83.0,42.0,40.0,26.0,102.0,17.0,1.0,357.0,0.0,6.0,3.7625418060200664,9.59448160535117,2.4456521739130435
SEA,2017,7,88.0,2.0,8.0,97.34,81.0,31.0,26.0,42.0,107.0,5.0,3.0,364.0,7.0,8.0,2.403944935278406,9.893158002876515,3.8832956646805012
SFG,2017,7,78.0,0.0,6.0,76.33,79.0,37.0,35.0,39.0,69.0,9.0,4.0,289.0,7.0,6.0,4.126817764967903,8.135726450936723,4.598454080964234
STL,2017,7,89.0,1.0,6.0,83.67,75.0,27.0,24.0,26.0,86.0,7.0,6.0,309.0,7.0,6.0,2.5815704553603442,9.250627465041232,2.796701326640373
TBR,2017,7,92.0,0.0,9.0,92.97999999999999,76.0,42.0,39.0,37.0,78.0,12.0,7.0,340.0,5.0,10.0,3.775005377500538,7.550010755001076,3.581415358141536
TEX,2017,7,61.0,1.0,4.0,79.67,75.0,45.0,38.0,42.0,82.0,12.0,3.0,302.0,6.0,11.0,4.292707418099661,9.263210744320322,4.744571356846993
TOR,2017,7,93.0,1.0,7.0,110.64999999999999,113.0,81.0,75.0,44.0,111.0,21.0,7.0,427.0,1.0,10.0,6.100316312697696,9.02846814279259,3.578852236782648
WAS,2017,7,92.0,0.0,7.0,89.01,80.0,45.0,41.0,33.0,100.0,12.0,3.0,335.0,5.0,6.0,4.145601617795753,10.11122345803842,3.336703741152679
ARI,2017,8,95.0,1.0,13.0,92.34,95.0,62.0,59.0,46.0,84.0,17.0,3.0,361.0,7.0,10.0,5.750487329434698,8.187134502923977,4.483430799220272
ATH,2017,8,89.0,0.0,6.0,96.0,89.0,50.0,46.0,37.0,88.0,16.0,6.0,364.0,4.0,9.0,4.3125,8.25,3.46875
ATL,2017,8,90.0,0.0,7.0,87.0,76.0,48.0,48.0,42.0,77.0,12.0,8.0,325.0,3.0,6.0,4.9655172413793105,7.9655172413793105,4.344827586206897
BAL,2017,8,79.0,0.0,6.0,91.01,73.0,30.0,29.0,39.0,70.0,11.0,3.0,324.0,0.0,16.0,2.867816723436985,6.922316228985824,3.8567190418635313
BOS,2017,8,86.0,0.0,6.0,80.33,73.0,39.0,37.0,30.0,90.0,13.0,4.0,298.0,0.0,4.0,4.145400224075688,10.083405950454377,3.3611353168181255
CHC,2017,8,97.0,2.0,6.0,103.64999999999999,90.0,54.0,51.0,46.0,98.0,21.0,2.0,388.0,4.0,7.0,4.42836468885673,8.509406657018813,3.994211287988423
CHW,2017,8,88.0,2.0,3.0,99.0,109.0,73.0,72.0,58.0,67.0,21.0,10.0,384.0,2.0,13.0,6.545454545454546,6.090909090909091,5.2727272727272725
CIN,2017,8,80.0,1.0,7.0,96.01,107.0,55.0,52.0,45.0,96.0,11.0,7.0,376.0,4.0,6.0,4.874492240391626,8.999062597646079,4.218310592646599
CLE,2017,8,75.0,0.0,3.0,72.0,58.0,29.0,29.0,17.0,84.0,8.0,2.0,266.0,0.0,5.0,3.625,10.5,2.125
COL,2017,8,92.0,4.0,6.0,110.32,113.0,59.0,56.0,34.0,91.0,10.0,3.0,422.0,0.0,13.0,4.568527918781727,7.423857868020305,2.773749093546048
DET,2017,8,85.0,2.0,7.0,95.67,118.0,61.0,56.0,40.0,86.0,14.0,3.0,381.0,5.0,12.0,5.268109125117592,8.090310442144872,3.762935089369708
HOU,2017,8,90.0,0.0,8.0,95.33,83.0,32.0,25.0,41.0,107.0,8.0,6.0,352.0,6.0,14.0,2.3602223853980906,10.101751809503828,3.870764712052869
KCR,2017,8,92.0,0.0,4.0,96.64999999999999,102.0,60.0,55.0,38.0,83.0,15.0,3.0,377.0,4.0,13.0,5.121572684945681,7.728918779099845,3.538541127780652
LAA,2017,8,84.0,0.0,12.0,98.0,84.0,26.0,24.0,20.0,112.0,7.0,1.0,369.0,5.0,5.0,2.204081632653061,10.285714285714285,1.836734693877551
LAD,2017,8,108.0,1.0,10.0,109.67,84.0,46.0,46.0,35.0,128.0,15.0,5.0,402.0,4.0,6.0,3.7749612473784993,10.50423999270539,2.8722531230053794
MIA,2017,8,98.0,2.0,10.0,114.34,101.0,54.0,49.0,33.0,99.0,13.0,5.0,420.0,3.0,10.0,3.856917963967115,7.792548539443764,2.597516179814588
MIL,2017,8,82.0,0.0,14.0,87.99,72.0,26.0,24.0,46.0,104.0,7.0,7.0,321.0,2.0,8.0,2.4548244118649847,10.637572451414934,4.7050801227412204
MIN,2017,8,80.0,2.0,8.0,102.0,74.0,40.0,39.0,24.0,96.0,12.0,6.0,365.0,3.0,9.0,3.441176470588235,8.470588235294118,2.1176470588235294
NYM,2017,8,96.0,0.0,6.0,100.33,79.0,44.0,40.0,51.0,107.0,15.0,3.0,365.0,5.0,6.0,3.5881590750523276,9.598325525764977,4.574902820691717
NYY,2017,8,76.0,0.0,8.0,96.01,75.0,43.0,42.0,37.0,114.0,14.0,6.0,355.0,2.0,3.0,3.9370898864701593,10.686386834704717,3.468388709509426
PHI,2017,8,86.0,0.0,8.0,94.34,104.0,55.0,52.0,39.0,90.0,11.0,6.0,375.0,4.0,5.0,4.960780156879372,8.585965656137375,3.7205851176595295
PIT,2017,8,84.0,0.0,8.0,91.0,94.0,62.0,56.0,39.0,86.0,18.0,6.0,363.0,1.0,4.0,5.538461538461538,8.505494505494505,3.8571428571428568
SDP,2017,8,84.0,0.0,8.0,84.67,70.0,50.0,48.0,39.0,87.0,21.0,4.0,311.0,6.0,8.0,5.102161332231015,9.247667414668713,4.1455060824376995
SEA,2017,8,88.0,0.0,11.0,101.01,102.0,51.0,46.0,38.0,93.0,11.0,7.0,384.0,3.0,7.0,4.098604098604098,8.286308286308286,3.3858033858033854
SFG,2017,8,78.0,2.0,7.0,88.68,90.0,51.0,43.0,34.0,88.0,11.0,6.0,351.0,3.0,3.0,4.364005412719892,8.930987821380242,3.450608930987821
STL,2017,8,97.0,0.0,8.0,90.33,84.0,47.0,44.0,31.0,93.0,11.0,7.0,348.0,5.0,4.0,4.383925606110927,9.266024576552642,3.0886748588508803
TBR,2017,8,83.0,0.0,11.0,89.33,62.0,26.0,25.0,24.0,86.0,11.0,1.0,319.0,4.0,8.0,2.5187506996529723,8.664502406806225,2.418000671666853
TEX,2017,8,70.0,0.0,5.0,82.01,73.0,38.0,33.0,35.0,68.0,8.0,5.0,309.0,0.0,9.0,3.621509572003414,7.462504572613096,3.8409950006096816
TOR,2017,8,99.0,1.0,9.0,96.99,108.0,58.0,54.0,40.0,106.0,13.0,7.0,390.0,3.0,7.0,5.010825858335911,9.836065573770492,3.711722858026601
WAS,2017,8,89.0,1.0,10.0,89.33,78.0,36.0,36.0,28.0,75.0,8.0,4.0,332.0,3.0,7.0,3.62700100750028,7.556252098958916,2.821000783611329
ARI,2017,9,105.0,1.0,7.0,85.67,78.0,44.0,40.0,31.0,77.0,8.0,3.0,319.0,0.0,10.0,4.202171121746236,8.089179409361503,3.2566826193533327
ATH,2017,9,109.0,1.0,7.0,104.01,102.0,56.0,54.0,36.0,92.0,15.0,6.0,402.0,3.0,5.0,4.6726276319584645,7.9607730025959045,3.1150850879723104
ATL,2017,9,93.0,0.0,4.0,89.98,88.0,51.0,44.0,40.0,92.0,8.0,6.0,343.0,5.0,9.0,4.400977995110024,9.202044898866415,4.000889086463658
BAL,2017,9,99.0,3.0,3.0,126.33,122.0,71.0,66.0,53.0,96.0,20.0,8.0,478.0,6.0,16.0,4.701971028259321,6.839230586559013,3.7758252196627877
BOS,2017,9,114.0,0.0,6.0,114.35000000000001,85.0,37.0,34.0,37.0,142.0,14.0,2.0,418.0,5.0,5.0,2.6759947529514645,11.176213379973763,2.912111937035417
CHC,2017,9,95.0,0.0,6.0,93.0,89.0,49.0,48.0,50.0,121.0,8.0,7.0,347.0,2.0,9.0,4.64516129032258,11.709677419354838,4.838709677419354
CHW,2017,9,95.0,4.0,6.0,104.01,104.0,72.0,68.0,47.0,81.0,22.0,8.0,401.0,3.0,6.0,5.884049610614364,7.008941447937698,4.066916642630516
CIN,2017,9,81.0,1.0,5.0,85.67,82.0,58.0,54.0,54.0,75.0,14.0,4.0,330.0,4.0,6.0,5.6729310143574185,7.879070853274192,5.6729310143574185
CLE,2017,9,94.0,0.0,10.0,80.64999999999999,74.0,23.0,23.0,17.0,89.0,6.0,1.0,305.0,0.0,14.0,2.566646001239926,9.931804091754497,1.8970861748295103
COL,2017,9,118.0,3.0,6.0,109.68,111.0,62.0,57.0,45.0,119.0,10.0,2.0,427.0,3.0,8.0,4.677242888402625,9.764770240700217,3.6925601750547044
DET,2017,9,129.0,9.0,3.0,154.00000000000003,221.0,135.0,132.0,72.0,112.0,29.0,9.0,655.0,5.0,16.0,7.714285714285713,6.545454545454545,4.207792207792207
HOU,2017,9,98.0,0.0,10.0,89.34,87.0,51.0,49.0,40.0,106.0,17.0,3.0,349.0,5.0,5.0,4.93619879113499,10.678307588985895,4.029550033579584
KCR,2017,9,105.0,0.0,11.0,106.0,102.0,58.0,53.0,51.0,88.0,14.0,6.0,404.0,3.0,11.0,4.5,7.471698113207547,4.330188679245283
LAA,2017,9,123.0,0.0,8.0,110.66,108.0,63.0,60.0,33.0,116.0,19.0,4.0,416.0,2.0,9.0,4.879812036869691,9.434303271281403,2.6838966202783303
LAD,2017,9,112.0,1.0,7.0,108.0,110.0,69.0,63.0,53.0,131.0,17.0,2.0,423.0,6.0,12.0,5.25,10.916666666666668,4.416666666666667
MIA,2017,9,108.0,1.0,4.0,116.35000000000001,134.0,78.0,72.0,62.0,100.0,18.0,5.0,457.0,8.0,16.0,5.569402664374731,7.735281478298238,4.795874516544907
MIL,2017,9,115.0,3.0,8.0,114.66,87.0,48.0,47.0,44.0,134.0,13.0,2.0,410.0,9.0,10.0,3.689167974882261,10.518053375196233,3.4536891679748822
MIN,2017,9,113.0,1.0,4.0,107.67,104.0,51.0,49.0,39.0,93.0,16.0,4.0,412.0,6.0,11.0,4.095848425745333,7.773753134577876,3.2599609919197547
NYM,2017,9,115.0,2.0,4.0,114.32,122.0,79.0,74.0,53.0,100.0,21.0,4.0,451.0,3.0,6.0,5.825752274317705,7.872638208537439,4.172498250524843
NYY,2017,9,86.0,0.0,6.0,91.68,56.0,28.0,28.0,40.0,124.0,5.0,4.0,319.0,0.0,5.0,2.7486910994764395,12.172774869109947,3.9267015706806276
PHI,2017,9,96.0,0.0,9.0,97.01,74.0,32.0,30.0,39.0,113.0,10.0,1.0,359.0,5.0,4.0,2.7832182249252653,10.483455313885166,3.618183692402845
PIT,2017,9,90.0,1.0,5.0,86.66,68.0,32.0,30.0,48.0,79.0,6.0,2.0,309.0,4.0,8.0,3.1156242787906763,8.204477267482114,4.984998846065082
SDP,2017,9,92.0,0.0,7.0,97.32,101.0,53.0,47.0,29.0,94.0,21.0,6.0,375.0,1.0,11.0,4.34648581997534,8.69297163995068,2.681874229346486
SEA,2017,9,96.0,3.0,4.0,96.0,92.0,47.0,43.0,31.0,95.0,14.0,1.0,366.0,3.0,8.0,4.03125,8.90625,2.90625
SFG,2017,9,95.0,1.0,2.0,89.34,80.0,49.0,48.0,38.0,80.0,11.0,1.0,342.0,7.0,4.0,4.835460040295501,8.059100067159168,3.828072531900604
STL,2017,9,106.0,2.0,6.0,112.33,97.0,41.0,39.0,36.0,110.0,14.0,5.0,410.0,4.0,16.0,3.124721801833882,8.813317902608386,2.884358586308199
TBR,2017,9,115.0,1.0,7.0,116.33000000000001,103.0,48.0,42.0,40.0,124.0,11.0,5.0,442.0,5.0,7.0,3.2493767729734375,9.593398091635862,3.094644545688988
TEX,2017,9,98.0,2.0,7.0,103.33,121.0,77.0,75.0,46.0,84.0,16.0,10.0,418.0,3.0,7.0,6.532468789315785,7.316365044033679,4.006580857447014
TOR,2017,9,108.0,0.0,6.0,109.68,90.0,41.0,39.0,28.0,107.0,16.0,3.0,410.0,2.0,9.0,3.2002188183807436,8.780087527352297,2.2975929978118157
WAS,2017,9,92.0,0.0,10.0,82.32,60.0,26.0,23.0,23.0,79.0,5.0,5.0,297.0,0.0,5.0,2.514577259475219,8.637026239067056,2.514577259475219
ARI,2018,4,90.0,0.0,11.0,96.33,68.0,25.0,21.0,31.0,90.0,6.0,2.0,342.0,5.0,12.0,1.9620056057303021,8.408595453129866,2.8962939894113986
ATH,2018,4,96.0,0.0,4.0,108.34,124.0,67.0,59.0,29.0,89.0,23.0,2.0,433.0,3.0,8.0,4.901236846963264,7.3933911759276345,2.4090825179988924
ATL,2018,4,103.0,0.0,4.0,101.99,79.0,51.0,46.0,70.0,108.0,5.0,7.0,367.0,9.0,9.0,4.059221492303167,9.530346112363958,6.177076183939602
BAL,2018,4,82.0,2.0,5.0,111.02000000000001,108.0,61.0,55.0,44.0,109.0,13.0,8.0,427.0,4.0,4.0,4.45865609800036,8.836245721491622,3.566924878400288
BOS,2018,4,84.0,3.0,9.0,112.67,97.0,41.0,41.0,39.0,117.0,9.0,4.0,418.0,0.0,9.0,3.2750510339930767,9.345877340907073,3.1152924469690246
CHC,2018,4,91.0,0.0,8.0,95.0,73.0,31.0,27.0,46.0,96.0,5.0,4.0,344.0,0.0,11.0,2.557894736842105,9.094736842105263,4.3578947368421055
CHW,2018,4,92.0,2.0,6.0,106.01,112.0,58.0,54.0,50.0,110.0,11.0,5.0,409.0,2.0,12.0,4.584473162909159,9.338741628148288,4.244882558249222
CIN,2018,4,98.0,1.0,3.0,110.99,111.0,69.0,64.0,56.0,103.0,15.0,7.0,427.0,7.0,5.0,5.189656725831156,8.352103793134516,4.540949635102262
CLE,2018,4,74.0,0.0,7.0,74.34,65.0,38.0,36.0,18.0,74.0,10.0,6.0,287.0,2.0,5.0,4.358353510895884,8.958837772397095,2.179176755447942
COL,2018,4,98.0,0.0,10.0,105.0,93.0,59.0,57.0,42.0,111.0,11.0,6.0,391.0,0.0,11.0,4.885714285714285,9.514285714285714,3.6
DET,2018,4,91.0,2.0,5.0,107.66,109.0,62.0,58.0,52.0,97.0,14.0,4.0,418.0,4.0,8.0,4.848597436373769,8.108861229797512,4.347018391231655
HOU,2018,4,84.0,0.0,6.0,81.66,63.0,26.0,25.0,22.0,90.0,7.0,2.0,302.0,1.0,6.0,2.7553269654665686,9.919177075679649,2.4246877296105804
KCR,2018,4,85.0,0.0,6.0,89.67,105.0,73.0,64.0,42.0,63.0,14.0,6.0,353.0,4.0,13.0,6.4235530277684845,6.323185011709602,4.215456674473067
LAA,2018,4,115.0,0.0,8.0,124.0,115.0,44.0,43.0,50.0,124.0,18.0,6.0,469.0,5.0,9.0,3.120967741935484,9.0,3.629032258064516
LAD,2018,4,97.0,1.0,4.0,96.33,92.0,48.0,45.0,45.0,111.0,14.0,2.0,373.0,3.0,7.0,4.204297726564933,10.370601058860167,4.204297726564933
MIA,2018,4,98.0,1.0,4.0,110.68,113.0,73.0,67.0,54.0,129.0,16.0,7.0,427.0,7.0,6.0,5.448138778460426,10.489700036140224,4.391037224430791
MIL,2018,4,99.0,1.0,8.0,114.99,83.0,37.0,32.0,42.0,139.0,6.0,4.0,409.0,6.0,15.0,2.5045656144012525,10.87920688755544,3.287242368901644
MIN,2018,4,88.0,0.0,3.0,90.33,109.0,63.0,58.0,39.0,94.0,17.0,5.0,371.0,6.0,7.0,5.778811026237131,9.365659249418798,3.8857522417801396
NYM,2018,4,90.0,0.0,10.0,94.33,73.0,36.0,35.0,42.0,104.0,9.0,5.0,344.0,3.0,7.0,3.3393406127425,9.922612106434855,4.007208735291
NYY,2018,4,88.0,0.0,6.0,104.32,85.0,52.0,43.0,45.0,145.0,11.0,1.0,391.0,1.0,5.0,3.7097392638036815,12.509585889570554,3.88228527607362
PHI,2018,4,102.0,0.0,6.0,100.35000000000001,79.0,39.0,36.0,45.0,103.0,8.0,7.0,369.0,7.0,10.0,3.2286995515695067,9.237668161434977,4.0358744394618835
PIT,2018,4,85.0,0.0,6.0,90.33,90.0,45.0,44.0,36.0,92.0,9.0,2.0,354.0,1.0,5.0,4.383925606110927,9.166389903686484,3.5868482231816676
SDP,2018,4,99.0,1.0,6.0,123.0,102.0,65.0,51.0,46.0,136.0,10.0,4.0,457.0,3.0,9.0,3.7317073170731705,9.951219512195122,3.3658536585365852
SEA,2018,4,88.0,0.0,11.0,96.0,77.0,42.0,41.0,32.0,109.0,13.0,12.0,358.0,1.0,5.0,3.84375,10.21875,3.0
SFG,2018,4,98.0,0.0,8.0,106.68,107.0,51.0,44.0,43.0,96.0,9.0,6.0,414.0,4.0,10.0,3.712035995500562,8.09898762654668,3.6276715410573677
STL,2018,4,96.0,0.0,7.0,92.33,92.0,40.0,37.0,45.0,88.0,9.0,7.0,351.0,5.0,12.0,3.6066283981371168,8.577927000974764,4.386439943680277
TBR,2018,4,87.0,4.0,6.0,116.0,119.0,71.0,63.0,48.0,107.0,13.0,9.0,454.0,4.0,10.0,4.887931034482759,8.301724137931034,3.7241379310344827
TEX,2018,4,103.0,0.0,8.0,101.0,105.0,58.0,52.0,43.0,93.0,10.0,6.0,393.0,2.0,11.0,4.633663366336634,8.287128712871288,3.8316831683168315
TOR,2018,4,96.0,0.0,8.0,90.67,84.0,24.0,23.0,28.0,93.0,10.0,3.0,343.0,0.0,7.0,2.2830043013124515,9.23127826182861,2.779309584206463
WAS,2018,4,100.0,2.0,8.0,102.0,95.0,65.0,60.0,45.0,112.0,16.0,6.0,382.0,7.0,7.0,5.294117647058823,9.882352941176471,3.9705882352941178
ARI,2018,5,92.0,0.0,4.0,87.33,71.0,30.0,30.0,30.0,71.0,10.0,4.0,317.0,2.0,8.0,3.091721058055651,7.317073170731707,3.091721058055651
ATH,2018,5,83.0,1.0,10.0,103.32,88.0,31.0,29.0,49.0,101.0,5.0,1.0,380.0,4.0,13.0,2.526132404181185,8.797909407665506,4.2682926829268295
ATL,2018,5,93.0,3.0,9.0,112.0,101.0,45.0,42.0,39.0,112.0,12.0,6.0,420.0,3.0,12.0,3.375,9.0,3.133928571428571
BAL,2018,5,73.0,0.0,6.0,93.67,99.0,47.0,45.0,51.0,81.0,6.0,3.0,363.0,3.0,16.0,4.323689548414647,7.782641187146365,4.900181488203266
BOS,2018,5,85.0,0.0,12.0,97.01,81.0,31.0,30.0,33.0,105.0,11.0,2.0,361.0,2.0,8.0,2.7832182249252653,9.74126378723843,3.061540047417792
CHC,2018,5,98.0,1.0,6.0,108.99,73.0,34.0,32.0,50.0,108.0,8.0,2.0,386.0,4.0,10.0,2.642444260941371,8.918249380677127,4.128819157720892
CHW,2018,5,84.0,0.0,5.0,86.99,90.0,44.0,36.0,34.0,86.0,10.0,3.0,344.0,1.0,6.0,3.7245660420738016,8.897574433842971,3.5176457064030346
CIN,2018,5,97.0,0.0,9.0,113.66,100.0,40.0,37.0,43.0,110.0,10.0,3.0,422.0,5.0,15.0,2.9297906035544607,8.710188280837587,3.404891782509238
CLE,2018,5,91.0,2.0,4.0,85.33,106.0,76.0,73.0,37.0,81.0,23.0,6.0,356.0,3.0,7.0,7.699519512480956,8.543302472752842,3.9024961912574714
COL,2018,5,77.0,0.0,9.0,82.34,73.0,37.0,37.0,35.0,77.0,12.0,3.0,303.0,0.0,11.0,4.044206946805927,8.416322564974497,3.8256011658974978
DET,2018,5,103.0,3.0,9.0,117.01,116.0,57.0,51.0,39.0,108.0,11.0,3.0,443.0,4.0,14.0,3.922741646013161,8.306982309204342,2.9997436116571228
HOU,2018,5,81.0,0.0,7.0,73.33,67.0,26.0,26.0,17.0,84.0,7.0,0.0,278.0,0.0,2.0,3.191054138824492,10.309559525432974,2.086458475385245
KCR,2018,5,84.0,1.0,8.0,103.68,103.0,51.0,49.0,36.0,87.0,16.0,2.0,398.0,1.0,8.0,4.253472222222221,7.552083333333333,3.125
LAA,2018,5,89.0,0.0,4.0,91.34,95.0,51.0,47.0,40.0,93.0,8.0,4.0,354.0,5.0,10.0,4.63104882855266,9.163564703306326,3.941318151959711
LAD,2018,5,96.0,1.0,10.0,96.01,85.0,40.0,38.0,34.0,97.0,8.0,6.0,361.0,5.0,7.0,3.562128944901573,9.092802833038224,3.1871680033329857
MIA,2018,5,83.0,0.0,6.0,87.67,106.0,68.0,62.0,47.0,75.0,8.0,2.0,364.0,4.0,7.0,6.364777004676628,7.699327021786243,4.824911600319379
MIL,2018,5,83.0,0.0,9.0,96.67,74.0,30.0,27.0,41.0,104.0,13.0,0.0,345.0,3.0,7.0,2.5137064239164166,9.682424743974346,3.81710975483604
MIN,2018,5,92.0,0.0,8.0,95.66,84.0,30.0,29.0,25.0,94.0,12.0,6.0,352.0,4.0,9.0,2.728413129834832,8.8438218691198,2.352080284340372
NYM,2018,5,88.0,1.0,7.0,109.99,117.0,64.0,59.0,40.0,99.0,17.0,2.0,430.0,7.0,6.0,4.827711610146377,8.100736430584599,3.2730248204382217
NYY,2018,5,74.0,0.0,7.0,84.33,63.0,38.0,34.0,34.0,110.0,12.0,3.0,307.0,1.0,3.0,3.6286019210245466,11.739594450373534,3.6286019210245466
PHI,2018,5,83.0,0.0,8.0,79.99,80.0,38.0,36.0,31.0,82.0,9.0,3.0,307.0,4.0,9.0,4.050506313289161,9.226153269158644,3.487935991999
PIT,2018,5,84.0,0.0,6.0,91.68,96.0,49.0,44.0,32.0,101.0,9.0,5.0,366.0,5.0,5.0,4.319371727748691,9.914921465968586,3.141361256544503
SDP,2018,5,85.0,3.0,11.0,111.34,112.0,46.0,45.0,39.0,102.0,15.0,5.0,425.0,2.0,10.0,3.6375067361235853,8.245015268546794,3.152505837973774
SEA,2018,5,99.0,0.0,8.0,92.01,85.0,39.0,34.0,36.0,109.0,5.0,5.0,344.0,4.0,11.0,3.3257254646234102,10.661884577763287,3.5213563743071403
SFG,2018,5,93.0,0.0,4.0,98.66,100.0,58.0,53.0,37.0,93.0,11.0,3.0,385.0,2.0,8.0,4.834786134198256,8.483681329819582,3.375228055949726
STL,2018,5,91.0,0.0,6.0,87.35000000000001,89.0,53.0,52.0,31.0,77.0,13.0,1.0,341.0,4.0,6.0,5.3577561534058376,7.933600457927875,3.1940469376073266
TBR,2018,5,100.0,11.0,10.0,161.02999999999997,128.0,74.0,69.0,51.0,151.0,20.0,3.0,596.0,5.0,13.0,3.856424268769795,8.439421225858537,2.850400546482023
TEX,2018,5,86.0,0.0,6.0,95.67,87.0,44.0,35.0,30.0,84.0,10.0,6.0,364.0,1.0,6.0,3.292568203198495,7.902163687676388,2.8222013170272815
TOR,2018,5,94.0,0.0,6.0,99.67,108.0,62.0,55.0,50.0,92.0,13.0,5.0,388.0,0.0,10.0,4.966389083977124,8.307414467743554,4.514899167251931
WAS,2018,5,83.0,0.0,11.0,71.99,68.0,26.0,24.0,21.0,74.0,7.0,4.0,274.0,3.0,6.0,3.000416724545076,9.25128490068065,2.6253646339769414
ARI,2018,6,93.0,0.0,8.0,93.99,82.0,30.0,27.0,36.0,82.0,9.0,3.0,347.0,2.0,17.0,2.5853814235556976,7.851899138206193,3.4471752314075967
ATH,2018,6,84.0,0.0,11.0,94.0,66.0,33.0,32.0,36.0,102.0,14.0,4.0,341.0,2.0,9.0,3.0638297872340425,9.76595744680851,3.4468085106382977
ATL,2018,6,85.0,0.0,7.0,90.0,82.0,54.0,53.0,39.0,87.0,9.0,4.0,333.0,4.0,8.0,5.3,8.7,3.9000000000000004
BAL,2018,6,87.0,0.0,3.0,92.02000000000001,109.0,51.0,49.0,49.0,76.0,8.0,7.0,363.0,7.0,11.0,4.792436426863724,7.433166702890675,4.792436426863724
BOS,2018,6,72.0,1.0,6.0,81.67,61.0,29.0,28.0,37.0,85.0,6.0,2.0,300.0,1.0,5.0,3.085588343332925,9.366964613689237,4.07738459654708
CHC,2018,6,99.0,1.0,7.0,103.67,95.0,51.0,48.0,55.0,105.0,12.0,2.0,391.0,6.0,9.0,4.167068583003762,9.11546252532073,4.7747660846918105
CHW,2018,6,101.0,2.0,7.0,98.66,84.0,47.0,40.0,53.0,99.0,8.0,3.0,368.0,5.0,8.0,3.648895195621326,9.031015609162782,4.834786134198256
CIN,2018,6,82.0,0.0,9.0,91.68,84.0,44.0,38.0,37.0,72.0,8.0,4.0,341.0,4.0,7.0,3.730366492146597,7.0680628272251305,3.632198952879581
CLE,2018,6,77.0,0.0,7.0,69.32,52.0,29.0,26.0,18.0,67.0,11.0,2.0,256.0,4.0,3.0,3.375649163300635,8.698788228505483,2.336987882285055
COL,2018,6,88.0,0.0,7.0,83.33,103.0,84.0,72.0,52.0,77.0,12.0,7.0,338.0,5.0,9.0,7.7763110524420975,8.316332653306132,5.61622464898596
DET,2018,6,82.0,1.0,8.0,90.01,98.0,54.0,53.0,38.0,79.0,17.0,9.0,361.0,3.0,6.0,5.29941117653594,7.899122319742251,3.799577824686146
HOU,2018,6,75.0,0.0,6.0,81.33,53.0,18.0,16.0,20.0,111.0,5.0,7.0,284.0,2.0,8.0,1.7705643673921063,12.283290298782738,2.213205459240133
KCR,2018,6,65.0,0.0,3.0,72.34,73.0,46.0,44.0,40.0,55.0,10.0,2.0,272.0,4.0,11.0,5.474149847940282,6.842687309925353,4.976499861763893
LAA,2018,6,88.0,0.0,8.0,95.34,87.0,48.0,46.0,40.0,93.0,20.0,4.0,354.0,1.0,10.0,4.34235368156073,8.779106356198866,3.775959723096287
LAD,2018,6,102.0,2.0,10.0,106.01,100.0,53.0,44.0,39.0,92.0,12.0,6.0,403.0,5.0,7.0,3.735496651259315,7.810583907178567,3.311008395434393
MIA,2018,6,95.0,2.0,8.0,124.67,95.0,49.0,46.0,51.0,105.0,13.0,2.0,446.0,11.0,15.0,3.3207668244164594,7.580011229646265,3.681719740113901
MIL,2018,6,78.0,0.0,4.0,77.67,77.0,42.0,39.0,44.0,97.0,9.0,3.0,302.0,4.0,4.0,4.5191193511008105,11.239860950173812,5.098493626882966
MIN,2018,6,85.0,0.0,6.0,89.33,99.0,52.0,48.0,23.0,98.0,12.0,6.0,359.0,3.0,3.0,4.836001343333706,9.873502742639651,2.3172506436807345
NYM,2018,6,80.0,1.0,2.0,88.67,99.0,59.0,57.0,41.0,81.0,22.0,3.0,343.0,3.0,9.0,5.785496785835119,8.221495432502538,4.16149768805684
NYY,2018,6,75.0,0.0,11.0,85.67,48.0,15.0,13.0,29.0,114.0,5.0,4.0,298.0,0.0,0.0,1.3657056145675266,11.97618769697677,3.046574063266021
PHI,2018,6,94.0,0.0,9.0,91.67,103.0,60.0,59.0,25.0,104.0,19.0,5.0,371.0,2.0,4.0,5.7925166357587,10.210537798625504,2.454456201592669
PIT,2018,6,73.0,0.0,6.0,89.99,64.0,41.0,39.0,42.0,97.0,12.0,2.0,324.0,4.0,6.0,3.900433381486832,9.70107789754417,4.2004667185242806
SDP,2018,6,79.0,0.0,8.0,95.34,92.0,50.0,45.0,21.0,107.0,12.0,9.0,368.0,2.0,7.0,4.247954688483323,10.100692259282567,1.9823788546255505
SEA,2018,6,78.0,0.0,13.0,80.32,77.0,40.0,38.0,23.0,75.0,12.0,5.0,306.0,4.0,3.0,4.25796812749004,8.403884462151394,2.577191235059761
SFG,2018,6,93.0,0.0,8.0,96.66,66.0,29.0,25.0,31.0,93.0,3.0,1.0,335.0,4.0,10.0,2.327746741154562,8.659217877094973,2.8864059590316575
STL,2018,6,90.0,0.0,6.0,91.01,70.0,36.0,32.0,34.0,96.0,7.0,6.0,325.0,3.0,7.0,3.164487418964949,9.493462256894846,3.362267882650258
TBR,2018,6,81.0,4.0,8.0,134.35,121.0,53.0,49.0,42.0,112.0,12.0,2.0,505.0,4.0,10.0,3.2824711574246375,7.5027912169706,2.813546706363975
TEX,2018,6,70.0,2.0,10.0,92.33,87.0,39.0,37.0,26.0,86.0,9.0,1.0,353.0,4.0,9.0,3.6066283981371168,8.382974114588974,2.5343875230152713
TOR,2018,6,94.0,0.0,8.0,94.0,99.0,59.0,54.0,27.0,100.0,18.0,6.0,369.0,4.0,6.0,5.170212765957447,9.574468085106382,2.5851063829787235
WAS,2018,6,87.0,0.0,9.0,92.66,71.0,37.0,37.0,26.0,79.0,16.0,5.0,336.0,1.0,6.0,3.593783725447874,7.673213900280596,2.5253615368012086
ARI,2018,7,85.0,0.0,6.0,83.66,73.0,47.0,43.0,36.0,69.0,15.0,3.0,312.0,4.0,12.0,4.625866602916568,7.422902223284725,3.8728185512789866
ATH,2018,7,95.0,0.0,10.0,102.32,70.0,41.0,36.0,37.0,110.0,8.0,3.0,372.0,4.0,4.0,3.166536356528538,9.675527756059422,3.254495699765442
ATL,2018,7,69.0,0.0,4.0,73.01,67.0,36.0,35.0,28.0,74.0,11.0,1.0,280.0,4.0,7.0,4.314477468839884,9.122038076975755,3.4515819750719077
BAL,2018,7,74.0,1.0,1.0,79.66,80.0,45.0,37.0,32.0,75.0,11.0,6.0,305.0,1.0,11.0,4.180266131056992,8.473512427818228,3.6153653025357775
BOS,2018,7,88.0,1.0,9.0,91.34,84.0,38.0,38.0,38.0,99.0,10.0,3.0,350.0,0.0,6.0,3.7442522443617254,9.754762426100285,3.7442522443617254
CHC,2018,7,89.0,1.0,10.0,87.66,81.0,45.0,42.0,36.0,80.0,13.0,5.0,332.0,4.0,8.0,4.31211498973306,8.213552361396305,3.696098562628337
CHW,2018,7,71.0,0.0,,56.34,68.0,55.0,53.0,30.0,61.0,8.0,9.0,232.0,3.0,3.0,8.466453674121405,9.7444089456869,4.792332268370607
CIN,2018,7,82.0,0.0,8.0,86.68,101.0,56.0,49.0,32.0,76.0,16.0,1.0,351.0,3.0,7.0,5.087678818643286,7.891093677895707,3.3225657591139823
CLE,2018,7,70.0,0.0,7.0,62.67,67.0,33.0,33.0,21.0,56.0,14.0,4.0,240.0,2.0,10.0,4.739109621828627,8.0421254188607,3.015797032072762
COL,2018,7,66.0,0.0,10.0,63.98,62.0,29.0,26.0,26.0,67.0,5.0,0.0,241.0,2.0,10.0,3.6573929352922794,9.424820256330104,3.6573929352922794
DET,2018,7,73.0,2.0,5.0,83.67,79.0,36.0,36.0,23.0,62.0,6.0,0.0,319.0,2.0,3.0,3.872355683040516,6.669057009680889,2.4740050197203303
HOU,2018,7,75.0,0.0,7.0,72.34,65.0,42.0,42.0,19.0,86.0,14.0,3.0,276.0,0.0,4.0,5.2253248548520865,10.699474702792369,2.363837434337849
KCR,2018,7,72.0,1.0,5.0,80.68,107.0,61.0,61.0,41.0,62.0,12.0,1.0,332.0,6.0,11.0,6.804660386712939,6.916212196331185,4.573624194348041
LAA,2018,7,79.0,0.0,2.0,82.33,82.0,34.0,32.0,35.0,83.0,12.0,4.0,314.0,2.0,11.0,3.498117332685534,9.073241831653103,3.8260658326248027
LAD,2018,7,81.0,0.0,12.0,83.67,49.0,26.0,24.0,22.0,101.0,12.0,1.0,297.0,1.0,4.0,2.5815704553603442,10.864108999641449,2.3664395840803154
MIA,2018,7,86.0,0.0,4.0,95.33,103.0,69.0,66.0,52.0,81.0,9.0,9.0,369.0,7.0,10.0,6.23098709745096,7.647120528689815,4.909262561628029
MIL,2018,7,95.0,1.0,14.0,117.33,112.0,55.0,52.0,45.0,126.0,10.0,4.0,445.0,3.0,11.0,3.9887496803886475,9.665047302480184,3.451802608028637
MIN,2018,7,82.0,0.0,5.0,81.66,92.0,50.0,50.0,35.0,89.0,13.0,2.0,325.0,6.0,5.0,5.510653930933137,9.808963997060983,3.8574577516531967
NYM,2018,7,62.0,0.0,4.0,71.67,86.0,56.0,54.0,43.0,59.0,14.0,5.0,289.0,2.0,7.0,6.781079949769778,7.408957722896609,5.3997488488907495
NYY,2018,7,76.0,0.0,11.0,89.0,70.0,34.0,32.0,27.0,103.0,10.0,4.0,327.0,2.0,3.0,3.235955056179775,10.415730337078651,2.7303370786516856
PHI,2018,7,92.0,0.0,8.0,92.34,68.0,28.0,27.0,37.0,89.0,6.0,6.0,330.0,6.0,7.0,2.631578947368421,8.674463937621832,3.6062378167641325
PIT,2018,7,79.0,0.0,9.0,85.66,90.0,45.0,42.0,46.0,106.0,5.0,8.0,330.0,1.0,6.0,4.412794770021013,11.137053467195893,4.833060938594443
SDP,2018,7,93.0,0.0,3.0,114.32,100.0,47.0,43.0,30.0,122.0,10.0,10.0,428.0,4.0,9.0,3.385234429671099,9.604618614415674,2.3617914625612317
SEA,2018,7,79.0,1.0,9.0,85.01,92.0,45.0,42.0,24.0,85.0,9.0,6.0,339.0,5.0,2.0,4.446535701682155,8.998941301023407,2.540877543818374
SFG,2018,7,79.0,0.0,5.0,78.0,69.0,31.0,29.0,29.0,79.0,8.0,0.0,288.0,3.0,7.0,3.3461538461538463,9.115384615384615,3.3461538461538463
STL,2018,7,92.0,1.0,7.0,97.0,118.0,66.0,58.0,39.0,79.0,8.0,6.0,392.0,7.0,11.0,5.381443298969072,7.329896907216495,3.618556701030928
TBR,2018,7,99.0,5.0,8.0,150.00000000000003,157.0,102.0,93.0,72.0,137.0,19.0,10.0,586.0,9.0,9.0,5.579999999999999,8.219999999999999,4.319999999999999
TEX,2018,7,87.0,2.0,4.0,111.67,116.0,62.0,61.0,44.0,98.0,14.0,8.0,426.0,6.0,11.0,4.916271156084893,7.898271693382287,3.5461628011104143
TOR,2018,7,108.0,2.0,3.0,119.0,121.0,70.0,67.0,42.0,124.0,18.0,6.0,461.0,4.0,11.0,5.067226890756302,9.378151260504202,3.1764705882352944
WAS,2018,7,85.0,0.0,3.0,83.66,82.0,30.0,29.0,25.0,73.0,9.0,3.0,322.0,1.0,6.0,3.119770499641406,7.853215395649055,2.689457327277074
ARI,2018,8,86.0,0.0,6.0,68.66,61.0,29.0,25.0,29.0,73.0,5.0,3.0,260.0,7.0,6.0,3.2770171861345765,9.568890183512963,3.8013399359161086
ATH,2018,8,100.0,0.0,10.0,104.68,80.0,31.0,30.0,38.0,114.0,14.0,3.0,382.0,3.0,6.0,2.5792892625143296,9.801299197554451,3.2670997325181506
ATL,2018,8,89.0,0.0,8.0,94.99,95.0,41.0,34.0,35.0,102.0,7.0,4.0,363.0,6.0,6.0,3.221391725444784,9.664175176334352,3.316138540899042
BAL,2018,8,83.0,0.0,4.0,88.30999999999999,99.0,75.0,71.0,58.0,86.0,22.0,4.0,350.0,1.0,10.0,7.2358736269958115,8.764579322839996,5.910995357264183
BOS,2018,8,88.0,1.0,4.0,97.33,90.0,44.0,41.0,49.0,101.0,17.0,3.0,357.0,0.0,7.0,3.791225726908456,9.339360937018391,4.530977088256447
CHC,2018,8,97.0,1.0,8.0,96.33,87.0,41.0,38.0,36.0,81.0,9.0,4.0,362.0,3.0,7.0,3.550295857988166,7.56773590781688,3.3634381812519467
CHW,2018,8,81.0,0.0,6.0,77.35,71.0,41.0,38.0,35.0,91.0,12.0,0.0,297.0,2.0,3.0,4.421460892049128,10.588235294117647,4.0723981900452495
CIN,2018,8,88.0,1.0,3.0,103.97999999999999,113.0,60.0,55.0,43.0,91.0,19.0,9.0,401.0,4.0,16.0,4.760530871321408,7.876514714368149,3.7218695903058285
CLE,2018,8,80.0,0.0,10.0,72.34,71.0,32.0,32.0,27.0,84.0,12.0,6.0,281.0,4.0,5.0,3.981199889411114,10.450649709704173,3.3591374066906274
COL,2018,8,83.0,0.0,7.0,81.34,76.0,48.0,43.0,30.0,83.0,13.0,2.0,302.0,3.0,8.0,4.757806737152692,9.183673469387756,3.319400049176297
DET,2018,8,94.0,1.0,6.0,104.34,100.0,59.0,58.0,42.0,98.0,16.0,2.0,395.0,1.0,8.0,5.002875215641173,8.45313398504888,3.622771707878091
HOU,2018,8,87.0,1.0,6.0,85.64999999999999,67.0,25.0,24.0,25.0,102.0,6.0,6.0,314.0,1.0,5.0,2.521891418563923,10.718038528896674,2.6269702276707534
KCR,2018,8,86.0,4.0,2.0,108.33,120.0,65.0,63.0,51.0,102.0,19.0,4.0,426.0,4.0,8.0,5.234007200221545,8.474106895596787,4.237053447798393
LAA,2018,8,111.0,4.0,4.0,114.66,92.0,56.0,52.0,45.0,96.0,16.0,13.0,410.0,1.0,14.0,4.081632653061225,7.535321821036106,3.5321821036106753
LAD,2018,8,85.0,2.0,5.0,98.33,91.0,55.0,53.0,30.0,108.0,16.0,7.0,374.0,6.0,7.0,4.851011898708431,9.885080850198312,2.745855791721753
MIA,2018,8,90.0,1.0,4.0,90.99,117.0,74.0,65.0,34.0,75.0,14.0,7.0,371.0,6.0,11.0,6.429277942631059,7.41839762611276,3.3630069238377844
MIL,2018,8,89.0,0.0,8.0,88.64999999999999,96.0,63.0,59.0,41.0,90.0,19.0,3.0,355.0,4.0,7.0,5.989847715736041,9.137055837563453,4.162436548223351
MIN,2018,8,92.0,0.0,7.0,106.0,91.0,46.0,42.0,35.0,101.0,18.0,3.0,398.0,0.0,6.0,3.566037735849057,8.575471698113208,2.971698113207547
NYM,2018,8,86.0,0.0,6.0,85.34,82.0,45.0,42.0,19.0,78.0,14.0,3.0,330.0,3.0,3.0,4.429341457698617,8.225919850011717,2.0037497070541366
NYY,2018,8,94.0,3.0,9.0,117.0,122.0,67.0,58.0,49.0,139.0,15.0,5.0,466.0,3.0,2.0,4.461538461538462,10.692307692307692,3.769230769230769
PHI,2018,8,109.0,0.0,10.0,100.33,114.0,64.0,50.0,38.0,107.0,14.0,4.0,405.0,4.0,9.0,4.485198843815409,9.598325525764977,3.408751121299711
PIT,2018,8,75.0,2.0,5.0,98.99,94.0,45.0,40.0,47.0,89.0,7.0,14.0,378.0,6.0,10.0,3.6367309829275687,8.09172643701384,4.273158904939893
SDP,2018,8,94.0,0.0,3.0,113.0,90.0,48.0,45.0,47.0,144.0,12.0,3.0,413.0,6.0,4.0,3.584070796460177,11.469026548672566,3.743362831858407
SEA,2018,8,90.0,2.0,10.0,107.33,104.0,54.0,50.0,39.0,82.0,14.0,6.0,410.0,2.0,13.0,4.192676791204696,6.875989937575701,3.2702878971396627
SFG,2018,8,82.0,1.0,8.0,87.0,82.0,47.0,38.0,32.0,85.0,14.0,3.0,331.0,2.0,9.0,3.931034482758621,8.793103448275863,3.310344827586207
STL,2018,8,87.0,3.0,12.0,102.67,82.0,35.0,34.0,53.0,82.0,6.0,4.0,373.0,3.0,13.0,2.9804227135482617,7.188078309145807,4.64595305347229
TBR,2018,8,81.0,5.0,9.0,156.32000000000002,119.0,52.0,48.0,45.0,144.0,15.0,4.0,565.0,2.0,16.0,2.763561924257932,8.290685772773797,2.590839303991811
TEX,2018,8,68.0,0.0,8.0,93.0,87.0,47.0,46.0,22.0,88.0,17.0,6.0,357.0,1.0,6.0,4.451612903225806,8.516129032258064,2.129032258064516
TOR,2018,8,98.0,3.0,7.0,111.34,114.0,62.0,60.0,35.0,93.0,16.0,11.0,427.0,3.0,12.0,4.850008981498114,7.5175139213220765,2.8291719058738996
WAS,2018,8,94.0,0.0,5.0,86.68,84.0,45.0,43.0,29.0,84.0,16.0,5.0,338.0,2.0,3.0,4.464697738809414,8.721735117674204,3.0110752191970462
ARI,2018,9,122.0,1.0,4.0,100.66,114.0,71.0,69.0,52.0,97.0,14.0,5.0,401.0,10.0,9.0,6.1692827339558916,8.672759785416252,4.649314524140672
ATH,2018,9,130.0,2.0,5.0,139.99,106.0,60.0,58.0,47.0,121.0,14.0,5.0,511.0,3.0,6.0,3.728837774126723,7.77912708050575,3.021644403171655
ATL,2018,9,108.0,0.0,8.0,90.34,87.0,53.0,49.0,63.0,80.0,8.0,3.0,347.0,8.0,3.0,4.881558556564091,7.9698915209209655,6.2762895727252594
BAL,2018,9,80.0,2.0,6.0,113.34,105.0,66.0,64.0,48.0,96.0,14.0,3.0,432.0,1.0,8.0,5.082053996823716,7.623080995235574,3.811540497617787
BOS,2018,9,119.0,5.0,6.0,130.0,132.0,77.0,74.0,61.0,136.0,19.0,16.0,503.0,4.0,10.0,5.123076923076923,9.415384615384616,4.223076923076923
CHC,2018,9,116.0,1.0,7.0,93.67,80.0,50.0,44.0,56.0,92.0,6.0,8.0,353.0,4.0,9.0,4.227607558449877,8.839543076758833,5.380591438027116
CHW,2018,9,97.0,1.0,3.0,100.64999999999999,105.0,54.0,48.0,50.0,107.0,10.0,9.0,393.0,3.0,6.0,4.292101341281669,9.567809239940388,4.470938897168406
CIN,2018,9,95.0,4.0,6.0,112.66,95.0,51.0,40.0,41.0,89.0,11.0,4.0,421.0,5.0,11.0,3.1954553523877154,7.109888159062667,3.2753417361974084
CLE,2018,9,104.0,3.0,4.0,97.99,98.0,42.0,40.0,37.0,112.0,11.0,8.0,386.0,6.0,6.0,3.6738442698234515,10.286763955505663,3.3983059495866925
COL,2018,9,98.0,1.0,8.0,96.35000000000001,69.0,34.0,31.0,32.0,108.0,8.0,5.0,348.0,1.0,7.0,2.895692786715101,10.08822003113648,2.9891022314478466
DET,2018,9,101.0,0.0,4.0,103.0,102.0,60.0,51.0,35.0,84.0,12.0,8.0,403.0,3.0,4.0,4.456310679611651,7.339805825242718,3.058252427184466
HOU,2018,9,102.0,1.0,14.0,86.32,71.0,34.0,32.0,28.0,92.0,11.0,2.0,322.0,0.0,4.0,3.3364226135310475,9.592215013901763,2.919369786839667
KCR,2018,9,90.0,1.0,7.0,97.34,112.0,53.0,47.0,43.0,77.0,12.0,2.0,389.0,3.0,4.0,4.345592767618656,7.119375385247586,3.9757550852681325
LAA,2018,9,115.0,2.0,9.0,119.0,116.0,80.0,65.0,53.0,116.0,11.0,4.0,458.0,0.0,14.0,4.915966386554621,8.773109243697478,4.008403361344538
LAD,2018,9,115.0,2.0,7.0,96.66,86.0,38.0,34.0,27.0,109.0,10.0,8.0,363.0,4.0,9.0,3.165735567970205,10.148975791433891,2.513966480446927
MIA,2018,9,92.0,1.0,4.0,95.0,89.0,61.0,58.0,41.0,79.0,18.0,7.0,369.0,4.0,6.0,5.494736842105263,7.48421052631579,3.8842105263157896
MIL,2018,9,116.0,2.0,10.0,118.32,84.0,31.0,30.0,31.0,155.0,9.0,7.0,423.0,1.0,8.0,2.2819472616632863,11.790060851926977,2.3580121703853956
MIN,2018,9,108.0,4.0,5.0,134.0,129.0,85.0,74.0,57.0,124.0,15.0,9.0,514.0,2.0,11.0,4.970149253731344,8.328358208955224,3.828358208955224
NYM,2018,9,87.0,0.0,9.0,87.32000000000001,82.0,46.0,40.0,30.0,89.0,6.0,9.0,331.0,3.0,7.0,4.122766834631241,9.173156207054511,3.0920751259734307
NYY,2018,9,98.0,3.0,7.0,112.0,110.0,67.0,58.0,50.0,137.0,15.0,1.0,439.0,2.0,10.0,4.6607142857142865,11.008928571428573,4.017857142857143
PHI,2018,9,123.0,1.0,5.0,110.69000000000001,112.0,66.0,63.0,45.0,110.0,12.0,2.0,432.0,2.0,4.0,5.122413948866203,8.943897371036227,3.658867106333002
PIT,2018,9,83.0,1.0,8.0,89.33,80.0,52.0,44.0,36.0,94.0,17.0,4.0,339.0,2.0,6.0,4.43300123138923,9.470502630695174,3.62700100750028
SDP,2018,9,104.0,1.0,6.0,109.66,88.0,45.0,43.0,39.0,138.0,11.0,1.0,409.0,2.0,5.0,3.5290899142805032,11.325916469086266,3.200802480393945
SEA,2018,9,120.0,3.0,8.0,119.01,100.0,40.0,38.0,33.0,123.0,14.0,9.0,439.0,3.0,9.0,2.873708091756995,9.301739349634484,2.4955886059994956
SFG,2018,9,91.0,1.0,3.0,86.99,84.0,45.0,45.0,35.0,98.0,7.0,2.0,328.0,7.0,8.0,4.655707552592252,10.139096447867573,3.621105874238418
STL,2018,9,108.0,1.0,6.0,103.34,109.0,69.0,57.0,71.0,107.0,14.0,3.0,399.0,10.0,11.0,4.9641958583317205,9.318753628798142,6.183472034062318
TBR,2018,9,115.0,2.0,12.0,163.34,155.0,86.0,83.0,54.0,149.0,22.0,8.0,618.0,4.0,17.0,4.573282723154157,8.20986898493939,2.9753887596424633
TEX,2018,9,109.0,9.0,6.0,135.34,135.0,75.0,65.0,62.0,109.0,18.0,3.0,524.0,4.0,17.0,4.322447170090143,7.248411408305009,4.122949608393675
TOR,2018,9,108.0,0.0,7.0,94.01,95.0,52.0,48.0,44.0,99.0,13.0,7.0,367.0,1.0,6.0,4.595255823848527,9.477715136687586,4.212317838527816
WAS,2018,9,122.0,4.0,6.0,119.0,105.0,67.0,65.0,68.0,107.0,20.0,8.0,446.0,9.0,8.0,4.915966386554621,8.092436974789916,5.142857142857142
ARI,2019,4,87.0,0.0,10.0,108.01,100.0,51.0,48.0,44.0,106.0,17.0,12.0,407.0,3.0,7.0,3.999629663920007,8.832515507823349,3.666327191926673
ATH,2019,4,117.0,0.0,6.0,121.66,109.0,58.0,56.0,53.0,128.0,11.0,5.0,449.0,3.0,6.0,4.1426927502876865,9.469012000657571,3.920762781522275
ATL,2019,4,104.0,0.0,6.0,95.34,87.0,59.0,51.0,61.0,103.0,16.0,6.0,359.0,5.0,11.0,4.814348646947765,9.72309628697294,5.758338577721837
BAL,2019,4,78.0,0.0,4.0,100.0,113.0,75.0,72.0,46.0,87.0,26.0,9.0,396.0,1.0,10.0,6.4799999999999995,7.83,4.140000000000001
BOS,2019,4,106.0,3.0,8.0,120.01,104.0,64.0,59.0,58.0,136.0,18.0,6.0,448.0,2.0,9.0,4.424631280726606,10.19915007082743,4.349637530205816
CHC,2019,4,96.0,1.0,5.0,98.01,83.0,49.0,46.0,60.0,100.0,12.0,2.0,355.0,2.0,19.0,4.224058769513315,9.182736455463727,5.509641873278236
CHW,2019,4,92.0,2.0,7.0,104.0,90.0,51.0,47.0,48.0,103.0,16.0,5.0,388.0,4.0,7.0,4.0673076923076925,8.913461538461538,4.153846153846154
CIN,2019,4,110.0,0.0,8.0,99.66999999999999,88.0,39.0,38.0,44.0,101.0,7.0,4.0,368.0,9.0,11.0,3.4313233671114682,9.120096317848903,3.9731112671817
CLE,2019,4,91.0,0.0,10.0,84.67,76.0,34.0,31.0,32.0,84.0,10.0,4.0,321.0,2.0,4.0,3.295145860399197,8.928782331404276,3.40144088815401
COL,2019,4,109.0,3.0,4.0,117.67,110.0,56.0,53.0,54.0,100.0,13.0,4.0,443.0,5.0,10.0,4.053709526642304,7.648508540834538,4.1301946120506505
DET,2019,4,98.0,2.0,12.0,101.0,99.0,52.0,51.0,45.0,102.0,15.0,5.0,381.0,4.0,10.0,4.544554455445544,9.089108910891088,4.00990099009901
HOU,2019,4,76.0,0.0,9.0,82.33,62.0,28.0,27.0,24.0,84.0,8.0,2.0,295.0,0.0,3.0,2.951536499453419,9.182557998299526,2.6235879995141502
KCR,2019,4,96.0,0.0,4.0,97.34,106.0,58.0,58.0,52.0,95.0,11.0,10.0,379.0,1.0,10.0,5.3626463940825975,8.783644955824943,4.807889870556812
LAA,2019,4,109.0,4.0,7.0,131.0,112.0,60.0,58.0,67.0,138.0,17.0,8.0,490.0,3.0,12.0,3.984732824427481,9.48091603053435,4.603053435114504
LAD,2019,4,109.0,1.0,10.0,110.67,99.0,61.0,55.0,36.0,106.0,18.0,10.0,417.0,4.0,10.0,4.472756844673353,8.620222282461372,2.927622661968013
MIA,2019,4,96.0,0.0,5.0,97.0,90.0,59.0,57.0,46.0,115.0,18.0,11.0,371.0,4.0,6.0,5.288659793814433,10.670103092783505,4.268041237113402
MIL,2019,4,105.0,2.0,9.0,128.32,106.0,66.0,64.0,64.0,139.0,18.0,1.0,482.0,6.0,3.0,4.488778054862843,9.749064837905237,4.488778054862843
MIN,2019,4,83.0,0.0,10.0,81.0,77.0,44.0,39.0,41.0,85.0,10.0,5.0,311.0,1.0,5.0,4.333333333333333,9.444444444444445,4.555555555555555
NYM,2019,4,90.0,0.0,9.0,107.67,111.0,73.0,63.0,55.0,118.0,16.0,10.0,426.0,5.0,10.0,5.266090833101142,9.863471719141822,4.597380886040679
NYY,2019,4,89.0,0.0,6.0,95.0,85.0,52.0,50.0,51.0,114.0,13.0,3.0,359.0,2.0,8.0,4.7368421052631575,10.799999999999999,4.831578947368421
PHI,2019,4,97.0,0.0,6.0,99.33,102.0,52.0,47.0,37.0,99.0,13.0,6.0,382.0,3.0,8.0,4.25853216550891,8.970099667774086,3.3524614919963756
PIT,2019,4,83.0,0.0,9.0,84.68,78.0,43.0,39.0,34.0,107.0,12.0,2.0,331.0,0.0,4.0,4.145016532829476,11.372224846480869,3.6136041568256965
SDP,2019,4,99.0,0.0,15.0,110.64999999999999,94.0,49.0,45.0,38.0,126.0,19.0,5.0,416.0,0.0,5.0,3.6601897876186174,10.248531405332129,3.090826931766833
SEA,2019,4,119.0,0.0,13.0,125.30999999999999,123.0,85.0,74.0,72.0,135.0,25.0,7.0,492.0,5.0,13.0,5.314819248264305,9.695954033995692,5.171175484797702
SFG,2019,4,92.0,0.0,8.0,105.67,91.0,40.0,39.0,32.0,100.0,9.0,3.0,390.0,4.0,8.0,3.321661777231002,8.517081480079494,2.7254660736254372
STL,2019,4,105.0,0.0,12.0,106.30999999999999,67.0,46.0,44.0,52.0,124.0,19.0,7.0,374.0,1.0,11.0,3.724955319349074,10.497601354529207,4.402219922867087
TBR,2019,4,92.0,1.0,12.0,113.0,101.0,46.0,45.0,43.0,124.0,11.0,3.0,421.0,6.0,12.0,3.584070796460177,9.876106194690266,3.4247787610619467
TEX,2019,4,94.0,4.0,7.0,129.66,143.0,81.0,77.0,60.0,111.0,25.0,10.0,509.0,1.0,13.0,5.344747801943544,7.704766311892643,4.164738546968996
TOR,2019,4,98.0,1.0,8.0,111.33,84.0,50.0,48.0,46.0,124.0,15.0,6.0,407.0,7.0,5.0,3.8803556992724335,10.024252223120452,3.7186742118027487
WAS,2019,4,102.0,0.0,3.0,82.66,85.0,57.0,54.0,42.0,92.0,11.0,10.0,321.0,4.0,5.0,5.879506411807403,10.016936849745948,4.572949431405759
ARI,2019,5,100.0,3.0,5.0,112.68,129.0,65.0,63.0,47.0,110.0,13.0,5.0,445.0,5.0,9.0,5.031948881789137,8.78594249201278,3.7539936102236418
ATH,2019,5,98.0,2.0,5.0,107.99,90.0,48.0,47.0,43.0,113.0,12.0,6.0,394.0,3.0,9.0,3.917029354569868,9.417538660987129,3.5836651541809426
ATL,2019,5,91.0,0.0,8.0,100.33,100.0,54.0,49.0,41.0,103.0,18.0,3.0,393.0,3.0,8.0,4.395494866939101,9.239509618259742,3.6778630519286355
BAL,2019,5,79.0,2.0,6.0,103.01,95.0,65.0,60.0,52.0,103.0,15.0,5.0,386.0,2.0,12.0,5.242209494223861,8.999126298417629,4.5432482283273465
BOS,2019,5,94.0,7.0,4.0,128.99,113.0,67.0,65.0,51.0,134.0,15.0,7.0,490.0,2.0,5.0,4.53523528955733,9.349561981548957,3.5584153810372894
CHC,2019,5,92.0,0.0,6.0,91.99,81.0,38.0,36.0,42.0,85.0,10.0,3.0,342.0,4.0,8.0,3.5221219697793242,8.316121317534515,4.109142298075878
CHW,2019,5,92.0,1.0,5.0,100.64999999999999,90.0,46.0,38.0,50.0,90.0,11.0,3.0,382.0,3.0,11.0,3.397913561847988,8.04769001490313,4.470938897168406
CIN,2019,5,93.0,0.0,6.0,103.0,90.0,48.0,45.0,29.0,119.0,16.0,2.0,388.0,3.0,8.0,3.932038834951456,10.398058252427184,2.5339805825242716
CLE,2019,5,91.0,0.0,6.0,88.68,87.0,36.0,32.0,16.0,89.0,12.0,5.0,346.0,2.0,5.0,3.2476319350473615,9.032476319350474,1.6238159675236807
COL,2019,5,97.0,0.0,5.0,97.68,100.0,57.0,53.0,42.0,92.0,14.0,3.0,383.0,3.0,11.0,4.883292383292383,8.476658476658475,3.8697788697788695
DET,2019,5,99.0,0.0,6.0,108.66,116.0,75.0,68.0,48.0,80.0,26.0,5.0,425.0,3.0,13.0,5.632247377139701,6.6261733848702375,3.9757040309221425
HOU,2019,5,74.0,0.0,9.0,87.67,67.0,29.0,28.0,31.0,96.0,11.0,3.0,323.0,0.0,3.0,2.8744154214668645,9.855138587886392,3.182388502338314
KCR,2019,5,68.0,2.0,2.0,88.66,92.0,44.0,44.0,29.0,75.0,15.0,4.0,344.0,1.0,9.0,4.4665012406947895,7.613354387547936,2.943830363185202
LAA,2019,5,95.0,6.0,7.0,128.68,120.0,64.0,62.0,46.0,138.0,23.0,5.0,504.0,1.0,6.0,4.3363382032949955,9.651849549269505,3.217283183089835
LAD,2019,5,74.0,0.0,9.0,66.0,66.0,43.0,36.0,23.0,61.0,10.0,6.0,261.0,0.0,4.0,4.909090909090908,8.318181818181818,3.1363636363636367
MIA,2019,5,75.0,0.0,8.0,82.0,87.0,51.0,49.0,51.0,82.0,10.0,4.0,319.0,5.0,10.0,5.378048780487805,9.0,5.597560975609756
MIL,2019,5,96.0,4.0,7.0,128.67000000000002,120.0,70.0,63.0,47.0,144.0,20.0,6.0,497.0,4.0,11.0,4.406621590114245,10.072277920261131,3.2874795989741195
MIN,2019,5,81.0,0.0,5.0,83.66,82.0,39.0,39.0,21.0,89.0,11.0,5.0,326.0,0.0,4.0,4.195553430552235,9.574468085106382,2.2591441549127422
NYM,2019,5,78.0,0.0,6.0,82.0,75.0,37.0,37.0,37.0,76.0,9.0,3.0,307.0,7.0,6.0,4.060975609756098,8.341463414634147,4.060975609756098
NYY,2019,5,92.0,3.0,14.0,116.0,92.0,42.0,37.0,36.0,133.0,12.0,7.0,428.0,0.0,9.0,2.870689655172414,10.318965517241379,2.793103448275862
PHI,2019,5,88.0,1.0,9.0,93.67,84.0,48.0,44.0,44.0,97.0,19.0,5.0,354.0,6.0,5.0,4.227607558449877,9.319953026582684,4.227607558449877
PIT,2019,5,94.0,3.0,7.0,115.0,129.0,85.0,81.0,58.0,117.0,24.0,9.0,454.0,4.0,14.0,6.339130434782609,9.156521739130433,4.539130434782608
SDP,2019,5,87.0,1.0,10.0,90.34,90.0,54.0,51.0,28.0,106.0,14.0,4.0,354.0,1.0,4.0,5.080805844587116,10.560106265220279,2.789462032322338
SEA,2019,5,89.0,0.0,2.0,100.0,108.0,74.0,65.0,55.0,117.0,18.0,3.0,397.0,4.0,8.0,5.8500000000000005,10.53,4.95
SFG,2019,5,93.0,2.0,6.0,108.67,101.0,69.0,63.0,43.0,116.0,20.0,14.0,419.0,2.0,8.0,5.217631361001196,9.607067267875218,3.561240452746848
STL,2019,5,81.0,0.0,2.0,85.34,74.0,41.0,41.0,33.0,97.0,9.0,3.0,315.0,5.0,7.0,4.323880946801031,10.229669557065852,3.480196859620342
TBR,2019,5,88.0,3.0,5.0,134.0,104.0,46.0,41.0,51.0,122.0,12.0,9.0,487.0,4.0,13.0,2.753731343283582,8.194029850746269,3.425373134328358
TEX,2019,5,96.0,13.0,6.0,146.99,163.0,94.0,82.0,54.0,127.0,18.0,4.0,585.0,2.0,15.0,5.020749710864685,7.776039186339206,3.306347370569426
TOR,2019,5,99.0,2.0,3.0,121.32,134.0,76.0,71.0,57.0,125.0,23.0,5.0,486.0,5.0,6.0,5.26706231454006,9.27299703264095,4.2284866468842734
WAS,2019,5,94.0,3.0,9.0,103.01,127.0,88.0,83.0,46.0,96.0,21.0,11.0,427.0,6.0,6.0,7.251723133676342,8.387535190758179,4.01902727890496
ARI,2019,6,88.0,2.0,3.0,106.33,98.0,63.0,60.0,41.0,87.0,11.0,2.0,400.0,6.0,8.0,5.078529107495533,7.363867205868523,3.470328223455281
ATH,2019,6,88.0,1.0,7.0,96.67,89.0,45.0,39.0,32.0,98.0,11.0,5.0,365.0,2.0,8.0,3.630909278990379,9.123823316437365,2.979207613530568
ATL,2019,6,101.0,1.0,10.0,113.68,97.0,48.0,32.0,38.0,119.0,13.0,5.0,425.0,5.0,10.0,2.533427163969036,9.42118226600985,3.00844475721323
BAL,2019,6,82.0,2.0,3.0,110.33,129.0,93.0,84.0,51.0,113.0,25.0,9.0,451.0,0.0,8.0,6.852170760445935,9.21780114202846,4.160246533127889
BOS,2019,6,104.0,1.0,5.0,115.34,119.0,69.0,64.0,55.0,150.0,17.0,10.0,449.0,5.0,6.0,4.993930986648171,11.704525749956648,4.291659441650772
CHC,2019,6,87.0,2.0,8.0,92.0,85.0,49.0,47.0,38.0,87.0,13.0,8.0,340.0,2.0,15.0,4.597826086956522,8.51086956521739,3.717391304347826
CHW,2019,6,86.0,1.0,8.0,83.01,93.0,60.0,57.0,34.0,77.0,13.0,3.0,328.0,2.0,7.0,6.179978315865558,8.348391760028912,3.6863028550777015
CIN,2019,6,77.0,0.0,6.0,77.34,60.0,34.0,33.0,42.0,83.0,11.0,1.0,281.0,3.0,5.0,3.8401861908456167,9.658650116369278,4.887509697439876
CLE,2019,6,88.0,1.0,8.0,82.66,78.0,42.0,40.0,35.0,93.0,13.0,4.0,315.0,2.0,2.0,4.3551899346721505,10.12581659811275,3.8107911928381326
COL,2019,6,94.0,0.0,7.0,98.34,100.0,66.0,60.0,33.0,98.0,18.0,5.0,387.0,2.0,8.0,5.491153142159853,8.96888346552776,3.0201342281879198
DET,2019,6,90.0,1.0,4.0,94.66,100.0,61.0,47.0,44.0,91.0,15.0,3.0,374.0,3.0,4.0,4.46862455102472,8.652017747728713,4.183393196703993
HOU,2019,6,85.0,0.0,3.0,97.99,97.0,64.0,61.0,36.0,101.0,24.0,3.0,381.0,0.0,4.0,5.602612511480763,9.276456781304216,3.306459842841106
KCR,2019,6,72.0,0.0,9.0,82.67,82.0,47.0,44.0,37.0,83.0,11.0,5.0,319.0,3.0,5.0,4.7901294302649084,9.035925970726986,4.028063384540946
LAA,2019,6,97.0,7.0,6.0,129.32999999999998,132.0,77.0,69.0,52.0,131.0,25.0,6.0,510.0,0.0,11.0,4.801670146137788,9.116214335421018,3.6186499652052895
LAD,2019,6,77.0,2.0,7.0,91.66,66.0,41.0,31.0,34.0,99.0,10.0,4.0,339.0,5.0,5.0,3.043857735108008,9.720706960506218,3.3384246126991055
MIA,2019,6,87.0,0.0,6.0,95.0,88.0,54.0,50.0,35.0,89.0,14.0,4.0,358.0,3.0,8.0,4.7368421052631575,8.431578947368422,3.31578947368421
MIL,2019,6,86.0,3.0,9.0,116.66,100.0,57.0,53.0,43.0,137.0,10.0,6.0,429.0,4.0,12.0,4.08880507457569,10.56917538145037,3.3173324189953712
MIN,2019,6,87.0,0.0,9.0,94.99000000000001,93.0,52.0,43.0,36.0,87.0,13.0,9.0,373.0,3.0,7.0,4.074113064533108,8.242972944520474,3.4108853563533
NYM,2019,6,76.0,0.0,4.0,83.67,103.0,71.0,70.0,41.0,93.0,20.0,7.0,343.0,4.0,3.0,7.529580494801003,10.003585514521333,4.410182861240588
NYY,2019,6,93.0,5.0,9.0,119.66,131.0,74.0,68.0,40.0,125.0,27.0,4.0,475.0,2.0,15.0,5.11449105799766,9.401637974260405,3.0085241517633294
PHI,2019,6,90.0,4.0,6.0,96.99,116.0,70.0,66.0,45.0,96.0,23.0,2.0,390.0,4.0,11.0,6.124342715743891,8.908134859263843,4.175688215279926
PIT,2019,6,84.0,1.0,5.0,103.33,93.0,56.0,52.0,61.0,113.0,16.0,8.0,395.0,3.0,5.0,4.529178360592278,9.842252975902449,5.313074615310171
SDP,2019,6,94.0,3.0,7.0,119.64999999999999,133.0,79.0,73.0,37.0,119.0,18.0,6.0,477.0,4.0,6.0,5.491015461763477,8.95110739657334,2.783117425825324
SEA,2019,6,95.0,9.0,5.0,152.0,147.0,93.0,86.0,66.0,125.0,24.0,6.0,583.0,7.0,16.0,5.092105263157895,7.401315789473684,3.9078947368421053
SFG,2019,6,86.0,0.0,8.0,90.67,84.0,40.0,38.0,31.0,86.0,10.0,2.0,341.0,3.0,8.0,3.771920149994485,8.536450865776994,3.0770927539428694
STL,2019,6,85.0,1.0,8.0,89.34,73.0,41.0,35.0,29.0,88.0,8.0,5.0,329.0,1.0,6.0,3.5258562793821353,8.865010073875084,2.921423774345198
TBR,2019,6,89.0,1.0,2.0,116.32,108.0,54.0,50.0,39.0,109.0,14.0,6.0,445.0,6.0,12.0,3.8686382393397523,8.43363136176066,3.017537826685007
TEX,2019,6,75.0,3.0,7.0,101.01,88.0,44.0,37.0,33.0,113.0,15.0,3.0,376.0,1.0,12.0,3.2967032967032965,10.068310068310067,2.94030294030294
TOR,2019,6,96.0,5.0,3.0,122.66,137.0,81.0,75.0,55.0,131.0,26.0,7.0,490.0,2.0,9.0,5.50301646828632,9.611935431273439,4.035545410076635
WAS,2019,6,79.0,0.0,10.0,73.33,65.0,38.0,37.0,30.0,73.0,7.0,3.0,274.0,0.0,9.0,4.541115505250239,8.959498159007229,3.6819855447974907
ARI,2019,7,75.0,0.0,7.0,71.67,63.0,40.0,39.0,33.0,85.0,10.0,1.0,264.0,2.0,5.0,4.897446630389284,10.673922143156132,4.143993302637087
ATH,2019,7,92.0,0.0,7.0,87.68,80.0,37.0,36.0,37.0,87.0,10.0,4.0,335.0,2.0,6.0,3.6952554744525545,8.930200729927007,3.7979014598540144
ATL,2019,7,78.0,0.0,6.0,75.0,79.0,48.0,48.0,47.0,72.0,15.0,3.0,292.0,4.0,8.0,5.76,8.64,5.640000000000001
BAL,2019,7,75.0,1.0,7.0,95.0,86.0,56.0,52.0,45.0,86.0,13.0,5.0,365.0,2.0,8.0,4.926315789473684,8.147368421052631,4.263157894736842
BOS,2019,7,94.0,1.0,4.0,89.0,91.0,61.0,53.0,46.0,105.0,11.0,5.0,348.0,3.0,2.0,5.359550561797753,10.617977528089888,4.651685393258427
CHC,2019,7,84.0,1.0,7.0,76.0,75.0,44.0,41.0,28.0,64.0,12.0,8.0,293.0,2.0,10.0,4.855263157894737,7.578947368421052,3.31578947368421
CHW,2019,7,80.0,2.0,3.0,92.0,92.0,51.0,41.0,38.0,70.0,15.0,2.0,348.0,1.0,21.0,4.010869565217391,6.847826086956522,3.717391304347826
CIN,2019,7,80.0,1.0,9.0,87.66,86.0,68.0,62.0,44.0,92.0,20.0,4.0,336.0,3.0,6.0,6.365503080082135,9.445585215605751,4.517453798767968
CLE,2019,7,71.0,0.0,6.0,74.68,53.0,18.0,15.0,20.0,72.0,7.0,3.0,269.0,0.0,6.0,1.8077129084092123,8.67702196036422,2.4102838778789497
COL,2019,7,76.0,0.0,3.0,86.33,107.0,70.0,66.0,37.0,77.0,18.0,5.0,355.0,0.0,8.0,6.880574539557512,8.027336962817097,3.857291787327696
DET,2019,7,95.0,1.0,,105.33,103.0,65.0,59.0,42.0,103.0,17.0,2.0,407.0,3.0,6.0,5.041298775277698,8.800911421247509,3.588721162062091
HOU,2019,7,79.0,2.0,7.0,82.00999999999999,80.0,48.0,42.0,31.0,94.0,13.0,1.0,323.0,0.0,5.0,4.609194000731619,10.315815144494575,3.402024143397147
KCR,2019,7,74.0,1.0,10.0,84.99,104.0,58.0,48.0,47.0,67.0,7.0,5.0,338.0,8.0,14.0,5.082950935404165,7.094952347334981,4.977056124249912
LAA,2019,7,91.0,6.0,5.0,133.32999999999998,124.0,63.0,59.0,49.0,132.0,14.0,5.0,499.0,0.0,15.0,3.9825995649891253,8.91022275556889,3.3075826895672393
LAD,2019,7,78.0,1.0,4.0,83.67,73.0,45.0,38.0,31.0,91.0,11.0,6.0,311.0,6.0,10.0,4.087486554320545,9.788454643241305,3.3345285048404447
MIA,2019,7,65.0,2.0,,80.33,72.0,35.0,33.0,28.0,83.0,14.0,6.0,301.0,3.0,7.0,3.697248848499938,9.299141043196814,3.13705962903025
MIL,2019,7,85.0,0.0,6.0,94.66,96.0,65.0,60.0,44.0,118.0,18.0,4.0,370.0,4.0,5.0,5.704627086414536,11.219099936615256,4.183393196703993
MIN,2019,7,80.0,0.0,8.0,96.99,100.0,46.0,44.0,22.0,112.0,12.0,2.0,376.0,0.0,7.0,4.082895143829261,10.392824002474482,2.0414475719146306
NYM,2019,7,73.0,0.0,8.0,67.67,59.0,28.0,27.0,31.0,69.0,8.0,7.0,247.0,1.0,11.0,3.5909561105364265,9.176887838037535,4.122949608393675
NYY,2019,7,80.0,1.0,7.0,98.35000000000001,92.0,39.0,34.0,41.0,107.0,9.0,3.0,376.0,2.0,5.0,3.111337061514997,9.791560752414844,3.7519064565327906
PHI,2019,7,85.0,3.0,4.0,103.66,95.0,65.0,63.0,43.0,104.0,22.0,8.0,392.0,5.0,8.0,5.46980513216284,9.029519583252943,3.7333590584603513
PIT,2019,7,86.0,0.0,2.0,100.33,95.0,50.0,44.0,37.0,98.0,15.0,6.0,380.0,3.0,12.0,3.94697498255756,8.790989733878202,3.319047144423403
SDP,2019,7,73.0,3.0,4.0,103.33,121.0,68.0,64.0,35.0,111.0,15.0,6.0,420.0,3.0,8.0,5.574373366882803,9.668053808187361,3.0484854350140327
SEA,2019,7,76.0,8.0,4.0,116.01,126.0,88.0,74.0,41.0,111.0,33.0,2.0,464.0,1.0,9.0,5.740884406516679,8.61132660977502,3.180760279286268
SFG,2019,7,94.0,2.0,7.0,108.67,94.0,44.0,43.0,30.0,119.0,14.0,4.0,404.0,1.0,14.0,3.561240452746848,9.855525904113371,2.4845863623815223
STL,2019,7,78.0,1.0,11.0,89.67,80.0,37.0,36.0,32.0,94.0,10.0,5.0,338.0,2.0,8.0,3.6132485781197725,9.434593509534961,3.2117765138842422
TBR,2019,7,104.0,5.0,10.0,133.0,128.0,76.0,74.0,48.0,153.0,28.0,1.0,517.0,2.0,7.0,5.007518796992481,10.353383458646617,3.2481203007518795
TEX,2019,7,77.0,6.0,2.0,103.0,110.0,76.0,70.0,49.0,109.0,18.0,9.0,413.0,2.0,9.0,6.116504854368932,9.524271844660195,4.281553398058253
TOR,2019,7,89.0,2.0,4.0,109.0,104.0,46.0,46.0,45.0,109.0,18.0,2.0,412.0,2.0,10.0,3.798165137614679,9.0,3.7155963302752295
WAS,2019,7,82.0,1.0,6.0,80.67,80.0,42.0,40.0,33.0,75.0,12.0,2.0,314.0,1.0,3.0,4.462625511342506,8.367422833767199,3.681666046857568
ARI,2019,8,94.0,0.0,9.0,99.99,104.0,47.0,41.0,37.0,93.0,10.0,6.0,385.0,3.0,11.0,3.6903690369036903,8.370837083708372,3.3303330333033307
ATH,2019,8,85.0,0.0,9.0,81.33,71.0,43.0,42.0,25.0,90.0,14.0,4.0,305.0,2.0,6.0,4.64773146440428,9.959424566580598,2.766506824050166
ATL,2019,8,95.0,0.0,8.0,92.0,111.0,53.0,50.0,28.0,88.0,14.0,3.0,373.0,1.0,8.0,4.891304347826087,8.608695652173914,2.739130434782609
BAL,2019,8,91.0,3.0,4.0,116.0,147.0,97.0,92.0,45.0,100.0,33.0,2.0,475.0,4.0,16.0,7.137931034482759,7.758620689655172,3.4913793103448274
BOS,2019,8,107.0,7.0,5.0,141.01,116.0,72.0,68.0,73.0,154.0,17.0,9.0,518.0,3.0,12.0,4.340117722147366,9.829090135451388,4.659244025246437
CHC,2019,8,94.0,0.0,10.0,95.33,88.0,43.0,41.0,35.0,98.0,13.0,9.0,363.0,2.0,10.0,3.870764712052869,9.252071750760518,3.304311339557327
CHW,2019,8,92.0,2.0,4.0,109.34,110.0,64.0,57.0,56.0,112.0,15.0,6.0,427.0,8.0,9.0,4.691787086153283,9.218950064020486,4.609475032010243
CIN,2019,8,87.0,1.0,9.0,93.33,95.0,61.0,59.0,38.0,110.0,18.0,4.0,367.0,1.0,2.0,5.689488910318226,10.607521697203472,3.664416586306654
CLE,2019,8,89.0,1.0,7.0,88.66,87.0,49.0,44.0,36.0,88.0,12.0,7.0,342.0,7.0,6.0,4.4665012406947895,8.933002481389579,3.6544101060230094
COL,2019,8,89.0,0.0,2.0,106.01,118.0,72.0,63.0,48.0,96.0,21.0,4.0,417.0,1.0,9.0,5.348552023394019,8.150174511838506,4.075087255919253
DET,2019,8,96.0,4.0,4.0,139.67,158.0,91.0,80.0,66.0,136.0,25.0,8.0,558.0,3.0,15.0,5.1550082336937075,8.763513997279302,4.252881792797308
HOU,2019,8,90.0,1.0,8.0,96.34,88.0,40.0,38.0,36.0,101.0,17.0,2.0,360.0,0.0,11.0,3.549927340668466,9.435333194934607,3.3630890595806515
KCR,2019,8,86.0,0.0,4.0,90.32,107.0,64.0,63.0,43.0,81.0,16.0,2.0,361.0,4.0,6.0,6.277679362267493,8.071302037201065,4.284765279007972
LAA,2019,8,90.0,3.0,3.0,104.34,116.0,79.0,72.0,39.0,99.0,21.0,8.0,415.0,2.0,5.0,6.210465784933869,8.53939045428407,3.364002300172513
LAD,2019,8,87.0,0.0,4.0,87.64999999999999,78.0,37.0,34.0,23.0,96.0,13.0,6.0,327.0,0.0,8.0,3.491158014831717,9.857387335995437,2.3616657159155734
MIA,2019,8,91.0,0.0,1.0,99.99,109.0,74.0,70.0,59.0,99.0,30.0,5.0,398.0,4.0,6.0,6.300630063006301,8.910891089108912,5.310531053105311
MIL,2019,8,103.0,1.0,7.0,103.66,102.0,66.0,61.0,59.0,99.0,18.0,10.0,393.0,2.0,10.0,5.296160524792591,8.59540806482732,5.1225159174223425
MIN,2019,8,85.0,0.0,9.0,96.34,99.0,43.0,38.0,20.0,102.0,10.0,2.0,380.0,1.0,8.0,3.549927340668466,9.528752335478513,1.86838281087814
NYM,2019,8,89.0,0.0,5.0,90.66,75.0,40.0,40.0,34.0,110.0,13.0,5.0,329.0,1.0,10.0,3.970880211780278,10.919920582395765,3.3752481800132363
NYY,2019,8,87.0,4.0,13.0,118.33,101.0,63.0,63.0,57.0,131.0,21.0,4.0,441.0,1.0,13.0,4.791684272796417,9.963660948195724,4.3353333896729485
PHI,2019,8,98.0,2.0,5.0,115.32,129.0,61.0,53.0,38.0,93.0,16.0,5.0,452.0,5.0,14.0,4.136316337148804,7.258064516129033,2.9656607700312176
PIT,2019,8,91.0,0.0,3.0,101.67,113.0,75.0,63.0,45.0,133.0,22.0,7.0,406.0,1.0,8.0,5.576866332251401,11.773384479197402,3.9834759516081437
SDP,2019,8,93.0,2.0,9.0,107.99,113.0,62.0,55.0,42.0,114.0,10.0,8.0,426.0,1.0,10.0,4.583757755347717,9.50087971108436,3.5003241040837114
SEA,2019,8,85.0,5.0,5.0,140.32,128.0,70.0,67.0,41.0,116.0,23.0,2.0,531.0,5.0,15.0,4.2973204104903076,7.440136830102623,2.629703534777651
SFG,2019,8,97.0,0.0,5.0,96.33,97.0,54.0,53.0,47.0,75.0,17.0,5.0,366.0,3.0,12.0,4.95172843350981,7.007162877608222,4.391155403301152
STL,2019,8,84.0,0.0,7.0,86.34,64.0,35.0,32.0,41.0,80.0,4.0,2.0,313.0,4.0,9.0,3.3356497567755383,8.339124391938846,4.273801250868659
TBR,2019,8,102.0,11.0,9.0,151.00000000000003,146.0,84.0,73.0,51.0,175.0,23.0,11.0,578.0,4.0,11.0,4.350993377483443,10.430463576158937,3.039735099337748
TEX,2019,8,79.0,2.0,5.0,102.67,100.0,51.0,47.0,45.0,105.0,13.0,6.0,396.0,1.0,9.0,4.119996104022596,9.20424661536963,3.944677120872699
TOR,2019,8,101.0,2.0,8.0,128.32999999999998,116.0,67.0,65.0,78.0,113.0,20.0,7.0,481.0,4.0,12.0,4.558559962596432,7.924881165744566,5.4702719551157175
WAS,2019,8,86.0,0.0,7.0,86.66,86.0,56.0,55.0,31.0,90.0,22.0,4.0,335.0,3.0,7.0,5.7119778444495735,9.346872836372029,3.219478421417032
ARI,2019,9,114.0,1.0,11.0,104.01,97.0,49.0,46.0,39.0,112.0,20.0,3.0,401.0,0.0,8.0,3.9803865012979522,9.691375829247187,3.3746755119700027
ATH,2019,9,91.0,2.0,11.0,108.67,81.0,44.0,41.0,38.0,133.0,14.0,6.0,395.0,2.0,10.0,3.3956013619214134,11.014999539891415,3.147142725683261
ATL,2019,9,97.0,1.0,6.0,88.98,81.0,37.0,37.0,21.0,97.0,10.0,4.0,339.0,0.0,7.0,3.7424140256237353,9.811193526635199,2.124072825354012
BAL,2019,9,110.0,1.0,2.0,105.64999999999999,100.0,57.0,53.0,47.0,105.0,12.0,13.0,397.0,2.0,13.0,4.514907714150497,8.944628490298156,4.003786086133459
BOS,2019,9,147.0,4.0,7.0,134.99,124.0,77.0,69.0,78.0,150.0,17.0,6.0,509.0,2.0,9.0,4.600340765982665,10.00074079561449,5.200385213719534
CHC,2019,9,125.0,4.0,2.0,121.64999999999999,92.0,53.0,49.0,78.0,145.0,14.0,11.0,446.0,1.0,9.0,3.6251541307028363,10.727496917385944,5.770653514180025
CHW,2019,9,99.0,2.0,6.0,111.66,88.0,49.0,46.0,56.0,113.0,16.0,1.0,411.0,2.0,11.0,3.7076840408382594,9.10800644814616,4.513702310585707
CIN,2019,9,88.0,3.0,8.0,102.34,74.0,39.0,36.0,40.0,105.0,9.0,3.0,364.0,4.0,5.0,3.1659175298026185,9.233926128590971,3.5176861442251317
CLE,2019,9,93.0,1.0,5.0,86.66,85.0,51.0,49.0,35.0,102.0,19.0,4.0,337.0,1.0,6.0,5.088852988691438,10.5931225478883,3.634894991922456
COL,2019,9,125.0,0.0,7.0,108.67,104.0,72.0,65.0,56.0,101.0,24.0,9.0,411.0,4.0,11.0,5.383270451826631,8.364774086684458,4.637894543112175
DET,2019,9,103.0,1.0,5.0,116.01,124.0,66.0,63.0,53.0,129.0,15.0,5.0,455.0,4.0,13.0,4.887509697439876,10.007757951900697,4.111714507370054
HOU,2019,9,83.0,1.0,11.0,90.0,68.0,39.0,37.0,34.0,113.0,14.0,3.0,335.0,0.0,5.0,3.6999999999999997,11.3,3.4
KCR,2019,9,98.0,0.0,7.0,90.33,84.0,50.0,49.0,52.0,99.0,9.0,1.0,351.0,4.0,2.0,4.882098970441714,9.863832613749585,5.181002989040186
LAA,2019,9,120.0,6.0,4.0,138.00999999999996,118.0,78.0,73.0,65.0,123.0,21.0,11.0,508.0,2.0,16.0,4.760524599666692,8.02115788710963,4.238823273675822
LAD,2019,9,120.0,5.0,10.0,121.66,82.0,44.0,41.0,45.0,140.0,12.0,8.0,438.0,4.0,8.0,3.0330429064606284,10.356731875719218,3.3289495314811774
MIA,2019,9,115.0,0.0,5.0,98.64999999999999,89.0,55.0,51.0,51.0,96.0,12.0,8.0,372.0,10.0,8.0,4.652812975164725,8.758236188545363,4.652812975164725
MIL,2019,9,117.0,0.0,12.0,120.99,100.0,53.0,48.0,41.0,158.0,21.0,6.0,446.0,3.0,11.0,3.5705430200843047,11.753037441110836,3.0498388296553434
MIN,2019,9,109.0,4.0,10.0,120.01,119.0,64.0,60.0,43.0,146.0,19.0,5.0,463.0,3.0,7.0,4.499625031247396,10.94908757603533,3.224731272393967
NYM,2019,9,90.0,0.0,6.0,79.01,78.0,47.0,44.0,29.0,85.0,15.0,2.0,310.0,4.0,2.0,5.012023794456397,9.682318693836223,3.3033793190735348
NYY,2019,9,108.0,6.0,1.0,120.0,116.0,65.0,57.0,48.0,155.0,22.0,6.0,457.0,4.0,10.0,4.2749999999999995,11.625,3.6
PHI,2019,9,119.0,2.0,5.0,118.67,91.0,44.0,43.0,48.0,124.0,17.0,4.0,422.0,3.0,6.0,3.2611443498778123,9.404230218252296,3.640347181258953
PIT,2019,9,110.0,1.0,5.0,113.0,106.0,68.0,64.0,68.0,117.0,17.0,11.0,431.0,1.0,12.0,5.097345132743363,9.318584070796462,5.415929203539823
SDP,2019,9,102.0,1.0,2.0,106.02000000000001,90.0,57.0,56.0,32.0,111.0,15.0,8.0,400.0,2.0,4.0,4.753820033955857,9.422750424448216,2.7164685908319184
SEA,2019,9,107.0,1.0,6.0,119.0,89.0,64.0,63.0,47.0,118.0,15.0,7.0,434.0,1.0,9.0,4.764705882352941,8.92436974789916,3.5546218487394956
SFG,2019,9,123.0,0.0,7.0,106.67,84.0,45.0,39.0,50.0,110.0,10.0,5.0,393.0,3.0,12.0,3.290522171182151,9.280959970000938,4.218618168182244
STL,2019,9,111.0,1.0,11.0,105.00999999999999,102.0,65.0,58.0,50.0,110.0,17.0,7.0,407.0,4.0,8.0,4.970955147128845,9.427673554899535,4.28530616131797
TBR,2019,9,128.0,5.0,8.0,143.32999999999998,111.0,56.0,49.0,32.0,165.0,17.0,8.0,532.0,1.0,8.0,3.0768157399009284,10.360706062931698,2.0093490546291775
TEX,2019,9,105.0,8.0,5.0,128.32,141.0,100.0,91.0,70.0,136.0,29.0,6.0,506.0,2.0,11.0,6.3824812967581055,9.538653366583542,4.909600997506235
TOR,2019,9,117.0,4.0,6.0,130.00000000000003,121.0,77.0,69.0,49.0,129.0,18.0,13.0,499.0,1.0,6.0,4.776923076923076,8.93076923076923,3.392307692307692
WAS,2019,9,90.0,0.0,6.0,85.35000000000001,80.0,49.0,45.0,41.0,77.0,13.0,3.0,322.0,4.0,8.0,4.745166959578207,8.119507908611599,4.323374340949033
ARI,2020,7,29.0,0.0,2.0,27.68,22.0,15.0,15.0,22.0,34.0,4.0,0.0,99.0,3.0,3.0,4.877167630057803,11.054913294797688,7.1531791907514455
ATH,2020,7,27.0,0.0,2.0,33.010000000000005,27.0,10.0,9.0,11.0,33.0,1.0,0.0,123.0,2.0,2.0,2.453801878218721,8.997273553468645,2.9990911844895485
ATL,2020,7,27.0,0.0,3.0,33.330000000000005,35.0,15.0,14.0,7.0,39.0,4.0,1.0,133.0,0.0,1.0,3.78037803780378,10.531053105310528,1.89018901890189
BAL,2020,7,24.0,0.0,2.0,27.67,34.0,18.0,18.0,11.0,33.0,2.0,4.0,113.0,0.0,4.0,5.854716299241055,10.7336465486086,3.577882182869534
BOS,2020,7,29.0,1.0,2.0,39.669999999999995,42.0,21.0,21.0,13.0,46.0,7.0,6.0,156.0,0.0,3.0,4.764305520544492,10.436097806906984,2.9493319889084955
CHC,2020,7,25.0,0.0,1.0,21.669999999999995,23.0,24.0,23.0,20.0,25.0,9.0,4.0,85.0,0.0,3.0,9.552376557452703,10.383017997231196,8.306414397784959
CHW,2020,7,31.0,0.0,1.0,33.99999999999999,25.0,14.0,14.0,11.0,36.0,4.0,3.0,125.0,0.0,2.0,3.7058823529411775,9.529411764705884,2.9117647058823537
CIN,2020,7,23.0,0.0,,25.33,26.0,22.0,21.0,10.0,36.0,9.0,4.0,103.0,0.0,0.0,7.4615080931701545,12.791156731148837,3.553099091985788
CLE,2020,7,21.0,0.0,4.0,21.0,14.0,7.0,5.0,6.0,22.0,0.0,5.0,71.0,0.0,0.0,2.142857142857143,9.428571428571429,2.571428571428571
COL,2020,7,18.0,0.0,2.0,20.0,16.0,7.0,7.0,6.0,21.0,2.0,3.0,76.0,1.0,0.0,3.15,9.450000000000001,2.6999999999999997
DET,2020,7,32.0,0.0,4.0,33.66,24.0,18.0,18.0,10.0,26.0,5.0,4.0,123.0,0.0,2.0,4.812834224598931,6.951871657754012,2.6737967914438503
HOU,2020,7,25.0,0.0,2.0,33.67,28.0,13.0,8.0,19.0,32.0,1.0,2.0,126.0,1.0,4.0,2.1384021384021383,8.553608553608553,5.078705078705079
KCR,2020,7,36.0,0.0,2.0,38.68000000000001,26.0,13.0,13.0,18.0,36.0,7.0,4.0,136.0,1.0,6.0,3.024819027921406,8.376421923474663,4.188210961737331
LAA,2020,7,37.0,0.0,1.0,31.999999999999993,35.0,25.0,21.0,22.0,28.0,4.0,2.0,124.0,0.0,3.0,5.906250000000001,7.875000000000002,6.187500000000001
LAD,2020,7,39.0,0.0,2.0,39.33,23.0,10.0,5.0,17.0,36.0,0.0,2.0,134.0,2.0,6.0,1.1441647597254003,8.237986270022883,3.890160183066362
MIA,2020,7,13.0,0.0,1.0,13.0,14.0,7.0,7.0,10.0,6.0,3.0,0.0,53.0,0.0,2.0,4.846153846153846,4.153846153846154,6.923076923076923
MIL,2020,7,24.0,0.0,1.0,26.659999999999997,22.0,18.0,14.0,8.0,32.0,7.0,2.0,102.0,0.0,2.0,4.726181545386347,10.802700675168794,2.7006751687921984
MIN,2020,7,23.0,0.0,3.0,29.0,25.0,11.0,11.0,12.0,36.0,6.0,1.0,107.0,0.0,3.0,3.413793103448276,11.172413793103448,3.7241379310344827
NYM,2020,7,31.0,0.0,2.0,33.0,35.0,27.0,26.0,13.0,37.0,7.0,1.0,134.0,1.0,0.0,7.090909090909091,10.09090909090909,3.5454545454545454
NYY,2020,7,18.0,0.0,2.0,20.65,15.0,7.0,7.0,6.0,20.0,3.0,1.0,75.0,2.0,3.0,3.050847457627119,8.716707021791768,2.6150121065375305
PHI,2020,7,10.0,0.0,,11.66,14.0,8.0,8.0,5.0,9.0,2.0,1.0,49.0,0.0,0.0,6.174957118353344,6.946826758147513,3.8593481989708405
PIT,2020,7,27.0,0.0,1.0,29.660000000000004,34.0,21.0,16.0,17.0,33.0,1.0,2.0,117.0,2.0,3.0,4.85502360080917,10.013486176668913,5.158462575859742
SDP,2020,7,33.0,0.0,2.0,31.669999999999995,31.0,20.0,19.0,13.0,28.0,5.0,1.0,121.0,0.0,3.0,5.399431638774867,7.957057151878751,3.6943479633722776
SEA,2020,7,29.0,0.0,3.0,33.33,32.0,24.0,24.0,17.0,26.0,8.0,3.0,128.0,0.0,2.0,6.480648064806481,7.020702070207021,4.59045904590459
SFG,2020,7,33.0,0.0,2.0,33.67,29.0,25.0,20.0,14.0,30.0,4.0,5.0,133.0,0.0,1.0,5.346005346005346,8.01900801900802,3.742203742203742
STL,2020,7,16.0,0.0,1.0,18.01,6.0,3.0,2.0,3.0,12.0,0.0,0.0,59.0,0.0,1.0,0.9994447529150471,5.996668517490283,1.4991671293725708
TBR,2020,7,30.0,0.0,2.0,36.35,36.0,19.0,14.0,14.0,45.0,3.0,0.0,144.0,0.0,3.0,3.466299862448418,11.141678129298485,3.466299862448418
TEX,2020,7,22.0,0.0,2.0,24.33,21.0,14.0,14.0,13.0,26.0,2.0,2.0,88.0,0.0,1.0,5.178791615289766,9.617755856966708,4.808877928483354
TOR,2020,7,29.0,0.0,2.0,29.0,21.0,15.0,12.0,17.0,30.0,1.0,0.0,105.0,0.0,1.0,3.7241379310344827,9.310344827586208,5.275862068965517
WAS,2020,7,24.0,0.0,1.0,23.999999999999993,15.0,6.0,4.0,8.0,25.0,3.0,0.0,87.0,1.0,3.0,1.5000000000000004,9.375000000000004,3.000000000000001
ARI,2020,8,97.0,5.0,4.0,125.34,127.0,73.0,70.0,54.0,131.0,24.0,9.0,490.0,9.0,11.0,5.026328386787937,9.406414552417424,3.877453326950694
ATH,2020,8,86.0,0.0,11.0,101.99,72.0,20.0,19.0,33.0,109.0,8.0,2.0,370.0,3.0,5.0,1.6766349642121778,9.61859005784881,2.912050201000098
ATL,2020,8,94.0,3.0,5.0,117.34,100.0,48.0,42.0,43.0,111.0,13.0,9.0,432.0,4.0,12.0,3.221407874552582,8.513720811317539,3.2981080620419294
BAL,2020,8,108.0,4.0,6.0,147.68999999999997,107.0,70.0,58.0,66.0,148.0,15.0,9.0,531.0,2.0,10.0,3.5344302254722737,9.01889092017063,4.021937842778795
BOS,2020,8,94.0,3.0,3.0,116.99,126.0,77.0,71.0,58.0,126.0,18.0,3.0,460.0,1.0,15.0,5.462005299598257,9.69313616548423,4.461919822207027
CHC,2020,8,82.0,1.0,9.0,92.01,79.0,48.0,47.0,44.0,108.0,12.0,3.0,347.0,1.0,8.0,4.597326377567655,10.56406912292142,4.30388001304206
CHW,2020,8,98.0,2.0,7.0,101.66,93.0,50.0,47.0,37.0,108.0,13.0,5.0,387.0,2.0,8.0,4.160928585481016,9.561282707062759,3.2756246311233523
CIN,2020,8,78.0,2.0,4.0,90.68,61.0,51.0,45.0,52.0,112.0,15.0,4.0,324.0,3.0,7.0,4.466254962505514,11.116012351124834,5.161005734450816
CLE,2020,8,82.0,0.0,9.0,83.66,62.0,29.0,27.0,26.0,97.0,8.0,7.0,297.0,3.0,11.0,2.90461391345924,10.435094429835047,2.797035620368157
COL,2020,8,89.0,0.0,9.0,91.33,112.0,77.0,69.0,37.0,77.0,13.0,8.0,360.0,2.0,16.0,6.799518230592358,7.587868170371182,3.6461184714770614
DET,2020,8,97.0,3.0,3.0,121.0,117.0,65.0,64.0,37.0,104.0,20.0,8.0,468.0,1.0,8.0,4.760330578512397,7.735537190082645,2.7520661157024793
HOU,2020,8,86.0,1.0,7.0,88.67,91.0,60.0,56.0,61.0,96.0,14.0,4.0,345.0,6.0,4.0,5.683996842223976,9.743994586669674,6.191496560279688
KCR,2020,8,100.0,1.0,3.0,96.02000000000001,101.0,53.0,41.0,51.0,105.0,12.0,9.0,379.0,3.0,12.0,3.842949385544678,9.841699645907102,4.780254113726306
LAA,2020,8,102.0,1.0,4.0,114.69000000000001,98.0,58.0,51.0,43.0,115.0,12.0,4.0,428.0,4.0,4.0,4.002092597436568,9.024326445200103,3.374313366466126
LAD,2020,8,108.0,1.0,8.0,112.01,79.0,33.0,29.0,30.0,111.0,10.0,5.0,398.0,1.0,11.0,2.330149093830908,8.918846531559682,2.410499062583698
MIA,2020,8,108.0,1.0,10.0,110.34,103.0,63.0,59.0,54.0,83.0,19.0,11.0,412.0,4.0,15.0,4.8123980424143555,6.769983686786296,4.404567699836868
MIL,2020,8,84.0,1.0,8.0,102.34,84.0,53.0,47.0,51.0,140.0,14.0,7.0,382.0,1.0,8.0,4.13328121946453,12.311901504787961,4.485049833887043
MIN,2020,8,103.0,7.0,8.0,134.0,125.0,63.0,57.0,49.0,147.0,21.0,6.0,509.0,0.0,8.0,3.828358208955224,9.873134328358208,3.291044776119403
NYM,2020,8,84.0,2.0,4.0,98.66,82.0,46.0,39.0,53.0,112.0,11.0,8.0,365.0,4.0,11.0,3.557672815730793,10.216906547739713,4.834786134198256
NYY,2020,8,73.0,2.0,7.0,85.01,80.0,50.0,45.0,41.0,96.0,11.0,5.0,335.0,2.0,4.0,4.764145394659452,10.163510175273496,4.340665804023056
PHI,2020,8,106.0,0.0,8.0,100.34,142.0,87.0,78.0,45.0,111.0,24.0,3.0,429.0,4.0,6.0,6.996212876220849,9.956149093083514,4.036276659358182
PIT,2020,8,93.0,1.0,3.0,107.67,90.0,64.0,57.0,55.0,114.0,16.0,10.0,401.0,1.0,9.0,4.764558372805795,9.52911674561159,4.597380886040679
SDP,2020,8,115.0,3.0,13.0,131.0,127.0,76.0,72.0,57.0,149.0,18.0,11.0,508.0,2.0,8.0,4.9465648854961835,10.236641221374047,3.9160305343511452
SEA,2020,8,90.0,1.0,6.0,94.67,94.0,75.0,73.0,68.0,105.0,19.0,15.0,365.0,2.0,10.0,6.939896482518221,9.98204288581388,6.4645611070032745
SFG,2020,8,109.0,0.0,5.0,99.99,93.0,60.0,55.0,49.0,78.0,20.0,6.0,373.0,1.0,13.0,4.9504950495049505,7.020702070207021,4.41044104410441
STL,2020,8,66.0,2.0,4.0,79.33,66.0,50.0,42.0,44.0,88.0,15.0,5.0,290.0,2.0,5.0,4.764906088491113,9.983612756838522,4.991806378419261
TBR,2020,8,116.0,6.0,13.0,144.33000000000004,132.0,71.0,62.0,51.0,135.0,19.0,9.0,542.0,1.0,18.0,3.8661400956142162,8.418208272708373,3.1802120141342747
TEX,2020,8,98.0,0.0,6.0,98.32,83.0,60.0,54.0,60.0,114.0,14.0,5.0,369.0,2.0,7.0,4.9430431244914566,10.4353132628153,5.492270138323841
TOR,2020,8,107.0,1.0,6.0,124.00999999999999,99.0,53.0,42.0,57.0,137.0,9.0,3.0,447.0,6.0,8.0,3.048141278929119,9.942746552697363,4.136763164260947
WAS,2020,8,93.0,2.0,5.0,107.66,116.0,65.0,64.0,48.0,104.0,16.0,7.0,432.0,5.0,7.0,5.350176481515883,8.69403678246331,4.012632361136912
ARI,2020,9,76.0,0.0,7.0,84.0,77.0,41.0,34.0,43.0,78.0,9.0,3.0,317.0,4.0,13.0,3.642857142857143,8.357142857142858,4.607142857142857
ATH,2020,9,66.0,0.0,4.0,69.34,55.0,34.0,30.0,30.0,81.0,12.0,1.0,256.0,1.0,5.0,3.8938563599653877,10.513412171906547,3.8938563599653877
ATL,2020,9,106.0,4.0,5.0,135.32999999999998,125.0,63.0,57.0,55.0,139.0,14.0,6.0,514.0,7.0,11.0,3.7907337619153183,9.24407005098648,3.6577255597428513
BAL,2020,9,81.0,3.0,3.0,101.01,99.0,55.0,46.0,41.0,84.0,14.0,7.0,390.0,0.0,7.0,4.098604098604098,7.484407484407484,3.6531036531036527
BOS,2020,9,98.0,5.0,7.0,118.0,150.0,98.0,86.0,64.0,132.0,27.0,8.0,499.0,3.0,6.0,6.5593220338983045,10.067796610169491,4.88135593220339
CHC,2020,9,78.0,0.0,6.0,75.0,56.0,32.0,26.0,32.0,85.0,8.0,1.0,266.0,4.0,7.0,3.12,10.2,3.8400000000000003
CHW,2020,9,95.0,0.0,5.0,102.67,86.0,46.0,39.0,43.0,105.0,11.0,5.0,391.0,3.0,4.0,3.418720171423006,9.20424661536963,3.769358137722801
CIN,2020,9,69.0,4.0,5.0,94.33,80.0,38.0,35.0,39.0,109.0,11.0,6.0,348.0,2.0,9.0,3.3393406127425,10.399660765398071,3.7209795399130714
CLE,2020,9,76.0,2.0,6.0,79.67,79.0,50.0,42.0,29.0,98.0,11.0,6.0,309.0,5.0,6.0,4.744571356846993,11.070666499309652,3.2760135559181625
COL,2020,9,80.0,1.0,5.0,87.34,121.0,88.0,83.0,49.0,72.0,23.0,12.0,366.0,2.0,9.0,8.552782230364095,7.4192809709182495,5.049232882986032
DET,2020,9,91.0,1.0,4.0,105.01,118.0,64.0,62.0,47.0,102.0,20.0,7.0,416.0,0.0,6.0,5.313779640034282,8.742024569088658,4.028187791638891
HOU,2020,9,83.0,2.0,7.0,93.02000000000001,87.0,52.0,47.0,45.0,97.0,13.0,6.0,353.0,0.0,5.0,4.547409159320575,9.385078477746719,4.35390238658353
KCR,2020,9,83.0,2.0,8.0,92.99,92.0,47.0,47.0,31.0,111.0,11.0,2.0,352.0,1.0,7.0,4.5488762232498114,10.743090654909132,3.0003226153349827
LAA,2020,9,89.0,1.0,7.0,104.30999999999999,85.0,59.0,58.0,30.0,118.0,20.0,3.0,394.0,2.0,4.0,5.004314063848145,10.18119068162209,2.588438308886972
LAD,2020,9,104.0,5.0,5.0,98.01,94.0,54.0,47.0,24.0,100.0,12.0,9.0,386.0,1.0,3.0,4.315886134067952,9.182736455463727,2.203856749311295
MIA,2020,9,94.0,0.0,7.0,103.0,119.0,82.0,75.0,53.0,97.0,20.0,3.0,410.0,8.0,14.0,6.553398058252427,8.475728155339805,4.631067961165049
MIL,2020,9,73.0,0.0,5.0,83.0,64.0,41.0,39.0,31.0,111.0,12.0,5.0,307.0,0.0,4.0,4.228915662650603,12.036144578313253,3.36144578313253
MIN,2020,9,84.0,1.0,6.0,87.0,76.0,36.0,31.0,30.0,102.0,7.0,3.0,331.0,0.0,3.0,3.206896551724138,10.551724137931034,3.1034482758620694
NYM,2020,9,78.0,1.0,5.0,93.0,87.0,59.0,55.0,65.0,115.0,16.0,7.0,359.0,2.0,5.0,5.322580645161291,11.129032258064516,6.290322580645162
NYY,2020,9,78.0,1.0,4.0,92.01,82.0,55.0,47.0,42.0,88.0,15.0,7.0,351.0,1.0,4.0,4.597326377567655,8.60776002608412,4.108249103358331
PHI,2020,9,86.0,3.0,6.0,88.34,108.0,73.0,69.0,40.0,100.0,19.0,8.0,363.0,3.0,7.0,7.029658139008377,10.187910346388952,4.07516413855558
PIT,2020,9,86.0,0.0,2.0,92.02000000000001,79.0,49.0,40.0,41.0,109.0,10.0,5.0,350.0,0.0,6.0,3.912193001521408,10.660725929145837,4.009997826559443
SDP,2020,9,87.0,5.0,4.0,103.67,84.0,41.0,38.0,35.0,130.0,14.0,4.0,380.0,0.0,10.0,3.298929294877978,11.285810745635189,3.038487508440243
SEA,2020,9,69.0,0.0,6.0,80.33,87.0,52.0,47.0,36.0,62.0,13.0,5.0,314.0,2.0,6.0,5.265778663015063,6.946346321424126,4.03336238018175
SFG,2020,9,89.0,3.0,6.0,89.66,74.0,41.0,36.0,35.0,92.0,8.0,6.0,330.0,0.0,3.0,3.613651572607629,9.234887352219497,3.513272362257417
STL,2020,9,92.0,0.0,8.0,97.0,73.0,42.0,39.0,50.0,108.0,13.0,7.0,353.0,1.0,9.0,3.618556701030928,10.02061855670103,4.639175257731958
TBR,2020,9,78.0,4.0,8.0,91.34,67.0,28.0,25.0,27.0,86.0,7.0,6.0,331.0,2.0,9.0,2.463323844974819,8.473834026713378,2.660389752572805
TEX,2020,9,84.0,5.0,2.0,98.66,91.0,54.0,49.0,42.0,88.0,16.0,8.0,380.0,0.0,7.0,4.4698966146361245,8.027569430366917,3.8313399554023926
TOR,2020,9,96.0,7.0,9.0,134.69,162.0,113.0,104.0,80.0,121.0,29.0,6.0,554.0,1.0,10.0,6.949290964436855,8.085232756700572,5.3456084341821954
WAS,2020,9,85.0,0.0,6.0,82.01,74.0,54.0,49.0,54.0,95.0,16.0,4.0,313.0,8.0,9.0,5.377393000853554,10.425557858797706,5.926106572369223
ARI,2021,4,91.0,3.0,4.0,107.01,107.0,61.0,52.0,43.0,100.0,17.0,2.0,412.0,5.0,10.0,4.373423044575273,8.410428931875526,3.6164844407064756
ATH,2021,4,89.0,0.0,6.0,91.32,82.0,45.0,38.0,37.0,87.0,9.0,4.0,347.0,3.0,8.0,3.7450722733245736,8.574244415243102,3.6465177398160318
ATL,2021,4,92.0,0.0,6.0,91.67,86.0,52.0,49.0,51.0,102.0,11.0,5.0,353.0,5.0,4.0,4.810734155121632,10.014181302498091,5.007090651249046
BAL,2021,4,93.0,1.0,7.0,104.35000000000001,82.0,41.0,36.0,45.0,104.0,11.0,7.0,383.0,1.0,5.0,3.1049353138476277,8.969813128893147,3.881169142309535
BOS,2021,4,86.0,0.0,7.0,97.99,74.0,39.0,34.0,44.0,118.0,7.0,4.0,356.0,0.0,6.0,3.122767629349934,10.837840595979182,4.041228696805796
CHC,2021,4,105.0,1.0,5.0,109.67,88.0,51.0,47.0,65.0,130.0,12.0,15.0,405.0,2.0,10.0,3.8570256223215096,10.668368742591412,5.334184371295706
CHW,2021,4,75.0,2.0,5.0,88.0,84.0,48.0,42.0,31.0,110.0,13.0,3.0,338.0,3.0,6.0,4.295454545454546,11.25,3.170454545454546
CIN,2021,4,89.0,2.0,5.0,103.67,89.0,74.0,70.0,66.0,121.0,19.0,9.0,388.0,5.0,7.0,6.076975016880486,10.504485386321983,5.729719301630173
CLE,2021,4,72.0,0.0,8.0,79.0,59.0,28.0,23.0,30.0,87.0,12.0,5.0,293.0,1.0,3.0,2.620253164556962,9.911392405063292,3.417721518987342
COL,2021,4,86.0,0.0,3.0,85.35000000000001,96.0,54.0,48.0,40.0,85.0,14.0,5.0,340.0,1.0,8.0,5.061511423550087,8.963093145869946,4.21792618629174
DET,2021,4,81.0,4.0,5.0,97.68,105.0,73.0,72.0,52.0,102.0,21.0,0.0,395.0,0.0,5.0,6.6339066339066335,9.398034398034397,4.791154791154791
HOU,2021,4,75.0,0.0,5.0,91.0,79.0,45.0,42.0,34.0,95.0,14.0,6.0,340.0,2.0,7.0,4.153846153846154,9.395604395604396,3.3626373626373627
KCR,2021,4,85.0,1.0,9.0,95.64999999999999,80.0,49.0,47.0,49.0,92.0,11.0,3.0,349.0,1.0,9.0,4.422373235755359,8.656560376372191,4.610559330893884
LAA,2021,4,84.0,0.0,5.0,99.33,98.0,53.0,47.0,37.0,98.0,9.0,5.0,389.0,1.0,7.0,4.25853216550891,8.879492600422832,3.3524614919963756
LAD,2021,4,84.0,0.0,9.0,80.34,70.0,39.0,33.0,43.0,83.0,6.0,4.0,302.0,3.0,6.0,3.696788648244959,9.29798356982823,4.817027632561613
MIA,2021,4,100.0,1.0,4.0,99.32,82.0,51.0,44.0,29.0,95.0,14.0,11.0,367.0,3.0,6.0,3.987112364075715,8.608538058799839,2.627869512686267
MIL,2021,4,88.0,0.0,8.0,97.68,82.0,51.0,47.0,48.0,106.0,17.0,9.0,366.0,2.0,8.0,4.33046683046683,9.766584766584765,4.422604422604422
MIN,2021,4,71.0,0.0,4.0,81.33,74.0,53.0,42.0,31.0,93.0,12.0,8.0,309.0,3.0,9.0,4.64773146440428,10.291405385466618,3.430468461822206
NYM,2021,4,60.0,0.0,2.0,62.31999999999999,51.0,33.0,25.0,28.0,80.0,3.0,6.0,230.0,2.0,5.0,3.6103979460847246,11.553273427471117,4.043645699614891
NYY,2021,4,79.0,1.0,6.0,104.33,67.0,35.0,28.0,34.0,126.0,8.0,6.0,367.0,1.0,6.0,2.4154126329914694,10.869356848461612,2.9330010543467844
PHI,2021,4,80.0,2.0,7.0,90.33,85.0,49.0,45.0,35.0,100.0,18.0,6.0,349.0,4.0,11.0,4.483560278977084,9.963467286615742,3.4872135503155097
PIT,2021,4,89.0,0.0,4.0,97.67,71.0,42.0,38.0,31.0,106.0,11.0,6.0,353.0,0.0,12.0,3.501586976553701,9.76758472407085,2.85655779666223
SDP,2021,4,105.0,0.0,10.0,111.0,96.0,49.0,39.0,35.0,138.0,16.0,10.0,418.0,5.0,11.0,3.1621621621621623,11.18918918918919,2.8378378378378377
SEA,2021,4,78.0,0.0,8.0,91.01,57.0,26.0,21.0,34.0,79.0,3.0,8.0,316.0,1.0,9.0,2.0766948686957476,7.812328315569717,3.362267882650258
SFG,2021,4,87.0,0.0,11.0,78.66,63.0,44.0,37.0,35.0,83.0,14.0,5.0,291.0,0.0,6.0,4.233409610983982,9.496567505720824,4.004576659038902
STL,2021,4,87.0,2.0,7.0,95.32,72.0,50.0,49.0,60.0,99.0,8.0,10.0,347.0,2.0,4.0,4.626521191775074,9.347461183382292,5.665127989928662
TBR,2021,4,76.0,1.0,9.0,93.33,90.0,54.0,47.0,32.0,87.0,11.0,4.0,349.0,3.0,11.0,4.532304725168756,8.389585342333655,3.085824493731919
TEX,2021,4,77.0,0.0,5.0,106.34,103.0,57.0,52.0,33.0,107.0,17.0,7.0,411.0,1.0,7.0,4.400977995110024,9.05585856686101,2.7929283430505927
TOR,2021,4,90.0,5.0,6.0,106.64999999999999,81.0,37.0,32.0,35.0,109.0,12.0,9.0,389.0,0.0,11.0,2.7004219409282704,9.19831223628692,2.9535864978902957
WAS,2021,4,77.0,1.0,3.0,82.99,64.0,35.0,34.0,37.0,76.0,12.0,6.0,303.0,4.0,2.0,3.6871912278587784,8.241956862272563,4.012531630316906
ARI,2021,5,97.0,3.0,2.0,112.99,144.0,78.0,70.0,41.0,97.0,17.0,6.0,473.0,7.0,8.0,5.575714665014603,7.726347464377379,3.2657757323656966
ATH,2021,5,81.0,0.0,8.0,92.0,81.0,47.0,41.0,34.0,76.0,5.0,1.0,344.0,2.0,8.0,4.010869565217391,7.434782608695652,3.326086956521739
ATL,2021,5,92.0,0.0,4.0,86.97999999999999,88.0,56.0,45.0,34.0,96.0,12.0,4.0,340.0,1.0,6.0,4.656242814440102,9.933318004138883,3.518050126465855
BAL,2021,5,92.0,2.0,2.0,104.68,118.0,78.0,76.0,49.0,124.0,20.0,2.0,424.0,0.0,6.0,6.534199465036301,10.661062285059227,4.212839128773404
BOS,2021,5,82.0,0.0,9.0,84.33,89.0,47.0,42.0,40.0,99.0,10.0,11.0,332.0,2.0,6.0,4.48239060832444,10.56563500533618,4.268943436499467
CHC,2021,5,100.0,1.0,10.0,105.67,67.0,25.0,18.0,39.0,132.0,5.0,9.0,375.0,3.0,5.0,1.5330746664143087,11.24254755370493,3.321661777231002
CHW,2021,5,82.0,1.0,9.0,86.68,80.0,31.0,27.0,28.0,105.0,8.0,3.0,329.0,3.0,7.0,2.803414859252422,10.902168897092753,2.9072450392247347
CIN,2021,5,91.0,0.0,5.0,103.01,79.0,58.0,52.0,47.0,121.0,14.0,4.0,369.0,4.0,8.0,4.5432482283273465,10.571789146684786,4.106397437142025
CLE,2021,5,91.0,2.0,9.0,102.0,72.0,37.0,34.0,55.0,133.0,6.0,3.0,363.0,2.0,10.0,3.0,11.73529411764706,4.852941176470588
COL,2021,5,85.0,1.0,4.0,86.66,84.0,60.0,55.0,46.0,82.0,14.0,4.0,329.0,1.0,8.0,5.7119778444495735,8.516039695361181,4.777290560812371
DET,2021,5,98.0,2.0,6.0,99.67,93.0,60.0,43.0,46.0,110.0,11.0,8.0,383.0,1.0,3.0,3.882813283836661,9.932778167954249,4.153707233871777
HOU,2021,5,92.0,0.0,5.0,89.01,89.0,69.0,52.0,50.0,87.0,14.0,6.0,345.0,3.0,8.0,5.25783619817998,8.796764408493427,5.05561172901921
KCR,2021,5,95.0,5.0,4.0,123.67,101.0,54.0,51.0,72.0,134.0,14.0,5.0,461.0,3.0,9.0,3.7114902563273224,9.751758712703161,5.239750950109162
LAA,2021,5,96.0,1.0,6.0,104.67,103.0,68.0,64.0,59.0,110.0,19.0,3.0,407.0,3.0,11.0,5.503009458297506,9.45829750644884,5.073086844368014
LAD,2021,5,94.0,1.0,9.0,95.34,75.0,63.0,42.0,49.0,106.0,13.0,8.0,354.0,8.0,5.0,3.964757709251101,10.00629326620516,4.6255506607929515
MIA,2021,5,98.0,4.0,6.0,110.67,98.0,48.0,43.0,37.0,106.0,3.0,6.0,422.0,2.0,2.0,3.496882624017349,8.620222282461372,3.0089455136893464
MIL,2021,5,72.0,2.0,6.0,88.34,82.0,57.0,52.0,40.0,101.0,11.0,7.0,336.0,5.0,4.0,5.2977133801222545,10.28978944985284,4.07516413855558
MIN,2021,5,96.0,0.0,8.0,100.64999999999999,103.0,61.0,53.0,50.0,110.0,17.0,2.0,386.0,0.0,13.0,4.73919523099851,9.836065573770492,4.470938897168406
NYM,2021,5,92.0,4.0,11.0,103.33,93.0,39.0,36.0,40.0,115.0,9.0,5.0,389.0,3.0,6.0,3.1355850188715766,10.016452143617535,3.4839833543017518
NYY,2021,5,75.0,1.0,9.0,89.67,72.0,46.0,36.0,38.0,85.0,14.0,2.0,329.0,1.0,11.0,3.6132485781197725,8.531281365005018,3.8139846102375374
PHI,2021,5,85.0,1.0,6.0,89.0,92.0,56.0,48.0,44.0,87.0,13.0,8.0,348.0,6.0,6.0,4.853932584269662,8.797752808988763,4.449438202247191
PIT,2021,5,100.0,0.0,2.0,108.64999999999999,105.0,64.0,58.0,54.0,107.0,12.0,3.0,417.0,1.0,10.0,4.8044178554993096,8.863322595490107,4.4730786930510815
SDP,2021,5,95.0,1.0,9.0,111.34,68.0,31.0,22.0,51.0,119.0,10.0,7.0,384.0,7.0,13.0,1.7783366265493084,9.61918447997126,4.122507634273397
SEA,2021,5,106.0,5.0,9.0,123.66,128.0,79.0,76.0,46.0,128.0,18.0,7.0,479.0,3.0,15.0,5.531295487627365,9.315866084425037,3.3478893740902476
SFG,2021,5,93.0,0.0,10.0,95.34,87.0,47.0,39.0,30.0,84.0,15.0,4.0,366.0,5.0,2.0,3.6815607300188797,7.929515418502202,2.8319697923222154
STL,2021,5,95.0,0.0,12.0,97.0,87.0,57.0,52.0,66.0,97.0,3.0,7.0,359.0,4.0,6.0,4.824742268041237,9.0,6.123711340206186
TBR,2021,5,108.0,7.0,8.0,147.32,123.0,61.0,54.0,44.0,148.0,22.0,4.0,546.0,5.0,12.0,3.298941080640782,9.041542221015478,2.688026065707304
TEX,2021,5,80.0,1.0,7.0,99.33,99.0,46.0,41.0,38.0,106.0,9.0,3.0,385.0,6.0,7.0,3.7148897614013894,9.60434913923286,3.4430685593476293
TOR,2021,5,89.0,2.0,5.0,97.67,83.0,60.0,50.0,58.0,105.0,11.0,3.0,363.0,7.0,11.0,4.607351284939081,9.675437698372068,5.344527490529334
WAS,2021,5,90.0,0.0,5.0,88.66,81.0,44.0,40.0,38.0,95.0,11.0,1.0,337.0,4.0,8.0,4.0604556733588995,9.643582224227385,3.8574328896909544
ARI,2021,6,98.0,5.0,,125.66,142.0,97.0,89.0,56.0,99.0,22.0,9.0,494.0,3.0,9.0,6.374343466496897,7.090561833519019,4.01082285532389
ATH,2021,6,72.0,0.0,7.0,71.34,75.0,40.0,39.0,22.0,55.0,19.0,4.0,278.0,1.0,6.0,4.920100925147183,6.938603868797308,2.7754415475189234
ATL,2021,6,99.0,0.0,7.0,93.99,87.0,50.0,49.0,36.0,88.0,13.0,4.0,356.0,1.0,6.0,4.6919885094158955,8.426428343440792,3.4471752314075967
BAL,2021,6,89.0,1.0,6.0,121.66,125.0,77.0,73.0,55.0,132.0,17.0,7.0,474.0,1.0,9.0,5.400295906625021,9.764918625678119,4.06871609403255
BOS,2021,6,91.0,0.0,10.0,97.0,82.0,32.0,23.0,48.0,109.0,11.0,3.0,353.0,6.0,15.0,2.134020618556701,10.11340206185567,4.453608247422681
CHC,2021,6,96.0,0.0,8.0,107.0,65.0,47.0,45.0,57.0,123.0,15.0,4.0,375.0,2.0,7.0,3.7850467289719627,10.345794392523365,4.794392523364485
CHW,2021,6,76.0,1.0,9.0,81.33,71.0,47.0,43.0,31.0,87.0,14.0,4.0,308.0,0.0,4.0,4.758391737366286,9.627443747694578,3.430468461822206
CIN,2021,6,97.0,0.0,9.0,88.66,100.0,62.0,59.0,51.0,111.0,21.0,2.0,356.0,9.0,4.0,5.989172118204377,11.267764493570946,5.177080983532597
CLE,2021,6,94.0,2.0,5.0,106.01,105.0,63.0,59.0,49.0,134.0,16.0,5.0,412.0,1.0,7.0,5.008961418734081,11.376285256107913,4.159984907084237
COL,2021,6,85.0,0.0,6.0,84.0,75.0,51.0,49.0,46.0,91.0,14.0,6.0,313.0,2.0,5.0,5.25,9.75,4.928571428571429
DET,2021,6,101.0,2.0,6.0,110.34,113.0,66.0,59.0,48.0,108.0,12.0,12.0,428.0,2.0,14.0,4.8123980424143555,8.809135399673735,3.915171288743882
HOU,2021,6,71.0,0.0,6.0,82.32,70.0,41.0,36.0,38.0,97.0,10.0,6.0,311.0,1.0,5.0,3.9358600583090384,10.604956268221574,4.154518950437318
KCR,2021,6,85.0,2.0,3.0,104.0,91.0,53.0,52.0,46.0,105.0,21.0,4.0,385.0,2.0,15.0,4.5,9.086538461538462,3.980769230769231
LAA,2021,6,87.0,0.0,7.0,103.99,94.0,55.0,51.0,54.0,107.0,10.0,6.0,393.0,4.0,13.0,4.413885950572171,9.260505817867104,4.673526300605828
LAD,2021,6,85.0,1.0,10.0,85.66,69.0,33.0,31.0,34.0,95.0,5.0,7.0,316.0,2.0,7.0,3.257062806444081,9.98132150361896,3.572262432874154
MIA,2021,6,94.0,0.0,4.0,93.0,77.0,44.0,36.0,36.0,83.0,6.0,5.0,342.0,6.0,14.0,3.4838709677419355,8.032258064516128,3.4838709677419355
MIL,2021,6,91.0,0.0,10.0,102.01,88.0,45.0,40.0,53.0,131.0,14.0,5.0,371.0,2.0,7.0,3.5290657778649153,11.557690422507596,4.676012155671013
MIN,2021,6,87.0,1.0,7.0,104.0,99.0,71.0,64.0,40.0,88.0,18.0,4.0,396.0,3.0,8.0,5.538461538461538,7.615384615384615,3.4615384615384617
NYM,2021,6,85.0,1.0,9.0,104.33,87.0,56.0,51.0,48.0,103.0,18.0,4.0,386.0,3.0,10.0,4.399501581520177,8.885267899932906,4.140707370842519
NYY,2021,6,83.0,0.0,5.0,102.33,98.0,55.0,51.0,37.0,104.0,11.0,7.0,395.0,2.0,3.0,4.485488126649076,9.146877748460861,3.2541776605101145
PHI,2021,6,76.0,0.0,5.0,86.67,77.0,56.0,42.0,38.0,90.0,14.0,5.0,323.0,1.0,14.0,4.361370716510903,9.345794392523365,3.946002076843198
PIT,2021,6,86.0,0.0,5.0,95.33,75.0,41.0,39.0,49.0,92.0,7.0,5.0,347.0,1.0,6.0,3.6819469212210216,8.685618378264975,4.626035875380259
SDP,2021,6,95.0,2.0,9.0,102.33,95.0,51.0,47.0,37.0,104.0,11.0,9.0,389.0,0.0,14.0,4.133685136323659,9.146877748460861,3.2541776605101145
SEA,2021,6,104.0,0.0,4.0,108.67,97.0,66.0,62.0,49.0,113.0,13.0,6.0,406.0,1.0,8.0,5.1348118155884785,9.358608631637066,4.058157725223153
SFG,2021,6,85.0,3.0,7.0,92.0,59.0,32.0,20.0,21.0,78.0,5.0,2.0,322.0,3.0,5.0,1.9565217391304348,7.630434782608695,2.0543478260869565
STL,2021,6,88.0,1.0,5.0,103.34,86.0,43.0,42.0,48.0,92.0,14.0,7.0,376.0,2.0,10.0,3.657828527191794,8.012386297658216,4.180375459647765
TBR,2021,6,93.0,3.0,6.0,102.01,73.0,39.0,30.0,38.0,128.0,8.0,2.0,357.0,4.0,7.0,2.6467993333986866,11.293010489167727,3.3526124889716695
TEX,2021,6,82.0,1.0,4.0,92.32,93.0,66.0,60.0,42.0,99.0,17.0,2.0,362.0,2.0,5.0,5.849220103986136,9.651213171577124,4.094454072790295
TOR,2021,6,96.0,1.0,4.0,101.33,90.0,53.0,49.0,40.0,114.0,17.0,8.0,391.0,1.0,4.0,4.35211684594888,10.125333070166782,3.552748445672555
WAS,2021,6,97.0,3.0,12.0,107.66,88.0,50.0,42.0,31.0,114.0,12.0,7.0,404.0,1.0,6.0,3.5110533159947988,9.530001857700167,2.591491733234256
ARI,2021,7,80.0,2.0,7.0,92.0,115.0,65.0,56.0,34.0,77.0,16.0,8.0,374.0,2.0,13.0,5.478260869565218,7.532608695652175,3.326086956521739
ATH,2021,7,76.0,0.0,5.0,76.67,55.0,26.0,22.0,31.0,68.0,5.0,0.0,275.0,3.0,7.0,2.582496413199426,7.982261640798225,3.638972218599191
ATL,2021,7,88.0,0.0,5.0,90.32,87.0,35.0,33.0,32.0,78.0,11.0,1.0,347.0,2.0,5.0,3.288308237378211,7.772364924712135,3.188662533215235
BAL,2021,7,74.0,0.0,3.0,83.33,76.0,51.0,45.0,37.0,84.0,13.0,11.0,322.0,1.0,1.0,4.860194407776311,9.07236289451578,3.996159846393856
BOS,2021,7,80.0,0.0,7.0,88.33,75.0,47.0,44.0,38.0,87.0,9.0,9.0,320.0,3.0,5.0,4.483188044831881,8.864485452281219,3.8718442205366244
CHC,2021,7,92.0,0.0,5.0,87.01,81.0,56.0,50.0,50.0,94.0,21.0,8.0,338.0,2.0,4.0,5.171819331111366,9.72302034248937,5.171819331111366
CHW,2021,7,66.0,1.0,6.0,73.66,54.0,43.0,37.0,34.0,92.0,12.0,1.0,260.0,0.0,5.0,4.520771110507739,11.240836274776,4.154222101547652
CIN,2021,7,101.0,1.0,10.0,86.35000000000001,88.0,61.0,50.0,38.0,100.0,18.0,6.0,344.0,1.0,5.0,5.211349160393746,10.422698320787491,3.960625361899247
CLE,2021,7,73.0,0.0,5.0,78.33,78.0,42.0,36.0,25.0,80.0,14.0,3.0,303.0,1.0,8.0,4.136346227499042,9.191880505553428,2.872462657985446
COL,2021,7,77.0,1.0,6.0,75.66,71.0,47.0,45.0,42.0,79.0,12.0,3.0,291.0,1.0,3.0,5.35289452815226,9.397303727200635,4.9960348929421095
DET,2021,7,91.0,4.0,6.0,108.32,103.0,68.0,63.0,56.0,110.0,21.0,8.0,414.0,3.0,9.0,5.234490398818316,9.139586410635156,4.652880354505171
HOU,2021,7,78.0,0.0,7.0,83.34,62.0,28.0,26.0,43.0,107.0,7.0,3.0,306.0,0.0,6.0,2.8077753779697625,11.555075593952484,4.643628509719222
KCR,2021,7,76.0,0.0,7.0,73.32000000000001,80.0,55.0,55.0,27.0,77.0,15.0,5.0,289.0,2.0,8.0,6.751227495908346,9.451718494271686,3.3142389525368245
LAA,2021,7,77.0,1.0,7.0,77.32,78.0,43.0,41.0,34.0,81.0,11.0,6.0,303.0,0.0,4.0,4.7723745473357475,9.428349715468185,3.9575788929125713
LAD,2021,7,109.0,5.0,3.0,107.67,99.0,55.0,45.0,44.0,111.0,14.0,5.0,405.0,6.0,11.0,3.7614934522151016,9.278350515463917,3.6779047088325436
MIA,2021,7,106.0,6.0,4.0,128.01,117.0,73.0,64.0,59.0,121.0,23.0,10.0,480.0,10.0,11.0,4.499648464963675,8.50714787907195,4.148113428638388
MIL,2021,7,86.0,1.0,2.0,85.0,59.0,33.0,27.0,27.0,93.0,12.0,9.0,304.0,2.0,7.0,2.8588235294117643,9.847058823529412,2.8588235294117643
MIN,2021,7,75.0,0.0,5.0,86.33,86.0,55.0,51.0,30.0,90.0,10.0,4.0,327.0,2.0,9.0,5.316807598748986,9.382601644851151,3.1275338816170506
NYM,2021,7,106.0,2.0,8.0,118.0,110.0,56.0,52.0,51.0,130.0,19.0,5.0,455.0,3.0,5.0,3.9661016949152543,9.915254237288135,3.8898305084745766
NYY,2021,7,54.0,0.0,7.0,58.010000000000005,54.0,37.0,33.0,29.0,81.0,9.0,3.0,222.0,0.0,4.0,5.119806929839683,12.566798827788311,4.4992242716772965
PHI,2021,7,86.0,2.0,5.0,102.66,107.0,57.0,52.0,49.0,102.0,15.0,3.0,406.0,5.0,9.0,4.558737580362361,8.942139099941555,4.29573348918761
PIT,2021,7,95.0,0.0,4.0,94.67,103.0,66.0,61.0,57.0,94.0,13.0,8.0,372.0,1.0,11.0,5.799091581282349,8.936305059680997,5.418823280870392
SDP,2021,7,97.0,0.0,8.0,101.66,97.0,43.0,35.0,41.0,94.0,12.0,7.0,392.0,2.0,7.0,3.09856384025182,8.321857170962032,3.6297462128664177
SEA,2021,7,83.0,2.0,8.0,92.67,91.0,47.0,42.0,25.0,99.0,9.0,5.0,362.0,0.0,2.0,4.07898996438977,9.614762058918744,2.427970216898673
SFG,2021,7,97.0,1.0,9.0,99.33,89.0,48.0,43.0,26.0,97.0,12.0,6.0,384.0,0.0,6.0,3.896103896103896,8.78888553307158,2.3557837511325888
STL,2021,7,89.0,0.0,5.0,82.0,73.0,47.0,46.0,48.0,77.0,8.0,10.0,309.0,4.0,4.0,5.048780487804878,8.451219512195122,5.268292682926829
TBR,2021,7,88.0,2.0,4.0,106.33,75.0,37.0,28.0,29.0,127.0,9.0,6.0,388.0,2.0,4.0,2.3699802501645824,10.749553277532211,2.454622401956174
TEX,2021,7,78.0,2.0,2.0,88.68,66.0,44.0,38.0,39.0,80.0,11.0,3.0,319.0,1.0,7.0,3.8565629228687412,8.119079837618402,3.958051420838971
TOR,2021,7,77.0,0.0,3.0,74.34,68.0,39.0,39.0,31.0,85.0,12.0,3.0,285.0,0.0,3.0,4.721549636803873,10.290556900726392,3.7530266343825662
WAS,2021,7,90.0,0.0,5.0,91.66999999999999,104.0,74.0,65.0,39.0,93.0,17.0,6.0,368.0,3.0,6.0,6.381586124140941,9.130577069924732,3.8289516744845646
ARI,2021,8,86.0,3.0,6.0,93.67,108.0,81.0,65.0,53.0,76.0,13.0,4.0,385.0,7.0,4.0,6.245329347710046,7.302231237322515,5.092345468132806
ATH,2021,8,98.0,0.0,7.0,106.33,80.0,41.0,38.0,35.0,94.0,14.0,3.0,389.0,1.0,7.0,3.2164017680805044,7.956362268409668,2.9624753127057275
ATL,2021,8,91.0,0.0,9.0,89.33,78.0,39.0,38.0,35.0,104.0,11.0,5.0,336.0,1.0,6.0,3.828501063472518,10.478002910556365,3.526250979514161
BAL,2021,8,84.0,0.0,1.0,93.34,99.0,87.0,83.0,55.0,76.0,21.0,1.0,367.0,1.0,8.0,8.00299978572959,7.328047996571673,5.303192629097921
BOS,2021,8,104.0,3.0,6.0,113.33,125.0,79.0,70.0,57.0,125.0,14.0,10.0,454.0,8.0,4.0,5.558987029030266,9.92676255183976,4.526603723638931
CHC,2021,8,106.0,1.0,4.0,109.35000000000001,120.0,94.0,83.0,48.0,114.0,26.0,13.0,434.0,2.0,10.0,6.831275720164609,9.382716049382715,3.950617283950617
CHW,2021,8,95.0,3.0,6.0,118.66,92.0,54.0,51.0,47.0,147.0,15.0,3.0,434.0,5.0,10.0,3.868194842406877,11.149502781055116,3.564807011629867
CIN,2021,8,74.0,0.0,7.0,72.34,55.0,30.0,27.0,41.0,69.0,8.0,2.0,257.0,2.0,13.0,3.3591374066906274,8.584462261542715,5.10091235830799
CLE,2021,8,90.0,0.0,6.0,99.67,91.0,49.0,44.0,40.0,88.0,13.0,7.0,376.0,4.0,11.0,3.9731112671816997,7.946222534363399,3.611919333801545
COL,2021,8,87.0,0.0,5.0,95.34,86.0,46.0,44.0,41.0,107.0,10.0,3.0,361.0,3.0,6.0,4.153555695405915,10.100692259282567,3.870358716173694
DET,2021,8,95.0,0.0,8.0,105.99,103.0,45.0,38.0,46.0,98.0,12.0,6.0,411.0,3.0,9.0,3.226719501839796,8.321539767902632,3.9060288706481745
HOU,2021,8,86.0,0.0,6.0,87.67,73.0,40.0,36.0,28.0,106.0,10.0,8.0,329.0,0.0,8.0,3.695676970457397,10.881715524124557,2.8744154214668645
KCR,2021,8,101.0,0.0,7.0,99.66,77.0,45.0,39.0,41.0,93.0,9.0,1.0,360.0,2.0,4.0,3.5219747140276945,8.39855508729681,3.7025888019265505
LAA,2021,8,92.0,1.0,8.0,115.99,115.0,68.0,60.0,44.0,131.0,13.0,9.0,450.0,3.0,6.0,4.655573756358307,10.16466936804897,3.414087421329425
LAD,2021,8,115.0,5.0,12.0,123.67,76.0,41.0,37.0,52.0,140.0,12.0,7.0,431.0,16.0,6.0,2.6926497938060967,10.188404625212259,3.7842645750788386
MIA,2021,8,95.0,1.0,7.0,101.68,117.0,68.0,65.0,38.0,103.0,17.0,6.0,407.0,5.0,7.0,5.753343823760817,9.116837136113297,3.363493312352478
MIL,2021,8,106.0,0.0,12.0,103.66,89.0,49.0,41.0,49.0,135.0,12.0,4.0,393.0,4.0,5.0,3.5597144510901026,11.7210109974918,4.254292880571098
MIN,2021,8,93.0,4.0,8.0,120.32,103.0,68.0,61.0,50.0,117.0,23.0,3.0,452.0,1.0,8.0,4.56283244680851,8.751662234042554,3.740026595744681
NYM,2021,8,99.0,0.0,5.0,96.01,77.0,49.0,45.0,40.0,107.0,12.0,9.0,351.0,3.0,7.0,4.218310592646599,10.03020518695969,3.749609415685866
NYY,2021,8,100.0,2.0,14.0,110.32,91.0,37.0,28.0,35.0,114.0,8.0,3.0,399.0,2.0,14.0,2.2842639593908634,9.300217548948515,2.8553299492385786
PHI,2021,8,86.0,1.0,8.0,91.33,84.0,42.0,39.0,33.0,105.0,16.0,7.0,354.0,4.0,5.0,3.843205956421767,10.347092959597065,3.251943501587649
PIT,2021,8,94.0,0.0,3.0,106.67,96.0,65.0,63.0,54.0,109.0,15.0,7.0,407.0,5.0,3.0,5.315458891909628,9.196587606637292,4.556107621636824
SDP,2021,8,115.0,6.0,4.0,128.68,121.0,67.0,64.0,54.0,128.0,15.0,5.0,484.0,9.0,12.0,4.4762200808206405,8.952440161641281,3.776810693192415
SEA,2021,8,98.0,0.0,9.0,100.33,89.0,49.0,37.0,27.0,92.0,12.0,4.0,377.0,6.0,8.0,3.319047144423403,8.252765872620353,2.4220073756603213
SFG,2021,8,110.0,2.0,11.0,122.32,94.0,42.0,35.0,26.0,109.0,7.0,4.0,447.0,2.0,7.0,2.575212557226946,8.01994767822106,1.9130150425114454
STL,2021,8,86.0,0.0,7.0,88.34,77.0,42.0,37.0,27.0,87.0,9.0,3.0,331.0,2.0,9.0,3.769526828163912,8.863482001358388,2.750735793525017
TBR,2021,8,81.0,4.0,9.0,119.34,111.0,63.0,57.0,36.0,117.0,14.0,11.0,457.0,3.0,10.0,4.298642533936651,8.823529411764705,2.7149321266968323
TEX,2021,8,91.0,1.0,5.0,102.34,98.0,58.0,48.0,47.0,87.0,12.0,4.0,388.0,1.0,8.0,4.221223373070158,7.650967363689662,4.13328121946453
TOR,2021,8,95.0,0.0,7.0,93.03000000000002,84.0,48.0,41.0,32.0,92.0,13.0,4.0,352.0,1.0,4.0,3.9664624314737176,8.900354724282488,3.0957755562721694
WAS,2021,8,94.0,0.0,4.0,92.67,97.0,65.0,54.0,47.0,67.0,17.0,11.0,364.0,8.0,11.0,5.244415668501134,6.506960181288443,4.564584007769505
ARI,2021,9,99.0,0.0,3.0,89.32,89.0,51.0,43.0,40.0,71.0,12.0,8.0,342.0,4.0,6.0,4.332736229287954,7.154052843708016,4.030452306314375
ATH,2021,9,93.0,0.0,5.0,101.0,112.0,68.0,67.0,35.0,91.0,19.0,9.0,404.0,0.0,6.0,5.97029702970297,8.10891089108911,3.1188118811881185
ATL,2021,9,101.0,2.0,8.0,99.99,76.0,34.0,31.0,38.0,87.0,10.0,3.0,360.0,11.0,7.0,2.7902790279027907,7.830783078307831,3.4203420342034203
BAL,2021,9,104.0,1.0,7.0,110.0,135.0,88.0,81.0,43.0,82.0,19.0,4.0,449.0,4.0,10.0,6.627272727272727,6.709090909090909,3.5181818181818185
BOS,2021,9,90.0,0.0,6.0,93.01,90.0,52.0,39.0,34.0,98.0,12.0,5.0,359.0,4.0,5.0,3.7737877647564773,9.482851306311149,3.289968820556929
CHC,2021,9,96.0,0.0,7.0,105.34,103.0,67.0,60.0,51.0,109.0,13.0,6.0,397.0,3.0,12.0,5.126257831782798,9.31270172773875,4.357319157015379
CHW,2021,9,99.0,1.0,7.0,101.35000000000001,85.0,37.0,36.0,33.0,111.0,6.0,8.0,368.0,0.0,13.0,3.196842624568327,9.856931425752343,2.930439072520967
CIN,2021,9,93.0,0.0,5.0,98.01,75.0,41.0,39.0,29.0,116.0,13.0,3.0,361.0,2.0,4.0,3.5812672176308538,10.651974288337923,2.662993572084481
CLE,2021,9,90.0,1.0,6.0,98.32,91.0,43.0,42.0,35.0,92.0,16.0,0.0,374.0,2.0,9.0,3.844589096826689,8.421480878763223,3.203824247355574
COL,2021,9,107.0,0.0,8.0,114.33,97.0,56.0,52.0,45.0,92.0,13.0,6.0,418.0,0.0,12.0,4.093413802151666,7.24219364996064,3.5423773287850957
DET,2021,9,100.0,0.0,9.0,124.33,108.0,50.0,47.0,61.0,100.0,9.0,6.0,452.0,1.0,12.0,3.4022359848789514,7.238799967827556,4.415667980374809
HOU,2021,9,96.0,0.0,4.0,100.67,83.0,48.0,46.0,51.0,106.0,11.0,5.0,360.0,3.0,14.0,4.112446607728221,9.476507400417205,4.559451673785636
KCR,2021,9,101.0,1.0,7.0,113.33,103.0,53.0,43.0,41.0,98.0,7.0,3.0,422.0,3.0,11.0,3.4148063178328774,7.782581840642371,3.2559781170034414
LAA,2021,9,95.0,1.0,4.0,105.0,98.0,62.0,56.0,52.0,99.0,8.0,8.0,391.0,2.0,9.0,4.8,8.485714285714286,4.457142857142857
LAD,2021,9,105.0,2.0,11.0,96.32,65.0,31.0,24.0,44.0,99.0,9.0,8.0,352.0,3.0,4.0,2.242524916943522,9.250415282392028,4.111295681063123
MIA,2021,9,96.0,1.0,6.0,102.96999999999998,103.0,59.0,47.0,47.0,83.0,8.0,6.0,394.0,7.0,16.0,4.10799261920948,7.254540157327378,4.10799261920948
MIL,2021,9,82.0,0.0,7.0,90.01,78.0,56.0,51.0,40.0,112.0,19.0,4.0,338.0,1.0,6.0,5.099433396289301,11.198755693811798,3.999555604932785
MIN,2021,9,95.0,1.0,9.0,110.99,95.0,44.0,42.0,44.0,113.0,11.0,5.0,410.0,0.0,10.0,3.4057122263266963,9.162987656545637,3.5678889990089195
NYM,2021,9,106.0,1.0,5.0,105.0,98.0,56.0,45.0,42.0,111.0,12.0,5.0,403.0,3.0,8.0,3.8571428571428568,9.514285714285714,3.6
NYY,2021,9,97.0,0.0,6.0,109.33,90.0,53.0,45.0,40.0,129.0,18.0,7.0,411.0,2.0,2.0,3.7043812311350957,10.619226195920607,3.2927833165645293
PHI,2021,9,101.0,4.0,5.0,104.68,91.0,58.0,54.0,50.0,106.0,16.0,9.0,388.0,4.0,12.0,4.642720672525793,9.11348872755063,4.298815437523882
PIT,2021,9,114.0,1.0,6.0,128.0,124.0,73.0,66.0,61.0,125.0,22.0,7.0,483.0,7.0,17.0,4.640625,8.7890625,4.2890625
SDP,2021,9,106.0,2.0,1.0,112.97999999999999,114.0,74.0,69.0,44.0,106.0,22.0,12.0,438.0,3.0,10.0,5.496548061603824,8.443972384492831,3.5050451407328733
SEA,2021,9,108.0,0.0,12.0,102.33,91.0,51.0,44.0,37.0,107.0,13.0,7.0,389.0,3.0,9.0,3.8698328935795954,9.410729991204926,3.2541776605101145
SFG,2021,9,128.0,5.0,7.0,134.00000000000003,125.0,51.0,41.0,47.0,121.0,15.0,4.0,505.0,4.0,12.0,2.7537313432835817,8.12686567164179,3.156716417910447
STL,2021,9,99.0,1.0,14.0,104.34,83.0,42.0,40.0,41.0,106.0,11.0,1.0,375.0,2.0,12.0,3.4502587694077054,9.14318573893042,3.536515238642898
TBR,2021,9,108.0,6.0,5.0,139.67999999999998,133.0,70.0,66.0,46.0,129.0,22.0,4.0,537.0,6.0,11.0,4.25257731958763,8.311855670103094,2.9639175257731964
TEX,2021,9,90.0,2.0,8.0,114.67,103.0,54.0,50.0,42.0,97.0,16.0,1.0,436.0,0.0,13.0,3.9243045260312197,7.6131507805005665,3.2964158018662246
TOR,2021,9,89.0,1.0,8.0,93.66,81.0,47.0,44.0,32.0,94.0,20.0,5.0,350.0,1.0,9.0,4.228058936579116,9.032671364509929,3.074951953875721
WAS,2021,9,112.0,2.0,7.0,107.99,120.0,81.0,72.0,61.0,115.0,21.0,9.0,431.0,5.0,5.0,6.000555607000648,9.584220761181593,5.083804055931105
ARI,2022,4,78.0,0.0,6.0,83.68,80.0,40.0,32.0,30.0,55.0,5.0,6.0,309.0,4.0,9.0,3.4416826003824093,5.915391969407265,3.2265774378585084
ATH,2022,4,77.0,0.0,7.0,78.35000000000001,69.0,32.0,28.0,34.0,83.0,6.0,3.0,292.0,4.0,4.0,3.2163369495851946,9.534141671984683,3.905552010210593
ATL,2022,4,65.0,0.0,8.0,73.68,49.0,35.0,30.0,27.0,88.0,6.0,3.0,265.0,1.0,1.0,3.664495114006514,10.749185667752442,3.2980456026058627
BAL,2022,4,80.0,0.0,4.0,93.64999999999999,78.0,42.0,36.0,35.0,91.0,8.0,2.0,347.0,0.0,10.0,3.459690336358783,8.745328350240257,3.3635878270154835
BOS,2022,4,90.0,2.0,5.0,94.34,76.0,42.0,33.0,36.0,103.0,8.0,7.0,350.0,5.0,3.0,3.148187407250371,9.826160695357219,3.43438626245495
CHC,2022,4,77.0,0.0,6.0,97.68,88.0,40.0,39.0,35.0,120.0,14.0,2.0,365.0,1.0,9.0,3.593366093366093,11.056511056511056,3.2248157248157248
CHW,2022,4,80.0,0.0,6.0,86.66,74.0,42.0,36.0,46.0,90.0,5.0,7.0,321.0,1.0,8.0,3.7387491345488115,9.346872836372029,4.777290560812371
CIN,2022,4,83.0,1.0,3.0,85.01,82.0,49.0,48.0,49.0,84.0,8.0,7.0,322.0,1.0,6.0,5.081755087636748,8.89307140336431,5.187624985295847
CLE,2022,4,69.0,1.0,4.0,77.67,64.0,34.0,30.0,21.0,79.0,10.0,4.0,291.0,0.0,6.0,3.4762456546929315,9.154113557358052,2.433371958285052
COL,2022,4,68.0,0.0,10.0,75.67,75.0,46.0,41.0,36.0,67.0,5.0,3.0,290.0,2.0,10.0,4.87643716135853,7.968811946610281,4.2817497026562705
DET,2022,4,73.0,0.0,4.0,84.66,60.0,23.0,19.0,33.0,75.0,3.0,1.0,305.0,1.0,5.0,2.019844082211198,7.973068745570518,3.508150248051028
HOU,2022,4,77.0,1.0,5.0,82.97999999999999,73.0,34.0,29.0,33.0,88.0,7.0,9.0,312.0,1.0,5.0,3.1453362255965294,9.544468546637745,3.5791757049891544
KCR,2022,4,76.0,0.0,4.0,77.30999999999999,76.0,44.0,37.0,35.0,88.0,6.0,3.0,299.0,3.0,6.0,4.30733410942957,10.244470314318976,4.074505238649594
LAA,2022,4,79.0,1.0,7.0,93.99,70.0,42.0,38.0,28.0,77.0,13.0,4.0,344.0,4.0,8.0,3.6386849664857963,7.373124800510693,2.681136291094797
LAD,2022,4,65.0,0.0,4.0,66.01,44.0,21.0,19.0,15.0,72.0,4.0,3.0,235.0,0.0,5.0,2.5905165883956975,9.816694440236327,2.045144675049235
MIA,2022,4,74.0,0.0,9.0,70.0,54.0,30.0,25.0,27.0,69.0,7.0,4.0,259.0,1.0,8.0,3.2142857142857144,8.871428571428572,3.4714285714285715
MIL,2022,4,75.0,2.0,11.0,87.0,67.0,35.0,29.0,46.0,97.0,6.0,4.0,320.0,1.0,7.0,3.0,10.03448275862069,4.758620689655173
MIN,2022,4,65.0,0.0,3.0,84.66,74.0,35.0,34.0,37.0,88.0,12.0,1.0,317.0,1.0,6.0,3.6144578313253013,9.355067328136073,3.933380581148122
NYM,2022,4,72.0,1.0,6.0,76.0,65.0,36.0,34.0,33.0,95.0,8.0,2.0,287.0,1.0,2.0,4.026315789473684,11.25,3.9078947368421053
NYY,2022,4,81.0,0.0,8.0,86.64999999999999,65.0,29.0,26.0,42.0,93.0,4.0,5.0,317.0,3.0,6.0,2.7005193306405078,9.659549913444893,4.3623773802654355
PHI,2022,4,75.0,0.0,5.0,79.99,67.0,36.0,34.0,36.0,80.0,6.0,8.0,292.0,1.0,7.0,3.8254781847730968,9.00112514064258,4.050506313289161
PIT,2022,4,74.0,1.0,5.0,97.34,81.0,50.0,46.0,42.0,86.0,9.0,9.0,358.0,4.0,8.0,4.253133347031025,7.951510170536265,3.8832956646805012
SDP,2022,4,73.0,1.0,8.0,77.67999999999999,55.0,36.0,31.0,28.0,85.0,11.0,5.0,279.0,0.0,6.0,3.5916580844490222,9.8480947476828,3.244078269824923
SEA,2022,4,72.0,0.0,3.0,76.33,57.0,27.0,24.0,26.0,88.0,10.0,4.0,279.0,0.0,5.0,2.8298178959779903,10.375998951919298,3.065636053976156
SFG,2022,4,81.0,0.0,7.0,86.34,68.0,25.0,22.0,28.0,81.0,4.0,3.0,314.0,1.0,8.0,2.2932592077831826,8.443363446838081,2.918693537178596
STL,2022,4,61.0,0.0,4.0,72.99,61.0,26.0,25.0,23.0,61.0,6.0,6.0,269.0,1.0,9.0,3.082614056720099,7.521578298397041,2.836004932182491
TBR,2022,4,86.0,6.0,6.0,115.99,91.0,59.0,41.0,39.0,115.0,11.0,7.0,436.0,2.0,5.0,3.18130873351151,8.923183033020088,3.026122941632899
TEX,2022,4,90.0,4.0,2.0,104.01,86.0,57.0,53.0,55.0,115.0,23.0,6.0,384.0,1.0,8.0,4.586097490625901,9.950966253244879,4.7591577732910295
TOR,2022,4,86.0,0.0,11.0,85.66,72.0,38.0,35.0,25.0,79.0,9.0,3.0,310.0,0.0,8.0,3.6773289750175113,8.300256829325239,2.6266635535839367
WAS,2022,4,97.0,0.0,3.0,95.34,89.0,47.0,40.0,42.0,91.0,7.0,11.0,360.0,1.0,7.0,3.775959723096287,8.590308370044053,3.964757709251101
ARI,2022,5,105.0,0.0,9.0,104.67,104.0,59.0,54.0,40.0,92.0,12.0,2.0,406.0,1.0,9.0,4.643164230438521,7.910576096302665,3.4393809114359413
ATH,2022,5,106.0,0.0,6.0,111.33,101.0,57.0,53.0,53.0,100.0,8.0,7.0,421.0,4.0,12.0,4.284559417946645,8.084074373484237,4.284559417946645
ATL,2022,5,95.0,2.0,7.0,107.66,99.0,56.0,39.0,43.0,125.0,7.0,4.0,412.0,4.0,6.0,3.2602637934237415,10.449563440460711,3.594649823518484
BAL,2022,5,98.0,2.0,5.0,127.0,113.0,55.0,46.0,50.0,106.0,10.0,10.0,474.0,3.0,16.0,3.25984251968504,7.511811023622047,3.5433070866141736
BOS,2022,5,102.0,2.0,3.0,116.99,102.0,67.0,60.0,42.0,113.0,17.0,9.0,435.0,1.0,11.0,4.615779126421062,8.693050688093,3.231045388494743
CHC,2022,5,90.0,2.0,7.0,107.67,100.0,63.0,53.0,42.0,113.0,14.0,6.0,406.0,2.0,11.0,4.430203399275564,9.445528002229032,3.5107272220674286
CHW,2022,5,100.0,0.0,12.0,99.34,104.0,63.0,52.0,37.0,96.0,13.0,1.0,381.0,1.0,10.0,4.711093215220455,8.697402858868532,3.3521240185222467
CIN,2022,5,94.0,1.0,7.0,100.0,90.0,57.0,56.0,44.0,112.0,16.0,12.0,375.0,0.0,7.0,5.040000000000001,10.080000000000002,3.96
CLE,2022,5,70.0,0.0,4.0,72.66,41.0,29.0,24.0,36.0,79.0,5.0,3.0,246.0,4.0,6.0,2.9727497935590423,9.785301403798513,4.459124690338563
COL,2022,5,86.0,1.0,5.0,98.66,99.0,63.0,57.0,43.0,88.0,14.0,4.0,382.0,1.0,8.0,5.199675653760389,8.027569430366917,3.922562335292925
DET,2022,5,105.0,3.0,8.0,121.01,93.0,54.0,51.0,45.0,125.0,14.0,6.0,437.0,1.0,12.0,3.7930749524832654,9.296752334517809,3.346830840426411
HOU,2022,5,78.0,0.0,8.0,83.67,55.0,21.0,17.0,26.0,72.0,4.0,4.0,296.0,0.0,8.0,1.8286124058802438,7.744711366081032,2.796701326640373
KCR,2022,5,97.0,1.0,5.0,111.34,111.0,67.0,63.0,56.0,89.0,13.0,6.0,423.0,2.0,11.0,5.092509430573019,7.194179989222201,4.526675049398239
LAA,2022,5,78.0,0.0,7.0,91.68,89.0,52.0,46.0,32.0,94.0,12.0,2.0,348.0,2.0,7.0,4.515706806282722,9.227748691099475,3.141361256544503
LAD,2022,5,96.0,0.0,9.0,101.0,93.0,42.0,38.0,37.0,107.0,10.0,8.0,375.0,3.0,14.0,3.386138613861386,9.534653465346535,3.297029702970297
MIA,2022,5,85.0,2.0,1.0,92.0,87.0,45.0,42.0,42.0,93.0,7.0,2.0,343.0,1.0,10.0,4.108695652173913,9.097826086956522,4.108695652173913
MIL,2022,5,88.0,0.0,11.0,93.0,87.0,46.0,41.0,32.0,89.0,10.0,2.0,357.0,2.0,9.0,3.967741935483871,8.612903225806452,3.0967741935483875
MIN,2022,5,100.0,1.0,10.0,123.30999999999999,110.0,57.0,50.0,43.0,129.0,16.0,7.0,469.0,0.0,12.0,3.6493390641472714,9.415294785499961,3.138431595166653
NYM,2022,5,86.0,0.0,8.0,93.33,83.0,40.0,38.0,32.0,100.0,11.0,5.0,353.0,2.0,8.0,3.664416586306654,9.643201542912248,3.085824493731919
NYY,2022,5,74.0,0.0,9.0,81.01,72.0,35.0,32.0,21.0,82.0,7.0,2.0,302.0,0.0,9.0,3.555116652265152,9.109986421429454,2.3330453030490066
PHI,2022,5,97.0,0.0,5.0,95.32,96.0,58.0,48.0,57.0,109.0,11.0,3.0,368.0,6.0,7.0,4.532102391942929,10.291649181703736,5.381871590432229
PIT,2022,5,80.0,4.0,8.0,107.0,103.0,63.0,53.0,47.0,103.0,14.0,2.0,417.0,1.0,5.0,4.457943925233645,8.663551401869158,3.953271028037383
SDP,2022,5,75.0,0.0,11.0,78.66,66.0,36.0,32.0,31.0,76.0,7.0,5.0,290.0,1.0,6.0,3.6613272311212817,8.695652173913045,3.5469107551487418
SEA,2022,5,91.0,0.0,4.0,85.67,89.0,51.0,50.0,30.0,83.0,12.0,2.0,335.0,4.0,6.0,5.252713902182794,8.719505077623438,3.151628341309676
SFG,2022,5,106.0,1.0,4.0,107.68,132.0,84.0,75.0,43.0,87.0,12.0,4.0,445.0,4.0,5.0,6.268573551263001,7.271545319465081,3.593982169390787
STL,2022,5,95.0,2.0,7.0,116.0,115.0,62.0,58.0,44.0,101.0,19.0,6.0,447.0,1.0,11.0,4.5,7.836206896551724,3.413793103448276
TBR,2022,5,100.0,2.0,8.0,117.01,100.0,60.0,50.0,32.0,107.0,20.0,1.0,443.0,3.0,7.0,3.845825143150158,8.230065806341338,2.4613280916161013
TEX,2022,5,84.0,1.0,9.0,92.33,79.0,36.0,31.0,30.0,87.0,5.0,2.0,348.0,2.0,8.0,3.0217697389797467,8.48045055778187,2.9242932957868515
TOR,2022,5,96.0,2.0,10.0,92.66,86.0,50.0,46.0,38.0,91.0,14.0,6.0,354.0,2.0,6.0,4.4679473343406,8.838765378804231,3.6909130153248437
WAS,2022,5,94.0,0.0,3.0,102.66,109.0,59.0,55.0,35.0,97.0,11.0,3.0,408.0,2.0,5.0,4.821741671537113,8.503798947983636,3.068381063705435
ARI,2022,6,83.0,2.0,2.0,95.66,102.0,57.0,52.0,39.0,91.0,14.0,4.0,377.0,1.0,8.0,4.892326991427974,8.561572234998955,3.6692452435709804
ATH,2022,6,84.0,0.0,3.0,82.34,87.0,60.0,54.0,46.0,79.0,12.0,6.0,325.0,5.0,4.0,5.902356084527568,8.634928345882924,5.027932960893854
ATL,2022,6,82.0,0.0,11.0,89.01,72.0,34.0,30.0,22.0,105.0,12.0,2.0,329.0,3.0,5.0,3.0333670374115265,10.616784630940344,2.224469160768453
BAL,2022,6,82.0,0.0,10.0,93.35000000000001,75.0,34.0,29.0,25.0,81.0,6.0,5.0,346.0,1.0,5.0,2.795929298339582,7.809319764327798,2.4102838778789497
BOS,2022,6,88.0,0.0,9.0,84.33,71.0,33.0,30.0,31.0,84.0,5.0,7.0,318.0,1.0,9.0,3.2017075773746,8.96478121664888,3.3084311632870866
CHC,2022,6,87.0,1.0,2.0,110.33,131.0,91.0,82.0,48.0,124.0,23.0,9.0,453.0,5.0,6.0,6.6890238375781745,10.115109217801141,3.9155261488262485
CHW,2022,6,87.0,3.0,4.0,111.35000000000001,97.0,57.0,50.0,43.0,120.0,14.0,2.0,423.0,2.0,2.0,4.041311180960934,9.69914683430624,3.475527615626403
CIN,2022,6,88.0,0.0,5.0,85.33,104.0,77.0,68.0,45.0,87.0,20.0,5.0,351.0,5.0,6.0,7.172155162311028,9.176139692956756,4.746279151529357
CLE,2022,6,91.0,0.0,12.0,94.0,85.0,42.0,37.0,43.0,103.0,15.0,4.0,359.0,3.0,9.0,3.542553191489362,9.861702127659575,4.117021276595745
COL,2022,6,81.0,0.0,5.0,90.67,81.0,50.0,39.0,30.0,77.0,6.0,4.0,341.0,1.0,6.0,3.8711812065732873,7.643101356567772,2.977831697364067
DET,2022,6,90.0,0.0,6.0,94.67,85.0,43.0,40.0,43.0,101.0,4.0,5.0,352.0,2.0,12.0,3.802683004119573,9.601774585401921,4.087884229428541
HOU,2022,6,73.0,0.0,10.0,73.0,54.0,29.0,28.0,36.0,87.0,6.0,5.0,264.0,1.0,6.0,3.4520547945205475,10.726027397260275,4.438356164383562
KCR,2022,6,92.0,0.0,6.0,90.0,80.0,46.0,42.0,51.0,78.0,4.0,7.0,339.0,0.0,4.0,4.2,7.800000000000001,5.1
LAA,2022,6,87.0,1.0,7.0,103.32,96.0,60.0,47.0,35.0,101.0,14.0,7.0,396.0,2.0,9.0,4.094076655052265,8.797909407665506,3.048780487804878
LAD,2022,6,98.0,0.0,7.0,96.0,81.0,42.0,38.0,30.0,105.0,9.0,6.0,356.0,4.0,4.0,3.5625,9.84375,2.8125
MIA,2022,6,91.0,1.0,6.0,93.33,102.0,62.0,57.0,31.0,108.0,15.0,9.0,376.0,0.0,2.0,5.49662487945998,10.414657666345228,2.989392478302797
MIL,2022,6,82.0,0.0,8.0,94.67,68.0,38.0,35.0,30.0,96.0,16.0,4.0,338.0,0.0,6.0,3.3273476286046266,9.126439209886977,2.85201225308968
MIN,2022,6,93.0,0.0,5.0,109.68,84.0,56.0,52.0,50.0,112.0,16.0,5.0,401.0,2.0,10.0,4.266958424507658,9.190371991247263,4.102844638949671
NYM,2022,6,74.0,2.0,6.0,91.34,85.0,49.0,43.0,38.0,98.0,16.0,4.0,349.0,1.0,8.0,4.236917013356689,9.656229472301291,3.7442522443617254
NYY,2022,6,83.0,1.0,10.0,101.68,58.0,24.0,23.0,44.0,100.0,6.0,7.0,352.0,3.0,7.0,2.0357985837922894,8.851298190401259,3.8945712037765534
PHI,2022,6,81.0,0.0,7.0,80.97999999999999,62.0,38.0,33.0,30.0,84.0,8.0,2.0,302.0,2.0,1.0,3.6675722400592745,9.33563842924179,3.3341565818720675
PIT,2022,6,79.0,0.0,4.0,100.02000000000001,95.0,55.0,53.0,42.0,101.0,12.0,7.0,387.0,4.0,5.0,4.769046190761847,9.088182363527293,3.779244151169766
SDP,2022,6,75.0,2.0,7.0,103.68,88.0,39.0,35.0,22.0,85.0,10.0,8.0,391.0,0.0,8.0,3.038194444444444,7.378472222222221,1.9097222222222223
SEA,2022,6,92.0,1.0,9.0,96.33,63.0,37.0,35.0,25.0,106.0,16.0,6.0,344.0,4.0,7.0,3.270009342883837,9.90345686701962,2.3357209592027406
SFG,2022,6,92.0,3.0,6.0,108.0,97.0,43.0,37.0,26.0,85.0,14.0,3.0,411.0,0.0,4.0,3.0833333333333335,7.083333333333334,2.1666666666666665
STL,2022,6,74.0,3.0,7.0,109.67,103.0,54.0,51.0,40.0,96.0,10.0,3.0,417.0,3.0,10.0,4.185283122093553,7.878179994529042,3.282574997720434
TBR,2022,6,96.0,4.0,7.0,105.32,86.0,39.0,34.0,43.0,102.0,14.0,11.0,389.0,1.0,12.0,2.905431067223699,8.716293201671098,3.6745157614887964
TEX,2022,6,82.0,2.0,6.0,101.0,78.0,44.0,36.0,31.0,86.0,9.0,2.0,366.0,3.0,11.0,3.2079207920792077,7.663366336633663,2.762376237623762
TOR,2022,6,95.0,0.0,2.0,105.67,109.0,63.0,59.0,40.0,97.0,14.0,8.0,404.0,3.0,9.0,5.025078073246901,8.261569035677107,3.406832592031797
WAS,2022,6,90.0,2.0,8.0,103.0,104.0,69.0,62.0,53.0,91.0,28.0,5.0,401.0,0.0,7.0,5.417475728155339,7.951456310679612,4.631067961165049
ARI,2022,7,78.0,0.0,3.0,74.0,66.0,38.0,33.0,26.0,68.0,7.0,5.0,282.0,3.0,4.0,4.013513513513513,8.27027027027027,3.1621621621621623
ATH,2022,7,82.0,0.0,9.0,88.01,70.0,31.0,29.0,29.0,92.0,10.0,5.0,328.0,3.0,8.0,2.9655720940802177,9.408021815702762,2.9655720940802177
ATL,2022,7,75.0,0.0,10.0,84.99,68.0,33.0,29.0,27.0,88.0,9.0,7.0,315.0,2.0,4.0,3.0709495234733497,9.318743381574304,2.8591599011648428
BAL,2022,7,90.0,0.0,9.0,95.66,78.0,31.0,29.0,30.0,113.0,13.0,5.0,351.0,1.0,7.0,2.728413129834832,10.631402885218483,2.822496341208447
BOS,2022,7,101.0,2.0,4.0,116.66,118.0,83.0,73.0,62.0,125.0,14.0,11.0,452.0,4.0,12.0,5.6317503857363285,9.643408194753986,4.783130464597978
CHC,2022,7,90.0,1.0,7.0,110.66,88.0,42.0,30.0,46.0,117.0,14.0,9.0,404.0,5.0,12.0,2.4399060184348453,9.515633471895898,3.741189228266763
CHW,2022,7,85.0,0.0,7.0,83.0,75.0,34.0,32.0,28.0,81.0,7.0,3.0,316.0,1.0,8.0,3.4698795180722892,8.783132530120483,3.0361445783132526
CIN,2022,7,93.0,1.0,5.0,96.99,82.0,50.0,45.0,43.0,90.0,13.0,8.0,359.0,2.0,7.0,4.175688215279926,8.351376430559853,3.9901020723785963
CLE,2022,7,82.0,3.0,6.0,101.0,92.0,50.0,47.0,36.0,99.0,9.0,3.0,383.0,1.0,7.0,4.188118811881188,8.821782178217822,3.2079207920792077
COL,2022,7,86.0,0.0,9.0,90.67,90.0,47.0,43.0,46.0,78.0,7.0,1.0,350.0,4.0,10.0,4.268225432888497,7.742362413146575,4.566008602624903
DET,2022,7,103.0,1.0,6.0,114.01,102.0,50.0,31.0,34.0,98.0,6.0,11.0,430.0,2.0,10.0,2.447153758442242,7.736163494430313,2.6839750899043944
HOU,2022,7,73.0,0.0,8.0,78.66,56.0,31.0,26.0,30.0,96.0,6.0,7.0,284.0,1.0,10.0,2.9748283752860414,10.983981693363845,3.4324942791762014
KCR,2022,7,89.0,0.0,7.0,96.01,101.0,59.0,50.0,50.0,88.0,15.0,6.0,374.0,3.0,9.0,4.687011769607333,8.249140714508904,4.687011769607333
LAA,2022,7,72.0,0.0,1.0,85.32,81.0,48.0,42.0,39.0,80.0,10.0,3.0,328.0,2.0,9.0,4.4303797468354436,8.438818565400844,4.113924050632912
LAD,2022,7,82.0,0.0,10.0,76.35000000000001,62.0,32.0,30.0,25.0,86.0,10.0,5.0,284.0,1.0,4.0,3.536345776031434,10.137524557956777,2.946954813359528
MIA,2022,7,94.0,0.0,10.0,110.35000000000001,102.0,51.0,42.0,42.0,100.0,12.0,4.0,417.0,3.0,10.0,3.42546443135478,8.155867693701857,3.42546443135478
MIL,2022,7,80.0,0.0,6.0,80.99,78.0,45.0,44.0,33.0,97.0,12.0,9.0,313.0,1.0,3.0,4.889492529941968,10.77910853191752,3.667119397456476
MIN,2022,7,83.0,0.0,2.0,88.32,81.0,43.0,38.0,33.0,90.0,15.0,2.0,337.0,1.0,3.0,3.8722826086956523,9.171195652173914,3.362771739130435
NYM,2022,7,70.0,2.0,9.0,91.33,68.0,30.0,26.0,24.0,103.0,11.0,2.0,326.0,2.0,8.0,2.5621373042811784,10.15000547465236,2.3650498193364724
NYY,2022,7,80.0,0.0,7.0,96.0,79.0,42.0,37.0,36.0,103.0,6.0,7.0,357.0,2.0,5.0,3.46875,9.65625,3.375
PHI,2022,7,83.0,2.0,9.0,86.0,73.0,34.0,32.0,36.0,96.0,7.0,4.0,317.0,1.0,8.0,3.3488372093023253,10.046511627906977,3.7674418604651163
PIT,2022,7,82.0,1.0,7.0,95.67,113.0,64.0,55.0,36.0,77.0,15.0,6.0,379.0,1.0,11.0,5.174035747883348,7.243650047036688,3.3866415804327374
SDP,2022,7,70.0,0.0,9.0,76.68,89.0,49.0,44.0,26.0,80.0,7.0,4.0,310.0,1.0,9.0,5.16431924882629,9.389671361502346,3.0516431924882625
SEA,2022,7,90.0,1.0,10.0,93.67,68.0,30.0,29.0,34.0,93.0,9.0,3.0,333.0,3.0,5.0,2.7863777089783284,8.935625066723604,3.266787658802178
SFG,2022,7,92.0,3.0,4.0,97.0,109.0,69.0,59.0,53.0,90.0,8.0,6.0,396.0,4.0,4.0,5.4742268041237105,8.350515463917526,4.917525773195876
STL,2022,7,71.0,1.0,5.0,77.33,61.0,32.0,28.0,31.0,81.0,9.0,2.0,286.0,0.0,3.0,3.2587611534979954,9.42713047976206,3.607914134229924
TBR,2022,7,91.0,2.0,8.0,109.67,110.0,50.0,46.0,29.0,101.0,10.0,7.0,422.0,0.0,5.0,3.7749612473784993,8.288501869244095,2.3798668733473147
TEX,2022,7,96.0,2.0,6.0,105.32,104.0,67.0,56.0,44.0,98.0,14.0,7.0,406.0,5.0,7.0,4.78541587542727,8.374477781997722,3.7599696164071403
TOR,2022,7,91.0,3.0,7.0,109.01,79.0,42.0,35.0,33.0,108.0,18.0,4.0,390.0,2.0,5.0,2.8896431520044032,8.916613154756444,2.72452068617558
WAS,2022,7,93.0,1.0,4.0,107.33,77.0,44.0,39.0,35.0,99.0,11.0,5.0,390.0,2.0,6.0,3.2702878971396627,8.301500046585298,2.934873753843287
ARI,2022,8,91.0,0.0,8.0,87.67,92.0,59.0,55.0,35.0,82.0,10.0,3.0,343.0,2.0,7.0,5.646173149309911,8.41793087715296,3.59301927683358
ATH,2022,8,85.0,0.0,4.0,98.35000000000001,89.0,48.0,44.0,38.0,85.0,13.0,6.0,375.0,6.0,6.0,4.026436197254703,7.778342653787493,3.477376715810879
ATL,2022,8,88.0,0.0,8.0,85.34,76.0,39.0,32.0,36.0,88.0,9.0,6.0,323.0,4.0,3.0,3.374736348722756,9.280524958987577,3.7965783923131005
BAL,2022,8,81.0,0.0,9.0,82.0,80.0,37.0,32.0,21.0,79.0,11.0,4.0,317.0,0.0,7.0,3.5121951219512195,8.670731707317072,2.3048780487804876
BOS,2022,8,92.0,0.0,9.0,100.35000000000001,106.0,74.0,67.0,48.0,101.0,9.0,5.0,391.0,1.0,7.0,6.0089686098654695,9.05829596412556,4.304932735426009
CHC,2022,8,100.0,1.0,10.0,120.34,111.0,75.0,68.0,56.0,111.0,25.0,11.0,459.0,3.0,12.0,5.08559082599302,8.301479142429782,4.188133621406016
CHW,2022,8,87.0,0.0,10.0,88.66,87.0,52.0,48.0,35.0,95.0,9.0,5.0,346.0,1.0,3.0,4.872546808030679,9.643582224227385,3.5528987141890367
CIN,2022,8,104.0,2.0,5.0,108.67,103.0,43.0,40.0,40.0,118.0,12.0,5.0,416.0,4.0,7.0,3.312781816508696,9.772706358700654,3.312781816508696
CLE,2022,8,79.0,0.0,8.0,81.64999999999999,58.0,19.0,17.0,20.0,103.0,7.0,3.0,295.0,2.0,7.0,1.8738518064911207,11.353337415799144,2.2045315370483776
COL,2022,8,72.0,0.0,7.0,86.33,81.0,50.0,45.0,43.0,87.0,10.0,8.0,328.0,1.0,2.0,4.691300822425576,9.069848256689449,4.482798563651106
DET,2022,8,100.0,2.0,5.0,105.0,100.0,59.0,55.0,44.0,96.0,10.0,7.0,402.0,1.0,12.0,4.714285714285714,8.228571428571428,3.7714285714285714
HOU,2022,8,79.0,0.0,10.0,77.0,73.0,33.0,29.0,30.0,94.0,3.0,2.0,287.0,2.0,9.0,3.3896103896103895,10.987012987012987,3.5064935064935066
KCR,2022,8,96.0,3.0,5.0,106.33,129.0,83.0,79.0,51.0,95.0,18.0,2.0,428.0,0.0,9.0,6.686729991535785,8.04100442020126,4.316749741371203
LAA,2022,8,81.0,5.0,7.0,128.67000000000002,89.0,61.0,48.0,61.0,109.0,15.0,7.0,463.0,4.0,10.0,3.3574259734203773,7.6241548146421065,4.266728841221729
LAD,2022,8,102.0,0.0,6.0,101.33,55.0,27.0,25.0,27.0,98.0,8.0,4.0,358.0,0.0,3.0,2.220467778545347,8.70423369189776,2.3981052008289745
MIA,2022,8,84.0,2.0,6.0,92.66,107.0,46.0,41.0,45.0,103.0,11.0,3.0,370.0,5.0,9.0,3.9823008849557526,10.004316857327867,4.370818044463631
MIL,2022,8,92.0,1.0,6.0,97.99,80.0,50.0,39.0,40.0,110.0,14.0,5.0,352.0,4.0,10.0,3.5819981630778654,10.10307174201449,3.6738442698234515
MIN,2022,8,103.0,0.0,4.0,115.34,116.0,50.0,44.0,29.0,130.0,9.0,2.0,437.0,3.0,11.0,3.433327553320617,10.143922316629096,2.262874978324952
NYM,2022,8,86.0,1.0,8.0,99.66,102.0,47.0,44.0,36.0,102.0,12.0,4.0,392.0,2.0,2.0,3.9735099337748347,9.211318482841662,3.2510535821794098
NYY,2022,8,87.0,0.0,4.0,87.32,65.0,38.0,32.0,36.0,82.0,8.0,7.0,315.0,2.0,7.0,3.298213467704993,8.451672010994045,3.7104901511681176
PHI,2022,8,80.0,1.0,9.0,80.64999999999999,79.0,44.0,41.0,37.0,86.0,7.0,4.0,304.0,2.0,9.0,4.5753254804711725,9.597024178549288,4.128952262864229
PIT,2022,8,95.0,0.0,3.0,117.34,107.0,70.0,65.0,60.0,99.0,6.0,11.0,444.0,7.0,12.0,4.985512186807568,7.593318561445372,4.602011249360832
SDP,2022,8,87.0,0.0,7.0,95.0,95.0,40.0,32.0,32.0,92.0,5.0,10.0,364.0,0.0,11.0,3.031578947368421,8.715789473684211,3.031578947368421
SEA,2022,8,85.0,1.0,8.0,91.67,58.0,33.0,29.0,29.0,104.0,8.0,3.0,319.0,4.0,3.0,2.8471691938474963,10.210537798625504,2.8471691938474963
SFG,2022,8,93.0,0.0,6.0,93.66,96.0,46.0,36.0,36.0,86.0,13.0,1.0,362.0,3.0,6.0,3.459320948110186,8.263933376040999,3.459320948110186
STL,2022,8,71.0,1.0,6.0,100.35000000000001,86.0,43.0,40.0,35.0,88.0,8.0,2.0,374.0,4.0,8.0,3.5874439461883405,7.892376681614349,3.139013452914798
TBR,2022,8,99.0,6.0,8.0,120.33,106.0,46.0,38.0,31.0,131.0,10.0,7.0,449.0,1.0,11.0,2.842183994016455,9.798055347793568,2.3186237845923707
TEX,2022,8,85.0,1.0,7.0,113.66,91.0,50.0,43.0,41.0,123.0,9.0,3.0,420.0,0.0,7.0,3.404891782509238,9.739574168572938,3.2465247228576457
TOR,2022,8,102.0,3.0,5.0,109.34,102.0,51.0,45.0,42.0,113.0,17.0,6.0,419.0,5.0,9.0,3.7040424364368025,9.301262118163526,3.4571062740076823
WAS,2022,8,99.0,0.0,6.0,103.34,105.0,56.0,47.0,37.0,105.0,14.0,9.0,401.0,1.0,7.0,4.093284304238436,9.144571317979485,3.222372750145152
ARI,2022,9,91.0,0.0,4.0,89.34,91.0,55.0,50.0,42.0,71.0,17.0,4.0,351.0,2.0,5.0,5.0369375419744795,7.152451309603761,4.231027535258563
ATH,2022,9,84.0,1.0,4.0,101.67,114.0,65.0,63.0,30.0,84.0,16.0,9.0,405.0,3.0,11.0,5.576866332251401,7.435821776335202,2.655650634405429
ATL,2022,9,88.0,0.0,8.0,90.0,50.0,20.0,17.0,30.0,106.0,8.0,1.0,313.0,2.0,3.0,1.7,10.6,3.0
BAL,2022,9,86.0,1.0,7.0,99.0,97.0,61.0,56.0,35.0,91.0,12.0,4.0,378.0,3.0,13.0,5.090909090909091,8.272727272727273,3.1818181818181817
BOS,2022,9,91.0,0.0,7.0,95.66,85.0,51.0,48.0,41.0,87.0,17.0,5.0,362.0,3.0,6.0,4.515994145933514,8.185239389504495,3.8574116663182103
CHC,2022,9,66.0,0.0,11.0,79.34,66.0,31.0,31.0,39.0,84.0,11.0,4.0,291.0,2.0,9.0,3.516511217544744,9.528611041088983,4.423997983362742
CHW,2022,9,97.0,2.0,7.0,95.67,78.0,49.0,41.0,38.0,112.0,8.0,1.0,352.0,1.0,2.0,3.857008466603951,10.536218250235184,3.574788334901223
CIN,2022,9,96.0,2.0,5.0,118.67,100.0,60.0,54.0,65.0,122.0,11.0,6.0,435.0,3.0,9.0,4.095390578916323,9.25254908569984,4.929636807954832
CLE,2022,9,98.0,0.0,15.0,105.99,73.0,39.0,30.0,34.0,113.0,6.0,7.0,376.0,3.0,10.0,2.5474101330314185,9.595244834418342,2.8870648174356073
COL,2022,9,78.0,0.0,4.0,91.67,86.0,58.0,56.0,33.0,101.0,13.0,2.0,354.0,1.0,4.0,5.497981891567579,9.916003054434384,3.2398821861023235
DET,2022,9,93.0,1.0,6.0,98.33,95.0,45.0,40.0,44.0,94.0,11.0,4.0,378.0,1.0,9.0,3.6611410556290043,8.603681480728161,4.0272551611919045
HOU,2022,9,85.0,2.0,9.0,94.0,63.0,26.0,22.0,26.0,119.0,8.0,1.0,333.0,1.0,8.0,2.1063829787234045,11.393617021276595,2.4893617021276597
KCR,2022,9,89.0,0.0,5.0,88.67999999999999,81.0,40.0,37.0,38.0,96.0,4.0,11.0,335.0,4.0,7.0,3.755074424898512,9.742895805142084,3.8565629228687417
LAA,2022,9,82.0,1.0,8.0,94.01,77.0,46.0,43.0,38.0,96.0,18.0,7.0,345.0,5.0,13.0,4.1165833421976386,9.190511647697054,3.63791086054675
LAD,2022,9,100.0,2.0,6.0,106.34,73.0,37.0,29.0,36.0,118.0,10.0,7.0,381.0,4.0,7.0,2.454391574195975,9.986834681211208,3.0468309196915553
MIA,2022,9,82.0,0.0,6.0,84.64999999999999,79.0,45.0,43.0,44.0,92.0,13.0,3.0,319.0,4.0,7.0,4.571766095688128,9.78145304193739,4.678086237448317
MIL,2022,9,98.0,1.0,8.0,106.0,85.0,53.0,48.0,38.0,117.0,17.0,8.0,394.0,3.0,8.0,4.0754716981132075,9.933962264150944,3.2264150943396226
MIN,2022,9,93.0,0.0,3.0,115.0,116.0,60.0,56.0,50.0,114.0,8.0,10.0,447.0,11.0,9.0,4.382608695652174,8.921739130434784,3.9130434782608696
NYM,2022,9,76.0,0.0,3.0,87.97999999999999,82.0,40.0,39.0,26.0,113.0,10.0,7.0,335.0,1.0,5.0,3.9895430779722667,11.559445328483747,2.6596953853148446
NYY,2022,9,90.0,1.0,7.0,95.0,90.0,42.0,35.0,43.0,97.0,6.0,7.0,364.0,0.0,6.0,3.31578947368421,9.189473684210526,4.073684210526316
PHI,2022,9,85.0,0.0,5.0,85.67999999999999,81.0,50.0,45.0,45.0,107.0,7.0,7.0,330.0,1.0,2.0,4.726890756302521,11.239495798319329,4.726890756302521
PIT,2022,9,76.0,1.0,4.0,96.67,110.0,69.0,66.0,51.0,92.0,14.0,8.0,385.0,1.0,8.0,6.144615702906797,8.565221888900382,4.748112134064343
SDP,2022,9,87.0,1.0,4.0,89.67,63.0,43.0,40.0,35.0,92.0,11.0,3.0,323.0,2.0,5.0,4.014720642355303,9.233857477417196,3.51288056206089
SEA,2022,9,92.0,0.0,5.0,87.0,66.0,38.0,32.0,36.0,89.0,9.0,5.0,312.0,5.0,6.0,3.310344827586207,9.206896551724137,3.7241379310344827
SFG,2022,9,95.0,3.0,12.0,125.0,112.0,45.0,41.0,41.0,114.0,11.0,4.0,463.0,1.0,18.0,2.952,8.208,2.952
STL,2022,9,77.0,0.0,8.0,79.68,75.0,34.0,34.0,36.0,70.0,8.0,3.0,297.0,1.0,9.0,3.8403614457831323,7.906626506024096,4.066265060240964
TBR,2022,9,109.0,4.0,7.0,129.68,95.0,49.0,47.0,39.0,128.0,18.0,5.0,470.0,6.0,10.0,3.261875385564466,8.883405305367058,2.7066625539790254
TEX,2022,9,87.0,2.0,5.0,110.01,100.0,55.0,47.0,55.0,106.0,8.0,4.0,417.0,4.0,7.0,3.845104990455413,8.671938914644123,4.499590946277611
TOR,2022,9,103.0,4.0,9.0,107.99,99.0,56.0,49.0,37.0,125.0,12.0,10.0,413.0,3.0,6.0,4.08371145476433,10.417631262153904,3.0836188535975557
WAS,2022,9,87.0,0.0,4.0,97.34,90.0,45.0,36.0,32.0,74.0,13.0,5.0,364.0,0.0,11.0,3.3285391411547156,6.841997123484692,2.9587014588041916
ARI,2023,4,87.0,0.0,6.0,92.34,81.0,52.0,50.0,42.0,90.0,13.0,4.0,345.0,0.0,9.0,4.8732943469785575,8.771929824561402,4.093567251461988
ATH,2023,4,98.0,1.0,3.0,115.33,125.0,98.0,90.0,76.0,90.0,18.0,10.0,449.0,4.0,9.0,7.023324373536807,7.023324373536807,5.930807248764416
ATL,2023,4,89.0,0.0,7.0,95.01,83.0,43.0,41.0,28.0,104.0,9.0,3.0,357.0,1.0,7.0,3.883801705083675,9.851594568992738,2.6523523839595833
BAL,2023,4,103.0,0.0,9.0,105.01,84.0,40.0,35.0,40.0,127.0,9.0,6.0,387.0,4.0,7.0,2.9997143129225785,10.884677649747642,3.428244929054376
BOS,2023,4,94.0,2.0,7.0,123.66,117.0,60.0,55.0,39.0,113.0,13.0,9.0,471.0,0.0,12.0,4.0029112081513825,8.224163027656477,2.8384279475982535
CHC,2023,4,101.0,1.0,3.0,112.01,93.0,57.0,57.0,51.0,132.0,16.0,8.0,416.0,2.0,5.0,4.579948218909026,10.606195875368272,4.097848406392286
CHW,2023,4,101.0,0.0,3.0,95.99,110.0,77.0,67.0,53.0,116.0,17.0,7.0,388.0,1.0,8.0,6.281904365038025,10.876132930513597,4.969267632045005
CIN,2023,4,98.0,0.0,6.0,106.34,91.0,46.0,42.0,45.0,120.0,9.0,7.0,397.0,0.0,5.0,3.5546360729734814,10.156103065638517,3.808538649614444
CLE,2023,4,90.0,0.0,11.0,103.34,83.0,43.0,36.0,36.0,101.0,13.0,3.0,378.0,2.0,6.0,3.1352815947358232,8.796206696342171,3.1352815947358232
COL,2023,4,89.0,0.0,3.0,114.33,114.0,72.0,59.0,50.0,116.0,10.0,8.0,439.0,2.0,9.0,4.644450275518237,9.131461558646023,3.935974809761218
DET,2023,4,86.0,0.0,6.0,106.33,88.0,57.0,52.0,32.0,99.0,19.0,7.0,389.0,1.0,10.0,4.401391893162795,8.379573027367629,2.708548857330951
HOU,2023,4,87.0,0.0,7.0,93.99,74.0,37.0,31.0,34.0,112.0,10.0,5.0,349.0,1.0,7.0,2.968400893712097,10.724545164379188,3.255665496329397
KCR,2023,4,96.0,2.0,5.0,110.32,109.0,65.0,62.0,44.0,129.0,17.0,9.0,426.0,0.0,7.0,5.058013052936911,10.523930384336476,3.589557650471356
LAA,2023,4,87.0,0.0,11.0,106.33,84.0,47.0,37.0,40.0,102.0,5.0,12.0,391.0,6.0,7.0,3.1317596162889116,8.633499482742407,3.3856860716636885
LAD,2023,4,97.0,0.0,7.0,98.33,109.0,52.0,52.0,34.0,97.0,11.0,6.0,388.0,1.0,9.0,4.759483372317705,8.878267059900336,3.111969897284654
MIA,2023,4,95.0,1.0,8.0,116.33,101.0,63.0,58.0,41.0,104.0,20.0,8.0,435.0,3.0,9.0,4.487234591249033,8.046075818791369,3.172010659331213
MIL,2023,4,89.0,0.0,9.0,97.0,83.0,34.0,32.0,37.0,82.0,11.0,5.0,364.0,2.0,8.0,2.9690721649484537,7.608247422680412,3.4329896907216493
MIN,2023,4,81.0,0.0,9.0,96.67,80.0,46.0,41.0,37.0,102.0,9.0,2.0,360.0,1.0,9.0,3.81710975483604,9.496224268128685,3.444708803144719
NYM,2023,4,86.0,0.0,7.0,96.33,78.0,39.0,38.0,36.0,103.0,11.0,10.0,353.0,1.0,6.0,3.550295857988166,9.623170351915292,3.3634381812519467
NYY,2023,4,80.0,0.0,5.0,107.66,79.0,37.0,35.0,47.0,116.0,9.0,10.0,391.0,0.0,8.0,2.925877763328999,9.697194872747538,3.929035853613227
PHI,2023,4,97.0,0.0,8.0,98.66,92.0,54.0,49.0,47.0,113.0,11.0,5.0,373.0,0.0,4.0,4.4698966146361245,10.308128927630246,4.287451854855058
PIT,2023,4,87.0,0.0,13.0,98.68,85.0,36.0,34.0,41.0,98.0,6.0,3.0,370.0,5.0,6.0,3.100932306445075,8.937981353871098,3.739359546007296
SDP,2023,4,85.0,0.0,10.0,94.66,86.0,51.0,50.0,44.0,93.0,14.0,6.0,361.0,0.0,6.0,4.753855905345447,8.842171983942531,4.183393196703993
SEA,2023,4,103.0,0.0,9.0,98.99,80.0,46.0,34.0,44.0,110.0,6.0,6.0,371.0,9.0,5.0,3.0912213354884335,10.001010203050813,4.000404081220325
SFG,2023,4,88.0,3.0,5.0,111.66,126.0,83.0,74.0,45.0,115.0,21.0,4.0,446.0,3.0,8.0,5.964535196131113,9.269210102095647,3.627082213863514
STL,2023,4,91.0,0.0,4.0,99.66,89.0,48.0,44.0,44.0,125.0,10.0,0.0,374.0,2.0,9.0,3.9735099337748347,11.288380493678508,3.9735099337748347
TBR,2023,4,89.0,3.0,5.0,126.33,90.0,47.0,44.0,50.0,97.0,6.0,12.0,460.0,2.0,11.0,3.1346473521728804,6.910472571835669,3.562099263832819
TEX,2023,4,76.0,0.0,4.0,96.33,73.0,42.0,37.0,36.0,92.0,6.0,4.0,352.0,3.0,8.0,3.4568670196200557,8.595453129866087,3.3634381812519467
TOR,2023,4,96.0,0.0,11.0,90.32,72.0,41.0,38.0,30.0,105.0,13.0,5.0,335.0,2.0,8.0,3.7865367581930913,10.462798937112488,2.9893711248892827
WAS,2023,4,85.0,0.0,7.0,96.64999999999999,87.0,51.0,47.0,40.0,81.0,10.0,4.0,360.0,1.0,12.0,4.37661665804449,7.542679772374548,3.7247801345059495
ARI,2023,5,88.0,0.0,8.0,92.67,90.0,45.0,37.0,39.0,108.0,10.0,3.0,363.0,4.0,2.0,3.5933959210100355,10.488831337002267,3.7876335383619293
ATH,2023,5,94.0,2.0,1.0,109.64999999999999,97.0,66.0,64.0,52.0,101.0,19.0,7.0,412.0,6.0,7.0,5.253077975376197,8.290013679890562,4.26812585499316
ATL,2023,5,102.0,3.0,7.0,110.35000000000001,106.0,59.0,49.0,44.0,118.0,14.0,7.0,419.0,0.0,8.0,3.99637516991391,9.623923878568192,3.588581785228817
BAL,2023,5,100.0,1.0,9.0,104.99,111.0,56.0,49.0,47.0,119.0,10.0,4.0,406.0,5.0,11.0,4.200400038098866,10.200971521097248,4.028955138584627
BOS,2023,5,76.0,3.0,7.0,102.66,101.0,62.0,53.0,39.0,88.0,17.0,3.0,404.0,1.0,9.0,4.646405610753945,7.714786674459381,3.419053185271771
CHC,2023,5,87.0,0.0,4.0,98.67,110.0,61.0,58.0,39.0,90.0,14.0,2.0,382.0,1.0,13.0,5.290361812100942,8.2091821222256,3.5573122529644268
CHW,2023,5,93.0,2.0,7.0,104.33,77.0,41.0,38.0,45.0,93.0,9.0,4.0,379.0,2.0,6.0,3.278060001916994,8.02262053100738,3.8819131601648613
CIN,2023,5,96.0,2.0,11.0,107.66,98.0,56.0,52.0,54.0,101.0,10.0,3.0,405.0,2.0,7.0,4.347018391231655,8.443247259892255,4.514211406279026
CLE,2023,5,81.0,0.0,9.0,82.0,65.0,31.0,24.0,29.0,82.0,8.0,2.0,302.0,0.0,5.0,2.6341463414634143,9.0,3.1829268292682924
COL,2023,5,89.0,0.0,8.0,114.30999999999999,109.0,53.0,52.0,52.0,112.0,13.0,4.0,432.0,0.0,8.0,4.094129997375559,8.81812614819351,4.094129997375559
DET,2023,5,84.0,0.0,8.0,98.68,102.0,45.0,36.0,30.0,86.0,6.0,3.0,391.0,3.0,8.0,3.283340089177138,7.843534657478719,2.736116740980948
HOU,2023,5,83.0,0.0,8.0,85.0,74.0,32.0,31.0,33.0,104.0,6.0,8.0,314.0,0.0,8.0,3.2823529411764705,11.011764705882353,3.4941176470588236
KCR,2023,5,103.0,5.0,3.0,126.68,113.0,57.0,55.0,71.0,145.0,8.0,2.0,472.0,2.0,12.0,3.9074834227976,10.30154720555731,5.044205873065993
LAA,2023,5,81.0,3.0,8.0,113.01,114.0,60.0,52.0,37.0,116.0,17.0,3.0,439.0,6.0,13.0,4.14122644013804,9.238120520307936,2.9466418900982214
LAD,2023,5,98.0,0.0,7.0,109.67,89.0,58.0,53.0,43.0,118.0,15.0,5.0,411.0,6.0,7.0,4.349411871979575,9.68359624327528,3.5287681225494665
MIA,2023,5,106.0,1.0,7.0,99.34,95.0,45.0,38.0,50.0,117.0,7.0,2.0,372.0,7.0,12.0,3.4427219649687935,10.599959734246024,4.52989732232736
MIL,2023,5,79.0,0.0,4.0,91.0,94.0,55.0,54.0,31.0,94.0,15.0,10.0,356.0,1.0,6.0,5.34065934065934,9.296703296703297,3.065934065934066
MIN,2023,5,89.0,0.0,3.0,95.34,75.0,43.0,36.0,50.0,107.0,10.0,6.0,346.0,9.0,4.0,3.398363750786658,10.100692259282567,4.7199496538703585
NYM,2023,5,88.0,0.0,9.0,105.67,93.0,58.0,56.0,41.0,102.0,18.0,13.0,392.0,0.0,8.0,4.769565628844516,8.687423109681083,3.492003406832592
NYY,2023,5,99.0,1.0,10.0,112.66,91.0,40.0,35.0,45.0,113.0,9.0,8.0,415.0,1.0,11.0,2.7960234333392506,9.027161370495296,3.5948872714361797
PHI,2023,5,93.0,4.0,6.0,105.01,109.0,64.0,56.0,46.0,119.0,14.0,8.0,416.0,2.0,4.0,4.799542900676126,10.199028663936767,3.942481668412532
PIT,2023,5,75.0,0.0,1.0,85.33,75.0,46.0,43.0,34.0,93.0,13.0,3.0,315.0,2.0,11.0,4.5353334114613855,9.80897691316067,3.586077581155514
SDP,2023,5,79.0,0.0,4.0,87.33,65.0,26.0,20.0,28.0,82.0,5.0,4.0,314.0,3.0,9.0,2.0611473720371007,8.450704225352112,2.885606320851941
SEA,2023,5,87.0,0.0,5.0,83.01,81.0,32.0,32.0,24.0,100.0,7.0,3.0,317.0,2.0,9.0,3.469461510661366,10.842067220816768,2.6020961329960244
SFG,2023,5,87.0,6.0,14.0,117.66,87.0,45.0,34.0,41.0,137.0,9.0,8.0,423.0,4.0,11.0,2.6007139214686386,10.479347271800103,3.136155022947476
STL,2023,5,80.0,0.0,9.0,97.33,85.0,45.0,39.0,45.0,99.0,9.0,5.0,363.0,1.0,7.0,3.6062878865714576,9.154423096681393,4.161101407582452
TBR,2023,5,109.0,11.0,11.0,146.99,161.0,99.0,93.0,71.0,117.0,29.0,8.0,580.0,5.0,16.0,5.694264915980678,7.163752636233757,4.34723450574869
TEX,2023,5,71.0,0.0,6.0,74.01,77.0,49.0,47.0,30.0,73.0,12.0,5.0,289.0,2.0,4.0,5.715443858937981,8.877178759627077,3.648155654641265
TOR,2023,5,90.0,0.0,3.0,92.33,79.0,43.0,38.0,44.0,105.0,12.0,3.0,350.0,5.0,4.0,3.704104841330012,10.235026535253981,4.288963500487382
WAS,2023,5,89.0,0.0,10.0,102.64999999999999,106.0,58.0,55.0,46.0,87.0,19.0,4.0,399.0,3.0,11.0,4.822211397954214,7.627861665854847,4.03312226010716
ARI,2023,6,80.0,0.0,7.0,92.34,82.0,41.0,39.0,28.0,88.0,8.0,2.0,345.0,2.0,13.0,3.8011695906432745,8.57699805068226,2.729044834307992
ATH,2023,6,81.0,5.0,9.0,93.0,102.0,61.0,54.0,48.0,85.0,7.0,7.0,362.0,4.0,5.0,5.225806451612904,8.225806451612902,4.64516129032258
ATL,2023,6,79.0,0.0,13.0,90.33,72.0,29.0,26.0,27.0,110.0,10.0,4.0,333.0,0.0,6.0,2.590501494520093,10.959814015277317,2.6901361673862505
BAL,2023,6,81.0,0.0,7.0,85.66,86.0,45.0,41.0,36.0,98.0,8.0,7.0,336.0,1.0,4.0,4.307728227877656,10.296521130049031,3.7823955171608685
BOS,2023,6,83.0,3.0,7.0,112.01,116.0,59.0,53.0,40.0,109.0,16.0,4.0,435.0,3.0,14.0,4.258548343897866,8.758146594054102,3.213998750111597
CHC,2023,6,70.0,2.0,3.0,85.67,65.0,33.0,30.0,39.0,95.0,9.0,4.0,310.0,0.0,6.0,3.151628341309676,9.98015641414731,4.09711684370258
CHW,2023,6,79.0,0.0,5.0,83.0,66.0,38.0,33.0,37.0,87.0,8.0,1.0,314.0,2.0,5.0,3.5783132530120483,9.433734939759036,4.0120481927710845
CIN,2023,6,103.0,0.0,12.0,110.99,97.0,53.0,48.0,55.0,92.0,16.0,10.0,409.0,3.0,11.0,3.8922425443733673,7.460131543382287,4.4598612487611495
CLE,2023,6,92.0,1.0,7.0,109.33,82.0,45.0,39.0,45.0,97.0,9.0,4.0,394.0,2.0,6.0,3.210463733650416,7.984999542668984,3.7043812311350957
COL,2023,6,93.0,1.0,8.0,110.0,121.0,70.0,66.0,58.0,102.0,13.0,7.0,423.0,3.0,14.0,5.3999999999999995,8.345454545454546,4.745454545454545
DET,2023,6,96.0,6.0,3.0,122.66,115.0,61.0,55.0,49.0,133.0,14.0,5.0,468.0,2.0,11.0,4.035545410076635,9.758682537094407,3.595304092613729
HOU,2023,6,81.0,0.0,7.0,85.67,82.0,55.0,43.0,36.0,98.0,10.0,9.0,325.0,3.0,7.0,4.517333955877204,10.295319248278277,3.7819540095716118
KCR,2023,6,85.0,5.0,3.0,107.67,114.0,83.0,75.0,54.0,109.0,14.0,4.0,418.0,1.0,7.0,6.2691557536918365,9.111173028698802,4.513792142658122
LAA,2023,6,76.0,0.0,9.0,86.64999999999999,75.0,41.0,37.0,48.0,87.0,9.0,8.0,324.0,2.0,8.0,3.843046739757646,9.036353144835546,4.985574148874784
LAD,2023,6,92.0,3.0,6.0,95.0,90.0,53.0,47.0,36.0,106.0,10.0,7.0,357.0,3.0,11.0,4.4526315789473685,10.042105263157893,3.4105263157894736
MIA,2023,6,87.0,3.0,11.0,101.0,99.0,50.0,47.0,29.0,110.0,13.0,3.0,391.0,2.0,10.0,4.188118811881188,9.801980198019802,2.584158415841584
MIL,2023,6,89.0,0.0,9.0,85.0,73.0,38.0,35.0,42.0,89.0,8.0,8.0,314.0,1.0,9.0,3.705882352941176,9.423529411764706,4.447058823529412
MIN,2023,6,74.0,1.0,5.0,88.35000000000001,70.0,31.0,31.0,28.0,83.0,9.0,3.0,320.0,3.0,11.0,3.1578947368421053,8.455008488964346,2.8522920203735143
NYM,2023,6,89.0,0.0,2.0,93.0,84.0,50.0,46.0,41.0,88.0,15.0,6.0,347.0,3.0,13.0,4.451612903225806,8.516129032258064,3.967741935483871
NYY,2023,6,77.0,0.0,9.0,78.99,59.0,29.0,24.0,26.0,75.0,6.0,3.0,285.0,0.0,4.0,2.734523357387011,8.54538549183441,2.9624003038359286
PHI,2023,6,86.0,2.0,9.0,92.33,83.0,45.0,38.0,27.0,105.0,14.0,5.0,346.0,2.0,6.0,3.704104841330012,10.235026535253981,2.6318639662081664
PIT,2023,6,86.0,2.0,8.0,87.32,106.0,75.0,66.0,49.0,84.0,13.0,8.0,355.0,4.0,5.0,6.802565277141549,8.657810352725607,5.050389372423271
SDP,2023,6,85.0,0.0,5.0,97.66,86.0,52.0,42.0,36.0,88.0,14.0,8.0,353.0,1.0,9.0,3.87057137005939,8.109768584886341,3.3176326029080485
SEA,2023,6,81.0,0.0,3.0,83.66,85.0,54.0,50.0,37.0,83.0,14.0,4.0,322.0,0.0,10.0,5.378914654554148,8.928998326559887,3.9803968443700692
SFG,2023,6,85.0,5.0,13.0,133.66,111.0,45.0,42.0,40.0,135.0,10.0,10.0,503.0,4.0,11.0,2.828071225497531,9.090228939099207,2.693401167140506
STL,2023,6,69.0,0.0,7.0,79.67,77.0,49.0,46.0,36.0,80.0,12.0,2.0,306.0,0.0,3.0,5.196435295594326,9.037278774946655,4.066775448725995
TBR,2023,6,88.0,3.0,8.0,101.35000000000001,59.0,27.0,26.0,41.0,116.0,8.0,7.0,350.0,1.0,11.0,2.3088307844104587,10.300937345831276,3.6408485446472616
TEX,2023,6,71.0,0.0,5.0,87.67,72.0,41.0,40.0,25.0,81.0,10.0,2.0,323.0,2.0,3.0,4.106307744952663,8.315273183529143,2.566442340595415
TOR,2023,6,90.0,3.0,13.0,105.66,108.0,46.0,45.0,21.0,111.0,17.0,3.0,410.0,0.0,13.0,3.8330494037478706,9.454855195911414,1.788756388415673
WAS,2023,6,74.0,0.0,5.0,89.0,90.0,59.0,52.0,47.0,75.0,12.0,6.0,343.0,3.0,9.0,5.258426966292134,7.584269662921348,4.752808988764045
ARI,2023,7,85.0,2.0,6.0,84.99,87.0,61.0,58.0,42.0,88.0,15.0,7.0,328.0,1.0,6.0,6.141899046946699,9.318743381574304,4.447582068478645
ATH,2023,7,89.0,9.0,5.0,110.0,95.0,63.0,60.0,56.0,118.0,13.0,7.0,408.0,2.0,9.0,4.909090909090908,9.654545454545454,4.581818181818181
ATL,2023,7,72.0,0.0,8.0,75.34,67.0,37.0,33.0,27.0,73.0,7.0,4.0,284.0,2.0,6.0,3.942129015131404,8.720467215290682,3.2253782851075123
BAL,2023,7,76.0,2.0,10.0,90.33,84.0,35.0,33.0,32.0,89.0,7.0,5.0,342.0,1.0,6.0,3.287944204583195,8.86748588508801,3.188309531717038
BOS,2023,7,74.0,3.0,9.0,116.99,115.0,46.0,42.0,39.0,127.0,12.0,6.0,448.0,5.0,10.0,3.231045388494743,9.770065817591247,3.00025643217369
CHC,2023,7,76.0,1.0,8.0,90.33,67.0,38.0,35.0,42.0,88.0,11.0,6.0,323.0,0.0,10.0,3.4872135503155097,8.767851212221855,4.1846562603786115
CHW,2023,7,52.0,1.0,2.0,68.0,83.0,43.0,39.0,19.0,61.0,12.0,4.0,274.0,2.0,8.0,5.161764705882352,8.073529411764707,2.514705882352941
CIN,2023,7,100.0,0.0,12.0,93.33,78.0,45.0,38.0,46.0,94.0,11.0,9.0,348.0,2.0,9.0,3.664416586306654,9.064609450337512,4.435872709739634
CLE,2023,7,90.0,3.0,4.0,98.67,92.0,58.0,56.0,51.0,98.0,15.0,3.0,373.0,1.0,9.0,5.107935542718152,8.938887199756765,4.651869869261174
COL,2023,7,84.0,2.0,4.0,94.0,84.0,50.0,44.0,39.0,78.0,10.0,5.0,351.0,4.0,10.0,4.212765957446809,7.468085106382978,3.734042553191489
DET,2023,7,81.0,2.0,6.0,101.68,106.0,61.0,56.0,32.0,93.0,15.0,5.0,400.0,1.0,8.0,4.956726986624704,8.23170731707317,2.8324154209284025
HOU,2023,7,96.0,0.0,13.0,96.33,88.0,57.0,51.0,47.0,102.0,20.0,7.0,360.0,2.0,8.0,4.764870756773591,9.529741513547181,4.391155403301152
KCR,2023,7,81.0,1.0,5.0,83.99,86.0,59.0,54.0,43.0,75.0,10.0,4.0,322.0,2.0,4.0,5.786403143231338,8.036671032265748,4.607691391832361
LAA,2023,7,80.0,1.0,5.0,90.35000000000001,93.0,61.0,53.0,54.0,97.0,17.0,5.0,359.0,8.0,2.0,5.2794687327061425,9.662423907028222,5.379081350304371
LAD,2023,7,91.0,1.0,5.0,91.33,70.0,36.0,28.0,44.0,99.0,5.0,6.0,334.0,3.0,9.0,2.759224789225884,9.755830504762947,4.335924668783533
MIA,2023,7,71.0,2.0,2.0,81.67,81.0,48.0,45.0,34.0,94.0,11.0,5.0,313.0,4.0,5.0,4.958981266070772,10.358760866903392,3.7467858454756944
MIL,2023,7,77.0,0.0,12.0,82.01,69.0,38.0,36.0,24.0,96.0,9.0,2.0,299.0,0.0,7.0,3.9507377149128153,10.535300573100841,2.6338251432752102
MIN,2023,7,85.0,0.0,6.0,88.67,82.0,53.0,50.0,27.0,81.0,12.0,8.0,333.0,1.0,5.0,5.074997180557122,8.221495432502538,2.7404984775008456
NYM,2023,7,80.0,2.0,8.0,84.99,75.0,41.0,31.0,41.0,85.0,6.0,8.0,315.0,2.0,10.0,3.282739145781857,9.001058948111542,4.341687257324391
NYY,2023,7,80.0,1.0,6.0,87.34,81.0,49.0,42.0,44.0,90.0,14.0,7.0,336.0,1.0,6.0,4.327913899702313,9.274101213647814,4.534005037783375
PHI,2023,7,74.0,0.0,8.0,75.66,63.0,28.0,24.0,28.0,63.0,7.0,3.0,279.0,0.0,10.0,2.854877081681206,7.494052339413164,3.330689928628073
PIT,2023,7,85.0,2.0,5.0,93.99,67.0,46.0,38.0,36.0,108.0,14.0,11.0,333.0,3.0,8.0,3.6386849664857963,10.34152569422279,3.4471752314075967
SDP,2023,7,86.0,1.0,7.0,87.99,74.0,49.0,43.0,49.0,95.0,12.0,10.0,323.0,0.0,10.0,4.3982270712580975,9.717013296965565,5.011933174224344
SEA,2023,7,85.0,0.0,9.0,80.66,61.0,28.0,25.0,32.0,100.0,9.0,3.0,296.0,1.0,5.0,2.789486734440863,11.157946937763452,3.5705430200843047
SFG,2023,7,85.0,8.0,7.0,130.32,114.0,60.0,53.0,39.0,120.0,11.0,8.0,482.0,3.0,13.0,3.6602209944751385,8.287292817679559,2.6933701657458564
STL,2023,7,78.0,1.0,5.0,100.99,119.0,68.0,60.0,44.0,90.0,7.0,7.0,413.0,0.0,9.0,5.347064065749084,8.020596098623626,3.921180314882662
TBR,2023,7,76.0,3.0,4.0,99.99,84.0,54.0,49.0,27.0,108.0,15.0,4.0,376.0,0.0,3.0,4.41044104410441,9.72097209720972,2.43024302430243
TEX,2023,7,74.0,3.0,4.0,99.66,110.0,68.0,67.0,32.0,101.0,20.0,4.0,396.0,2.0,7.0,6.05057194461168,9.121011438892236,2.8898254063816977
TOR,2023,7,90.0,0.0,9.0,93.33,77.0,36.0,33.0,36.0,106.0,9.0,5.0,343.0,5.0,6.0,3.1822565091610415,10.221793635486982,3.471552555448409
WAS,2023,7,90.0,0.0,6.0,99.34,126.0,78.0,77.0,43.0,83.0,21.0,8.0,397.0,1.0,13.0,6.976041876384135,7.5196295550634185,3.8957116972015298
ARI,2023,8,98.0,3.0,10.0,97.33,98.0,63.0,60.0,46.0,96.0,17.0,3.0,379.0,2.0,7.0,5.548135210109935,8.877016336175897,4.253570327750951
ATH,2023,8,92.0,7.0,5.0,127.33,130.0,76.0,68.0,64.0,119.0,16.0,9.0,489.0,4.0,10.0,4.806408544726302,8.411214953271028,4.523678630330638
ATL,2023,8,89.0,0.0,7.0,94.35000000000001,69.0,28.0,26.0,40.0,110.0,10.0,4.0,340.0,2.0,8.0,2.480127186009539,10.492845786963432,3.815580286168521
BAL,2023,8,73.0,0.0,7.0,72.35000000000001,59.0,30.0,26.0,20.0,67.0,6.0,3.0,266.0,1.0,7.0,3.2342778161713888,8.334485141672424,2.4879060124395296
BOS,2023,8,99.0,5.0,9.0,134.0,159.0,95.0,89.0,58.0,142.0,23.0,10.0,548.0,4.0,7.0,5.977611940298508,9.53731343283582,3.8955223880597014
CHC,2023,8,91.0,3.0,11.0,105.0,90.0,60.0,59.0,51.0,115.0,15.0,10.0,391.0,1.0,10.0,5.057142857142857,9.857142857142858,4.371428571428571
CHW,2023,8,72.0,0.0,4.0,93.99,99.0,63.0,60.0,38.0,91.0,15.0,10.0,369.0,2.0,8.0,5.745292052345995,8.71369294605809,3.6386849664857963
CIN,2023,8,94.0,2.0,5.0,104.33,82.0,55.0,46.0,48.0,102.0,14.0,5.0,378.0,1.0,7.0,3.968177897057414,8.799003163040354,4.140707370842519
CLE,2023,8,90.0,0.0,8.0,100.66,93.0,41.0,34.0,39.0,112.0,11.0,4.0,381.0,1.0,10.0,3.0399364196304393,10.013908205841446,3.486985893105504
COL,2023,8,85.0,0.0,2.0,91.35000000000001,112.0,84.0,72.0,39.0,68.0,17.0,9.0,367.0,2.0,8.0,7.0935960591133,6.6995073891625605,3.842364532019704
DET,2023,8,101.0,1.0,9.0,99.66,108.0,61.0,59.0,46.0,102.0,12.0,7.0,402.0,1.0,6.0,5.328115593016255,9.211318482841662,4.154124021673691
HOU,2023,8,83.0,0.0,5.0,83.67,69.0,34.0,33.0,37.0,93.0,13.0,4.0,309.0,0.0,9.0,3.549659376120473,10.003585514521333,3.9799211186805303
KCR,2023,8,96.0,9.0,3.0,128.99999999999997,139.0,91.0,87.0,63.0,122.0,28.0,22.0,498.0,2.0,13.0,6.069767441860467,8.511627906976747,4.395348837209303
LAA,2023,8,97.0,1.0,8.0,118.01,142.0,86.0,80.0,61.0,134.0,19.0,8.0,483.0,7.0,7.0,6.1011778662825185,10.219472926023217,4.65214812304042
LAD,2023,8,87.0,4.0,14.0,123.0,87.0,36.0,30.0,35.0,110.0,12.0,9.0,441.0,1.0,12.0,2.1951219512195124,8.048780487804878,2.5609756097560976
MIA,2023,8,81.0,2.0,4.0,95.33,77.0,50.0,45.0,47.0,109.0,10.0,6.0,351.0,1.0,7.0,4.248400293716563,10.290569600335676,4.437218084548411
MIL,2023,8,84.0,0.0,6.0,89.33,62.0,38.0,28.0,31.0,97.0,9.0,5.0,325.0,0.0,7.0,2.821000783611329,9.772752714653532,3.1232508675696855
MIN,2023,8,80.0,0.0,8.0,91.01,90.0,57.0,51.0,42.0,92.0,16.0,5.0,351.0,1.0,5.0,5.043401823975388,9.097901329524229,4.153389737391495
NYM,2023,8,104.0,0.0,3.0,106.34,101.0,72.0,68.0,56.0,112.0,17.0,7.0,414.0,3.0,5.0,5.755125070528493,9.479029527929281,4.739514763964641
NYY,2023,8,87.0,6.0,3.0,124.66,103.0,59.0,53.0,50.0,134.0,13.0,8.0,461.0,2.0,13.0,3.8264078292956842,9.674314134445693,3.6098187068827214
PHI,2023,8,78.0,0.0,5.0,80.0,70.0,37.0,33.0,29.0,79.0,7.0,4.0,305.0,1.0,3.0,3.7125,8.887500000000001,3.2624999999999997
PIT,2023,8,85.0,5.0,9.0,106.34,109.0,67.0,62.0,47.0,119.0,11.0,9.0,421.0,6.0,7.0,5.247319917246568,10.071468873424864,3.977807034041753
SDP,2023,8,91.0,5.0,3.0,121.66,125.0,73.0,64.0,51.0,123.0,13.0,8.0,476.0,5.0,6.0,4.7345060003287855,9.099128719381884,3.7728094690120004
SEA,2023,8,90.0,0.0,14.0,88.0,77.0,32.0,25.0,25.0,100.0,8.0,3.0,331.0,3.0,10.0,2.556818181818182,10.227272727272728,2.556818181818182
SFG,2023,8,99.0,13.0,6.0,153.67,153.0,77.0,70.0,55.0,159.0,20.0,8.0,588.0,6.0,12.0,4.099694149801524,9.312162425977746,3.2211882605583395
STL,2023,8,66.0,0.0,3.0,87.67,101.0,50.0,47.0,21.0,65.0,10.0,6.0,349.0,0.0,10.0,4.824911600319379,6.672750085548078,2.1558115661001485
TBR,2023,8,85.0,4.0,8.0,111.32,106.0,57.0,54.0,33.0,112.0,11.0,3.0,426.0,0.0,8.0,4.365792310456342,9.054976643909452,2.6679841897233203
TEX,2023,8,79.0,0.0,7.0,93.66,74.0,48.0,43.0,36.0,89.0,17.0,4.0,342.0,7.0,10.0,4.1319666880204995,8.552210121716849,3.459320948110186
TOR,2023,8,97.0,1.0,10.0,102.32,79.0,39.0,32.0,30.0,90.0,9.0,4.0,367.0,6.0,13.0,2.814698983580923,7.9163408913213456,2.638780297107115
WAS,2023,8,93.0,0.0,11.0,103.0,95.0,52.0,52.0,30.0,104.0,20.0,4.0,391.0,2.0,10.0,4.543689320388349,9.087378640776699,2.6213592233009706
ARI,2023,9,94.0,2.0,6.0,99.0,68.0,29.0,24.0,32.0,87.0,9.0,6.0,355.0,2.0,6.0,2.1818181818181817,7.909090909090909,2.909090909090909
ATH,2023,9,83.0,3.0,6.0,104.35000000000001,97.0,55.0,52.0,63.0,95.0,12.0,4.0,392.0,5.0,10.0,4.4849065644465735,8.19357930043124,5.433636799233349
ATL,2023,9,92.0,1.0,10.0,116.0,119.0,77.0,65.0,42.0,122.0,26.0,2.0,459.0,3.0,9.0,5.043103448275861,9.46551724137931,3.2586206896551726
BAL,2023,9,100.0,1.0,7.0,97.99,87.0,48.0,42.0,25.0,77.0,13.0,3.0,379.0,2.0,6.0,3.8575364833146244,7.072150219410144,2.296152668639657
BOS,2023,9,89.0,1.0,3.0,102.32,99.0,62.0,56.0,50.0,101.0,12.0,9.0,395.0,6.0,3.0,4.925723221266614,8.883893666927287,4.397967161845192
CHC,2023,9,89.0,1.0,5.0,93.67,80.0,49.0,42.0,53.0,110.0,13.0,8.0,341.0,0.0,10.0,4.035443578520337,10.569018896124692,5.092345468132806
CHW,2023,9,90.0,3.0,5.0,108.67,97.0,67.0,57.0,67.0,103.0,9.0,7.0,409.0,1.0,11.0,4.7207140885248915,8.530413177509892,5.548909542652066
CIN,2023,9,113.0,3.0,6.0,122.33,116.0,71.0,67.0,59.0,109.0,15.0,11.0,473.0,4.0,6.0,4.9292896264203385,8.019292078803238,4.3407177307283575
CLE,2023,9,98.0,1.0,8.0,103.68,115.0,74.0,60.0,41.0,100.0,12.0,4.0,412.0,2.0,6.0,5.208333333333334,8.680555555555555,3.5590277777777772
COL,2023,9,99.0,2.0,7.0,111.0,141.0,90.0,87.0,66.0,106.0,16.0,15.0,452.0,1.0,11.0,7.054054054054054,8.594594594594595,5.351351351351352
DET,2023,9,97.0,7.0,8.0,129.32999999999998,117.0,58.0,53.0,42.0,130.0,16.0,3.0,490.0,0.0,13.0,3.6882393876130832,9.046624913013224,2.922755741127349
HOU,2023,9,84.0,1.0,3.0,94.99,72.0,32.0,28.0,35.0,92.0,12.0,4.0,345.0,0.0,8.0,2.652910832719234,8.716707021791768,3.316138540899042
KCR,2023,9,88.0,8.0,8.0,124.34,127.0,75.0,66.0,56.0,113.0,17.0,3.0,490.0,1.0,11.0,4.777223741354351,8.179186102621843,4.053401962361267
LAA,2023,9,93.0,6.0,2.0,115.64999999999999,121.0,81.0,70.0,62.0,102.0,19.0,7.0,453.0,4.0,8.0,5.447470817120623,7.93774319066148,4.824902723735409
LAD,2023,9,93.0,7.0,4.0,119.99,104.0,57.0,47.0,28.0,128.0,15.0,4.0,458.0,5.0,10.0,3.5252937744812067,9.600800066672223,2.100175014584549
MIA,2023,9,104.0,6.0,10.0,126.66,147.0,78.0,73.0,45.0,130.0,19.0,12.0,516.0,2.0,13.0,5.187115111321649,9.237328280435813,3.1975367124585503
MIL,2023,9,94.0,2.0,6.0,100.0,75.0,32.0,27.0,47.0,107.0,8.0,1.0,366.0,3.0,7.0,2.43,9.63,4.2299999999999995
MIN,2023,9,83.0,1.0,7.0,92.67,75.0,32.0,31.0,28.0,114.0,12.0,5.0,342.0,0.0,5.0,3.010683068954354,11.071544189057946,2.7193266429265135
NYM,2023,9,78.0,0.0,6.0,81.34,65.0,38.0,34.0,37.0,91.0,7.0,12.0,298.0,4.0,6.0,3.761986722399803,10.068846815834766,4.093926727317433
NYY,2023,9,82.0,1.0,11.0,107.66,99.0,52.0,46.0,43.0,99.0,10.0,8.0,408.0,1.0,10.0,3.8454393460895413,8.276054244844882,3.594649823518484
PHI,2023,9,97.0,2.0,9.0,103.66,86.0,48.0,41.0,47.0,119.0,14.0,2.0,391.0,0.0,4.0,3.5597144510901026,10.33185413852981,4.080648273200849
PIT,2023,9,97.0,4.0,10.0,104.99,96.0,60.0,55.0,42.0,102.0,12.0,4.0,396.0,2.0,10.0,4.714734736641585,8.743689875226213,3.6003428897990286
SDP,2023,9,81.0,4.0,6.0,96.34,83.0,41.0,37.0,45.0,106.0,9.0,10.0,361.0,3.0,7.0,3.4565082001245586,9.902428897654142,4.203861324475815
SEA,2023,9,96.0,1.0,3.0,97.0,78.0,46.0,39.0,43.0,98.0,16.0,10.0,356.0,4.0,7.0,3.618556701030928,9.092783505154639,3.9896907216494846
SFG,2023,9,80.0,6.0,5.0,107.32,120.0,73.0,55.0,37.0,106.0,10.0,3.0,434.0,3.0,8.0,4.6123742079761465,8.889303019008572,3.1028699217294076
STL,2023,9,90.0,0.0,7.0,99.0,88.0,52.0,46.0,45.0,82.0,16.0,4.0,365.0,3.0,14.0,4.181818181818182,7.454545454545455,4.090909090909091
TBR,2023,9,99.0,1.0,8.0,104.66,83.0,46.0,34.0,26.0,135.0,12.0,8.0,393.0,2.0,3.0,2.923753105293331,11.609019682782344,2.2358111981654885
TEX,2023,9,99.0,4.0,4.0,128.32,135.0,78.0,75.0,51.0,127.0,20.0,6.0,504.0,2.0,9.0,5.260286783042394,8.907418952618455,3.5769950124688283
TOR,2023,9,95.0,0.0,5.0,93.0,88.0,56.0,48.0,44.0,106.0,12.0,3.0,355.0,6.0,9.0,4.64516129032258,10.258064516129034,4.258064516129032
WAS,2023,9,95.0,0.0,2.0,111.32,112.0,56.0,51.0,43.0,95.0,13.0,8.0,415.0,9.0,11.0,4.123248293208768,7.6805605461731945,3.476464247215236
ARI,2024,4,101.0,0.0,6.0,114.34,103.0,65.0,56.0,53.0,88.0,10.0,2.0,426.0,5.0,10.0,4.407906244533846,6.926709812838901,4.171768410005248
ATH,2024,4,93.0,0.0,9.0,114.66,85.0,39.0,32.0,35.0,118.0,7.0,11.0,406.0,6.0,14.0,2.511773940345369,9.262166405023548,2.7472527472527473
ATL,2024,4,88.0,0.0,8.0,93.32,85.0,41.0,36.0,27.0,90.0,11.0,1.0,353.0,3.0,7.0,3.471924560651522,8.679811401628804,2.6039434204886414
BAL,2024,4,99.0,0.0,9.0,94.33,79.0,45.0,38.0,31.0,104.0,11.0,4.0,352.0,1.0,6.0,3.625569808120428,9.922612106434855,2.9577016855719287
BOS,2024,4,97.0,4.0,8.0,126.33,112.0,67.0,50.0,41.0,122.0,14.0,8.0,476.0,6.0,7.0,3.562099263832819,8.69152220375208,2.9209213963429117
CHC,2024,4,105.0,5.0,9.0,139.34,121.0,75.0,65.0,67.0,134.0,14.0,9.0,525.0,3.0,10.0,4.198363714654801,8.655088273288358,4.327544136644179
CHW,2024,4,110.0,1.0,4.0,111.0,113.0,72.0,57.0,61.0,105.0,15.0,9.0,429.0,4.0,11.0,4.621621621621621,8.513513513513514,4.9459459459459465
CIN,2024,4,88.0,0.0,6.0,96.33,83.0,46.0,42.0,46.0,103.0,12.0,7.0,362.0,0.0,6.0,3.9240112114606043,9.623170351915292,4.297726564933043
CLE,2024,4,114.0,0.0,10.0,110.33,79.0,35.0,30.0,38.0,130.0,5.0,10.0,391.0,2.0,6.0,2.4472038430164056,10.604549986404423,3.099791534487447
COL,2024,4,86.0,1.0,3.0,109.32,127.0,77.0,71.0,53.0,87.0,11.0,4.0,429.0,1.0,12.0,5.845225027442371,7.162458836443469,4.363336992316136
DET,2024,4,90.0,0.0,10.0,106.33,77.0,42.0,34.0,40.0,96.0,11.0,8.0,385.0,0.0,8.0,2.877833160914135,8.125646571992853,3.3856860716636885
HOU,2024,4,102.0,0.0,2.0,112.01,108.0,70.0,61.0,51.0,113.0,14.0,8.0,428.0,1.0,11.0,4.901348093920186,9.07954646906526,4.097848406392286
KCR,2024,4,94.0,0.0,9.0,96.66,88.0,38.0,37.0,43.0,77.0,7.0,7.0,364.0,2.0,6.0,3.4450651769087526,7.1694599627560525,4.003724394785848
LAA,2024,4,93.0,0.0,7.0,108.0,103.0,74.0,68.0,51.0,99.0,16.0,8.0,405.0,3.0,13.0,5.666666666666667,8.25,4.25
LAD,2024,4,106.0,3.0,11.0,136.67000000000002,110.0,66.0,55.0,46.0,122.0,15.0,11.0,499.0,4.0,7.0,3.621862881393136,8.033950391453866,3.0291944098924413
MIA,2024,4,107.0,2.0,4.0,134.00000000000003,144.0,87.0,76.0,62.0,132.0,14.0,9.0,525.0,4.0,16.0,5.104477611940297,8.865671641791044,4.164179104477611
MIL,2024,4,101.0,3.0,10.0,132.67000000000002,113.0,56.0,52.0,53.0,120.0,15.0,4.0,491.0,5.0,14.0,3.527549559056305,8.140498982437627,3.5953870505766186
MIN,2024,4,92.0,0.0,9.0,105.99,80.0,34.0,30.0,38.0,127.0,12.0,7.0,388.0,3.0,3.0,2.5474101330314185,10.784036229833005,3.226719501839796
NYM,2024,4,103.0,0.0,8.0,120.34,83.0,55.0,41.0,53.0,152.0,7.0,11.0,430.0,2.0,4.0,3.066312115672262,11.367791258102045,3.9637693202592654
NYY,2024,4,93.0,0.0,13.0,108.33,78.0,41.0,32.0,43.0,90.0,7.0,8.0,391.0,1.0,6.0,2.6585433397950706,7.477153143173636,3.572417612849626
PHI,2024,4,92.0,0.0,9.0,92.34,97.0,61.0,57.0,40.0,101.0,11.0,2.0,360.0,1.0,5.0,5.555555555555555,9.844054580896685,3.898635477582846
PIT,2024,4,101.0,1.0,9.0,108.34,86.0,57.0,48.0,53.0,119.0,10.0,8.0,404.0,5.0,7.0,3.987446926342994,9.885545504892006,4.402805981170389
SDP,2024,4,113.0,0.0,10.0,124.33,116.0,62.0,56.0,39.0,111.0,12.0,9.0,466.0,2.0,11.0,4.053727981983431,8.035067964288586,2.8231319874527467
SEA,2024,4,89.0,0.0,8.0,91.34,64.0,31.0,26.0,31.0,95.0,8.0,8.0,328.0,2.0,7.0,2.561856798773812,9.360630610904314,3.0545215677687763
SFG,2024,4,93.0,1.0,5.0,104.01,104.0,63.0,60.0,40.0,97.0,13.0,10.0,401.0,0.0,11.0,5.19180847995385,8.393423709258725,3.461205653302567
STL,2024,4,95.0,2.0,11.0,114.99,105.0,58.0,53.0,43.0,123.0,16.0,2.0,434.0,3.0,15.0,4.148186798852074,9.626924080354815,3.365510044351683
TBR,2024,4,97.0,4.0,9.0,114.0,107.0,79.0,66.0,62.0,111.0,17.0,9.0,435.0,2.0,11.0,5.210526315789474,8.763157894736842,4.894736842105264
TEX,2024,4,86.0,0.0,6.0,100.64999999999999,83.0,48.0,45.0,41.0,98.0,12.0,5.0,379.0,4.0,5.0,4.023845007451565,8.763040238450076,3.666169895678093
TOR,2024,4,103.0,2.0,9.0,121.0,117.0,72.0,71.0,51.0,109.0,24.0,4.0,460.0,3.0,9.0,5.2809917355371905,8.107438016528926,3.793388429752066
WAS,2024,4,105.0,0.0,9.0,105.66,110.0,50.0,47.0,45.0,101.0,9.0,1.0,415.0,2.0,8.0,4.003407155025553,8.603066439522998,3.8330494037478706
ARI,2024,5,77.0,2.0,5.0,86.67,92.0,40.0,36.0,26.0,77.0,9.0,5.0,338.0,4.0,9.0,3.7383177570093458,7.995846313603322,2.699896157840083
ATH,2024,5,93.0,1.0,4.0,118.33,106.0,62.0,51.0,50.0,113.0,12.0,7.0,440.0,5.0,14.0,3.8789825065494803,8.59460829882532,3.8029240260289026
ATL,2024,5,80.0,2.0,8.0,97.67,97.0,43.0,39.0,35.0,96.0,9.0,7.0,381.0,4.0,5.0,3.593734002252483,8.846114467083034,3.2251458994573565
BAL,2024,5,84.0,2.0,10.0,88.67,60.0,35.0,32.0,42.0,74.0,7.0,3.0,310.0,1.0,7.0,3.247998195556558,7.510995827224541,4.262997631667982
BOS,2024,5,84.0,2.0,4.0,102.01,91.0,41.0,37.0,33.0,99.0,9.0,3.0,381.0,2.0,6.0,3.264385844525046,8.734437800215666,2.9114792667385547
CHC,2024,5,66.0,2.0,3.0,81.32,75.0,49.0,41.0,33.0,96.0,9.0,6.0,312.0,2.0,4.0,4.537629119527791,10.62469257255288,3.6522380718150522
CHW,2024,5,90.0,4.0,6.0,126.32,122.0,77.0,68.0,62.0,123.0,20.0,2.0,494.0,1.0,5.0,4.844838505383155,8.763457884737177,4.41735275490817
CIN,2024,5,93.0,3.0,6.0,105.66,93.0,50.0,46.0,34.0,106.0,11.0,5.0,392.0,3.0,8.0,3.9182282793867125,9.028960817717206,2.8960817717206133
CLE,2024,5,92.0,0.0,10.0,95.66,64.0,31.0,27.0,24.0,98.0,5.0,5.0,342.0,0.0,10.0,2.5402467070876025,9.220154714614258,2.257997072966757
COL,2024,5,81.0,3.0,9.0,98.32,111.0,71.0,66.0,60.0,82.0,14.0,3.0,385.0,3.0,17.0,6.041497152156225,7.506102522375915,5.492270138323841
DET,2024,5,77.0,0.0,4.0,88.33,95.0,62.0,57.0,33.0,80.0,9.0,3.0,346.0,1.0,8.0,5.807766330804936,8.151250990603419,3.3623910336239105
HOU,2024,5,78.0,0.0,7.0,90.66,65.0,25.0,22.0,34.0,89.0,8.0,7.0,323.0,0.0,11.0,2.183984116479153,8.83520847121112,3.3752481800132363
KCR,2024,5,85.0,0.0,8.0,80.67,94.0,55.0,51.0,36.0,63.0,8.0,4.0,324.0,1.0,6.0,5.689847526961696,7.028635180364447,4.016362960208255
LAA,2024,5,76.0,0.0,5.0,83.99000000000001,62.0,42.0,37.0,36.0,88.0,9.0,5.0,307.0,3.0,5.0,3.9647577092511006,9.429694011191808,3.8576020954875574
LAD,2024,5,73.0,1.0,6.0,86.66,58.0,25.0,23.0,29.0,82.0,10.0,3.0,304.0,2.0,4.0,2.3886452804061853,8.516039695361181,3.01177013616432
MIA,2024,5,87.0,0.0,5.0,98.68,81.0,42.0,39.0,30.0,82.0,8.0,9.0,366.0,2.0,9.0,3.556951763275233,7.478719092014592,2.736116740980948
MIL,2024,5,83.0,2.0,9.0,95.68,89.0,38.0,37.0,29.0,99.0,11.0,5.0,360.0,3.0,6.0,3.4803511705685617,9.312290969899664,2.7278428093645486
MIN,2024,5,86.0,0.0,11.0,88.33,80.0,54.0,48.0,36.0,79.0,8.0,6.0,331.0,2.0,6.0,4.890750594362052,8.049360353220877,3.668062945771539
NYM,2024,5,103.0,2.0,5.0,118.0,121.0,83.0,68.0,63.0,120.0,18.0,11.0,454.0,2.0,9.0,5.186440677966102,9.152542372881356,4.805084745762712
NYY,2024,5,75.0,0.0,8.0,77.66,63.0,31.0,29.0,31.0,79.0,8.0,7.0,286.0,0.0,7.0,3.3608035024465623,9.15529229976822,3.5925830543394284
PHI,2024,5,83.0,0.0,8.0,84.35000000000001,69.0,28.0,20.0,25.0,86.0,6.0,5.0,317.0,5.0,8.0,2.1339656194427974,9.17605216360403,2.6674570243034967
PIT,2024,5,81.0,0.0,6.0,90.34,86.0,60.0,50.0,48.0,98.0,10.0,6.0,347.0,1.0,1.0,4.981182200575604,9.763117113128182,4.781934912552579
SDP,2024,5,81.0,0.0,8.0,92.66,68.0,34.0,33.0,29.0,98.0,11.0,2.0,339.0,3.0,4.0,3.2052665659399957,9.518670407943018,2.8167494064321175
SEA,2024,5,102.0,0.0,8.0,100.34,84.0,50.0,49.0,35.0,98.0,10.0,5.0,368.0,2.0,5.0,4.3950568068566875,8.790113613713375,3.139326290611919
SFG,2024,5,115.0,3.0,5.0,137.32999999999998,118.0,61.0,51.0,51.0,156.0,13.0,5.0,523.0,5.0,6.0,3.3423141338382005,10.223549115269789,3.3423141338382005
STL,2024,5,82.0,3.0,9.0,97.66,104.0,52.0,49.0,29.0,83.0,12.0,5.0,380.0,0.0,4.0,4.515666598402622,7.648986278926889,2.6725373745648167
TBR,2024,5,103.0,2.0,8.0,106.99,89.0,42.0,33.0,42.0,98.0,11.0,8.0,393.0,7.0,8.0,2.7759603701280495,8.243761099168147,3.533040471072063
TEX,2024,5,82.0,0.0,4.0,97.66,91.0,67.0,64.0,62.0,99.0,11.0,5.0,365.0,6.0,10.0,5.898013516280975,9.123489657997133,5.713700593897195
TOR,2024,5,90.0,0.0,4.0,86.0,79.0,50.0,42.0,30.0,71.0,13.0,2.0,324.0,5.0,6.0,4.395348837209302,7.430232558139535,3.1395348837209305
WAS,2024,5,90.0,0.0,6.0,87.67,67.0,41.0,36.0,33.0,76.0,8.0,5.0,316.0,3.0,9.0,3.695676970457397,7.801984715410061,3.3877038895859473
ARI,2024,6,91.0,3.0,7.0,117.67,117.0,70.0,70.0,51.0,89.0,22.0,11.0,455.0,1.0,13.0,5.3539559785841755,6.807172601342738,3.900739355825614
ATH,2024,6,86.0,0.0,4.0,89.34,79.0,44.0,40.0,50.0,75.0,12.0,11.0,328.0,8.0,11.0,4.029550033579584,7.555406312961719,5.0369375419744795
ATL,2024,6,75.0,0.0,7.0,84.0,64.0,25.0,25.0,26.0,98.0,9.0,3.0,303.0,2.0,9.0,2.6785714285714284,10.5,2.7857142857142856
BAL,2024,6,91.0,0.0,8.0,97.64999999999999,76.0,41.0,35.0,33.0,98.0,7.0,5.0,364.0,1.0,3.0,3.225806451612904,9.03225806451613,3.0414746543778803
BOS,2024,6,77.0,2.0,9.0,95.34,83.0,39.0,36.0,26.0,89.0,11.0,3.0,363.0,2.0,4.0,3.398363750786658,8.401510383889239,2.4543738200125866
CHC,2024,6,73.0,1.0,8.0,81.66,62.0,39.0,38.0,47.0,95.0,13.0,1.0,296.0,1.0,5.0,4.1880969875091845,10.470242468772962,5.1800146950771495
CHW,2024,6,84.0,1.0,4.0,96.34,80.0,52.0,42.0,48.0,122.0,10.0,5.0,350.0,4.0,7.0,3.9236039028440937,11.397135146356653,4.484118746107535
CIN,2024,6,85.0,1.0,7.0,89.01,77.0,35.0,32.0,27.0,91.0,8.0,1.0,338.0,3.0,3.0,3.2355915065722947,9.201213346814964,2.730030333670374
CLE,2024,6,89.0,0.0,10.0,95.0,65.0,26.0,26.0,40.0,93.0,12.0,2.0,333.0,0.0,13.0,2.463157894736842,8.810526315789474,3.789473684210526
COL,2024,6,80.0,0.0,3.0,98.66,114.0,78.0,74.0,40.0,81.0,13.0,4.0,390.0,8.0,7.0,6.750456111899452,7.389012771133185,3.648895195621326
DET,2024,6,83.0,2.0,3.0,104.01,95.0,57.0,51.0,30.0,105.0,14.0,5.0,393.0,1.0,7.0,4.413037207960773,9.08566483991924,2.595904239976925
HOU,2024,6,82.0,1.0,8.0,88.67,76.0,40.0,37.0,34.0,89.0,12.0,3.0,336.0,1.0,4.0,3.7554979136122704,9.033494981391677,3.450998082778843
KCR,2024,6,90.0,1.0,4.0,82.33,74.0,47.0,38.0,33.0,71.0,8.0,1.0,309.0,1.0,7.0,4.1540143325640715,7.761447831896028,3.6074334993319566
LAA,2024,6,89.0,3.0,9.0,101.67,93.0,61.0,55.0,44.0,86.0,12.0,9.0,386.0,1.0,10.0,4.868692829743287,7.612865151962231,3.8949542637946295
LAD,2024,6,90.0,1.0,8.0,104.01,74.0,39.0,33.0,35.0,99.0,10.0,4.0,374.0,2.0,7.0,2.8554946639746177,8.566483991923853,3.028554946639746
MIA,2024,6,98.0,0.0,5.0,105.33,90.0,49.0,42.0,35.0,106.0,6.0,4.0,393.0,0.0,4.0,3.588721162062091,9.057248647109086,2.9906009683850754
MIL,2024,6,89.0,6.0,11.0,121.66,90.0,42.0,40.0,41.0,106.0,11.0,8.0,438.0,5.0,11.0,2.9590662502054905,7.84152556304455,3.0330429064606284
MIN,2024,6,87.0,0.0,5.0,87.0,69.0,40.0,33.0,35.0,85.0,8.0,5.0,319.0,1.0,4.0,3.413793103448276,8.793103448275863,3.6206896551724137
NYM,2024,6,79.0,0.0,6.0,88.67,74.0,43.0,36.0,30.0,91.0,8.0,4.0,329.0,1.0,5.0,3.653997970001128,9.236494868613963,3.044998308334273
NYY,2024,6,94.0,0.0,4.0,99.66,104.0,65.0,56.0,44.0,102.0,12.0,10.0,396.0,0.0,3.0,5.057194461167971,9.211318482841662,3.9735099337748347
PHI,2024,6,82.0,1.0,5.0,86.34,67.0,29.0,22.0,21.0,102.0,5.0,12.0,320.0,0.0,3.0,2.2932592077831826,10.63238359972203,2.189020152883947
PIT,2024,6,87.0,5.0,8.0,118.0,120.0,65.0,61.0,32.0,101.0,10.0,11.0,457.0,1.0,8.0,4.6525423728813555,7.703389830508475,2.440677966101695
SDP,2024,6,93.0,0.0,4.0,93.33,105.0,52.0,47.0,33.0,92.0,12.0,3.0,375.0,1.0,7.0,4.532304725168756,8.871745419479268,3.1822565091610415
SEA,2024,6,91.0,0.0,8.0,81.67,67.0,44.0,38.0,33.0,86.0,11.0,4.0,304.0,3.0,7.0,4.1875841802375415,9.477164197379699,3.6365862617852334
SFG,2024,6,111.0,9.0,5.0,142.32999999999998,147.0,81.0,73.0,51.0,136.0,16.0,5.0,544.0,1.0,15.0,4.616033162369142,8.599733014824704,3.224899880559264
STL,2024,6,95.0,2.0,13.0,111.99,87.0,41.0,34.0,40.0,100.0,10.0,1.0,407.0,1.0,8.0,2.7323868202518087,8.036431824270025,3.21457272970801
TBR,2024,6,93.0,0.0,9.0,96.66,79.0,47.0,45.0,29.0,96.0,13.0,6.0,361.0,1.0,5.0,4.189944134078212,8.93854748603352,2.7001862197392925
TEX,2024,6,70.0,1.0,4.0,91.34,70.0,39.0,37.0,44.0,105.0,12.0,5.0,329.0,3.0,9.0,3.6457192905627327,10.345960148894243,4.335449967155682
TOR,2024,6,96.0,3.0,5.0,105.01,103.0,61.0,55.0,29.0,91.0,18.0,3.0,407.0,3.0,10.0,4.7138367774497665,7.799257213598705,2.4854775735644226
WAS,2024,6,86.0,0.0,7.0,92.0,87.0,46.0,44.0,20.0,91.0,13.0,3.0,347.0,1.0,8.0,4.304347826086957,8.902173913043478,1.9565217391304348
ARI,2024,7,87.0,1.0,7.0,90.66,90.0,43.0,38.0,33.0,83.0,10.0,4.0,348.0,4.0,6.0,3.7723362011912642,8.239576439444077,3.2759761747187297
ATH,2024,7,81.0,2.0,4.0,90.34,76.0,41.0,41.0,35.0,102.0,9.0,8.0,338.0,2.0,4.0,4.084569404471995,10.161611689174231,3.4868275404029223
ATL,2024,7,70.0,1.0,3.0,91.64999999999999,70.0,33.0,26.0,24.0,103.0,9.0,5.0,331.0,3.0,5.0,2.5531914893617023,10.11456628477905,2.356792144026187
BAL,2024,7,75.0,0.0,6.0,88.34,84.0,52.0,49.0,28.0,98.0,12.0,6.0,342.0,1.0,4.0,4.992076069730587,9.984152139461173,2.8526148969889062
BOS,2024,7,74.0,1.0,6.0,83.0,97.0,75.0,59.0,43.0,75.0,16.0,4.0,331.0,10.0,2.0,6.397590361445783,8.132530120481928,4.662650602409639
CHC,2024,7,57.0,0.0,3.0,66.33,59.0,15.0,12.0,19.0,54.0,2.0,3.0,252.0,0.0,4.0,1.628222523744912,7.3270013568521035,2.578018995929444
CHW,2024,7,57.0,2.0,,78.34,100.0,63.0,59.0,41.0,67.0,17.0,4.0,325.0,2.0,5.0,6.778146540719938,7.697217258105693,4.71023742660199
CIN,2024,7,86.0,1.0,4.0,84.69000000000001,72.0,34.0,30.0,33.0,84.0,9.0,4.0,319.0,1.0,8.0,3.1880977683315614,8.926673751328373,3.506907545164718
CLE,2024,7,89.0,0.0,8.0,91.01,63.0,28.0,24.0,34.0,95.0,8.0,2.0,325.0,0.0,5.0,2.3733655642237115,9.394572025052192,3.362267882650258
COL,2024,7,57.0,1.0,4.0,78.67,91.0,55.0,49.0,32.0,69.0,13.0,7.0,318.0,0.0,3.0,5.605694673954493,7.893733316384899,3.660861827888649
DET,2024,7,92.0,9.0,6.0,128.32,130.0,71.0,68.0,50.0,115.0,18.0,9.0,494.0,8.0,5.0,4.769326683291771,8.065773067331671,3.5068578553615963
HOU,2024,7,83.0,2.0,9.0,89.67,74.0,38.0,36.0,39.0,101.0,13.0,3.0,328.0,0.0,9.0,3.6132485781197725,10.13716962194714,3.91435262629642
KCR,2024,7,61.0,0.0,5.0,61.34,65.0,32.0,30.0,20.0,58.0,8.0,3.0,242.0,1.0,3.0,4.4016954678839255,8.509944571242256,2.93446364525595
LAA,2024,7,74.0,3.0,3.0,94.01,77.0,45.0,42.0,44.0,80.0,15.0,8.0,342.0,4.0,8.0,4.0208488458674605,7.6587597064142106,4.212317838527816
LAD,2024,7,97.0,1.0,9.0,96.99,112.0,74.0,68.0,48.0,114.0,19.0,10.0,386.0,9.0,5.0,6.309928858645221,10.578410145375813,4.454067429631921
MIA,2024,7,75.0,0.0,6.0,85.67,68.0,34.0,30.0,32.0,106.0,6.0,3.0,318.0,5.0,4.0,3.151628341309676,11.135753472627524,3.3617368973969883
MIL,2024,7,87.0,3.0,5.0,104.67,98.0,53.0,48.0,40.0,99.0,21.0,3.0,400.0,3.0,8.0,4.12725709372313,8.512467755803955,3.4393809114359413
MIN,2024,7,77.0,1.0,5.0,74.33,66.0,48.0,42.0,26.0,73.0,7.0,7.0,281.0,2.0,3.0,5.085429839903135,8.838961388403067,3.1481232342257504
NYM,2024,7,91.0,0.0,11.0,104.36000000000001,81.0,48.0,44.0,40.0,134.0,19.0,9.0,383.0,2.0,11.0,3.7945573016481404,11.556151782292066,3.4495975469528553
NYY,2024,7,77.0,0.0,3.0,92.0,69.0,41.0,34.0,32.0,99.0,15.0,4.0,341.0,3.0,7.0,3.326086956521739,9.68478260869565,3.1304347826086953
PHI,2024,7,102.0,1.0,9.0,97.34,86.0,59.0,55.0,42.0,111.0,15.0,6.0,367.0,2.0,3.0,5.085268132319704,10.26299568522704,3.8832956646805012
PIT,2024,7,85.0,2.0,8.0,110.34,104.0,44.0,38.0,43.0,106.0,9.0,3.0,409.0,1.0,12.0,3.0995106035889073,8.64600326264274,3.507340946166395
SDP,2024,7,78.0,2.0,3.0,83.67,84.0,45.0,42.0,27.0,90.0,9.0,2.0,324.0,2.0,6.0,4.517748296880602,9.680889207601291,2.904266762280387
SEA,2024,7,82.0,0.0,5.0,74.64999999999999,60.0,39.0,33.0,33.0,85.0,11.0,5.0,273.0,3.0,6.0,3.978566644340255,10.247823174815807,3.978566644340255
SFG,2024,7,82.0,2.0,6.0,90.0,88.0,35.0,35.0,22.0,87.0,12.0,5.0,341.0,1.0,12.0,3.5,8.7,2.1999999999999997
STL,2024,7,79.0,1.0,4.0,94.33,91.0,49.0,43.0,29.0,71.0,10.0,4.0,355.0,2.0,11.0,4.1026184670836425,6.774090957277642,2.7668822219866427
TBR,2024,7,96.0,2.0,8.0,100.97999999999999,84.0,42.0,38.0,27.0,103.0,14.0,5.0,377.0,1.0,4.0,3.3868092691622107,9.180035650623887,2.4064171122994655
TEX,2024,7,70.0,1.0,9.0,90.68,82.0,44.0,44.0,31.0,93.0,14.0,6.0,339.0,4.0,4.0,4.3670048522276135,9.230260255844726,3.076753418614909
TOR,2024,7,93.0,1.0,7.0,98.33,100.0,67.0,64.0,52.0,90.0,19.0,7.0,384.0,4.0,5.0,5.8578256890064075,8.23756737516526,4.759483372317705
WAS,2024,7,99.0,0.0,7.0,106.35000000000001,123.0,69.0,60.0,39.0,87.0,15.0,4.0,432.0,1.0,9.0,5.077574047954865,7.362482369534555,3.3004231311706627
ARI,2024,8,90.0,0.0,9.0,90.0,80.0,39.0,35.0,29.0,100.0,6.0,5.0,336.0,7.0,6.0,3.5,10.0,2.9000000000000004
ATH,2024,8,84.0,2.0,9.0,92.68,82.0,53.0,49.0,40.0,102.0,10.0,8.0,348.0,1.0,6.0,4.758308157099697,9.905049633146309,3.8843331894691406
ATL,2024,8,88.0,3.0,8.0,114.32,121.0,63.0,61.0,37.0,128.0,13.0,7.0,451.0,1.0,11.0,4.802309307207837,10.076976906927923,2.9128761371588525
BAL,2024,8,94.0,0.0,8.0,92.34,75.0,48.0,46.0,34.0,99.0,16.0,5.0,340.0,2.0,5.0,4.483430799220272,9.649122807017545,3.313840155945419
BOS,2024,8,108.0,5.0,7.0,125.01,146.0,82.0,74.0,38.0,111.0,26.0,7.0,507.0,2.0,6.0,5.327573794096472,7.991360691144708,2.735781137508999
CHC,2024,8,77.0,0.0,5.0,84.0,70.0,37.0,35.0,35.0,100.0,9.0,6.0,310.0,0.0,6.0,3.75,10.714285714285714,3.75
CHW,2024,8,83.0,0.0,1.0,102.68,114.0,66.0,64.0,54.0,109.0,15.0,5.0,402.0,4.0,9.0,5.609661082976237,9.553954031943903,4.733151538761199
CIN,2024,8,103.0,5.0,4.0,124.64999999999999,119.0,72.0,68.0,39.0,131.0,23.0,4.0,478.0,3.0,13.0,4.909747292418773,9.458483754512637,2.8158844765342965
CLE,2024,8,109.0,1.0,7.0,111.66,90.0,51.0,48.0,43.0,107.0,11.0,7.0,405.0,6.0,8.0,3.8688876947877486,8.62439548629769,3.465878559914025
COL,2024,8,91.0,0.0,9.0,108.0,123.0,72.0,67.0,41.0,92.0,19.0,8.0,427.0,0.0,13.0,5.583333333333333,7.666666666666667,3.416666666666667
DET,2024,8,85.0,4.0,9.0,149.01,109.0,54.0,48.0,31.0,125.0,15.0,7.0,545.0,0.0,7.0,2.899134286289511,7.549828870545601,1.8723575598953093
HOU,2024,8,87.0,0.0,12.0,90.32000000000001,67.0,34.0,31.0,36.0,101.0,10.0,4.0,331.0,0.0,6.0,3.089016829052259,10.064216120460584,3.587245349867139
KCR,2024,8,87.0,0.0,8.0,91.0,94.0,53.0,50.0,32.0,78.0,9.0,4.0,353.0,7.0,5.0,4.945054945054945,7.7142857142857135,3.164835164835165
LAA,2024,8,71.0,0.0,4.0,79.66,52.0,32.0,28.0,47.0,77.0,9.0,6.0,273.0,3.0,11.0,3.163444639718805,8.699472759226714,5.310067788099422
LAD,2024,8,99.0,0.0,12.0,102.64,78.0,40.0,35.0,31.0,97.0,14.0,7.0,375.0,0.0,6.0,3.068978955572876,8.505455962587686,2.7182385035074046
MIA,2024,8,102.0,0.0,6.0,123.67,131.0,85.0,80.0,45.0,126.0,16.0,10.0,486.0,3.0,10.0,5.8219455001212905,9.169564162691032,3.2748443438182258
MIL,2024,8,82.0,0.0,10.0,91.67,75.0,35.0,34.0,28.0,98.0,9.0,2.0,340.0,4.0,3.0,3.3380604341660303,9.621468310243264,2.7489909457837896
MIN,2024,8,89.0,0.0,7.0,104.01,100.0,53.0,49.0,32.0,109.0,11.0,2.0,405.0,1.0,6.0,4.239976925295645,9.431785405249496,2.7689645226420536
NYM,2024,8,82.0,0.0,3.0,83.66,62.0,36.0,35.0,47.0,92.0,5.0,4.0,300.0,0.0,7.0,3.7652402581879034,9.897202964379632,5.056179775280899
NYY,2024,8,98.0,0.0,9.0,106.64999999999999,100.0,52.0,45.0,41.0,107.0,11.0,9.0,412.0,1.0,4.0,3.79746835443038,9.029535864978904,3.4599156118143464
PHI,2024,8,92.0,1.0,4.0,93.67,82.0,44.0,41.0,33.0,97.0,16.0,6.0,355.0,1.0,6.0,3.9393615885555673,9.319953026582684,3.170705668837408
PIT,2024,8,89.0,1.0,5.0,104.35000000000001,113.0,70.0,63.0,46.0,106.0,12.0,14.0,407.0,4.0,13.0,5.433636799233349,9.142309535218017,3.9674173454719686
SDP,2024,8,95.0,0.0,9.0,106.66,101.0,43.0,39.0,26.0,136.0,10.0,5.0,414.0,2.0,3.0,3.2908306769173072,11.475717232327021,2.193887117944872
SEA,2024,8,85.0,0.0,1.0,76.33,70.0,37.0,35.0,29.0,80.0,16.0,3.0,292.0,2.0,2.0,4.126817764967903,9.432726319926635,3.419363290973405
SFG,2024,8,90.0,0.0,8.0,100.66,86.0,39.0,33.0,43.0,107.0,7.0,5.0,374.0,1.0,13.0,2.950526524935426,9.566858732366383,3.8446254718855557
STL,2024,8,85.0,0.0,9.0,86.01,79.0,40.0,39.0,28.0,72.0,11.0,3.0,322.0,2.0,8.0,4.080920823160097,7.534007673526333,2.929891873038019
TBR,2024,8,93.0,5.0,8.0,125.67,98.0,45.0,39.0,37.0,124.0,15.0,4.0,460.0,2.0,6.0,2.793029362616376,8.880401050370017,2.649797087610408
TEX,2024,8,92.0,3.0,7.0,116.67,112.0,64.0,60.0,52.0,131.0,22.0,7.0,442.0,5.0,5.0,4.628439187451788,10.105425559269735,4.011313962458216
TOR,2024,8,81.0,1.0,9.0,82.67,63.0,35.0,31.0,30.0,79.0,12.0,5.0,302.0,4.0,11.0,3.3748639167775494,8.600459658884722,3.265997338816983
WAS,2024,8,98.0,0.0,6.0,100.67,92.0,41.0,32.0,32.0,87.0,9.0,4.0,382.0,1.0,11.0,2.860832422767458,7.777888149399027,2.860832422767458
ARI,2024,9,88.0,2.0,3.0,104.68,124.0,79.0,73.0,38.0,116.0,19.0,0.0,428.0,5.0,6.0,6.276270538784868,9.973251815055407,3.2670997325181506
ATH,2024,9,95.0,0.0,5.0,105.34,91.0,60.0,50.0,53.0,112.0,8.0,4.0,392.0,7.0,8.0,4.271881526485665,9.569014619327891,4.528194418074805
ATL,2024,9,88.0,3.0,6.0,98.35000000000001,74.0,41.0,35.0,35.0,130.0,12.0,1.0,363.0,3.0,3.0,3.202846975088968,11.896288764616166,3.202846975088968
BAL,2024,9,87.0,1.0,4.0,82.0,88.0,52.0,47.0,35.0,87.0,7.0,2.0,326.0,1.0,6.0,5.158536585365853,9.548780487804878,3.841463414634146
BOS,2024,9,96.0,0.0,6.0,91.66,86.0,46.0,41.0,39.0,86.0,10.0,4.0,345.0,2.0,10.0,4.025747327078333,8.444250490944796,3.829369408684268
CHC,2024,9,81.0,1.0,7.0,86.99,78.0,39.0,38.0,30.0,74.0,13.0,1.0,318.0,1.0,8.0,3.9314863777445685,7.65605241981837,3.1038050350615016
CHW,2024,9,91.0,2.0,3.0,108.0,97.0,55.0,45.0,62.0,115.0,11.0,4.0,405.0,4.0,9.0,3.75,9.583333333333334,5.166666666666667
CIN,2024,9,81.0,2.0,9.0,96.99,111.0,58.0,55.0,36.0,107.0,19.0,6.0,391.0,2.0,5.0,5.103618929786576,9.928858645221156,3.340550572223941
CLE,2024,9,94.0,1.0,8.0,104.68,70.0,23.0,15.0,25.0,112.0,8.0,6.0,370.0,1.0,9.0,1.2896446312571648,9.629346580053497,2.149407718761941
COL,2024,9,85.0,0.0,6.0,96.67,93.0,51.0,49.0,49.0,103.0,12.0,8.0,359.0,0.0,12.0,4.5619116582186825,9.589324506051515,4.5619116582186825
DET,2024,9,93.0,11.0,13.0,149.67999999999998,101.0,43.0,37.0,38.0,127.0,10.0,3.0,532.0,1.0,12.0,2.2247461250668095,7.636290753607697,2.284874398717264
HOU,2024,9,83.0,0.0,8.0,82.00999999999999,84.0,48.0,41.0,24.0,97.0,15.0,6.0,320.0,0.0,5.0,4.499451286428485,10.645043287403977,2.6338251432752107
KCR,2024,9,81.0,0.0,7.0,88.99,64.0,32.0,28.0,28.0,104.0,6.0,4.0,321.0,1.0,6.0,2.8317788515563547,10.518035734352177,2.8317788515563547
LAA,2024,9,83.0,0.0,2.0,92.33999999999999,93.0,49.0,40.0,44.0,74.0,11.0,3.0,352.0,10.0,14.0,3.8986354775828467,7.212475633528266,4.288499025341131
LAD,2024,9,104.0,5.0,5.0,126.32,107.0,64.0,54.0,47.0,116.0,11.0,2.0,468.0,2.0,7.0,3.847371754274858,8.264724509183027,3.3486383787207092
MIA,2024,9,89.0,1.0,5.0,106.63999999999999,96.0,63.0,55.0,38.0,102.0,12.0,5.0,400.0,5.0,7.0,4.641785446361592,8.608402100525133,3.207051762940736
MIL,2024,9,87.0,2.0,7.0,111.68,79.0,42.0,33.0,39.0,128.0,6.0,4.0,408.0,2.0,6.0,2.6593839541547277,10.315186246418337,3.142908309455587
MIN,2024,9,103.0,1.0,7.0,120.99,120.0,68.0,63.0,41.0,140.0,15.0,10.0,463.0,5.0,5.0,4.68633771386065,10.414083808579221,3.0498388296553434
NYM,2024,9,81.0,0.0,6.0,76.67,60.0,37.0,36.0,31.0,103.0,5.0,9.0,280.0,1.0,6.0,4.225903221599061,12.090778661797314,3.638972218599191
NYY,2024,9,83.0,0.0,7.0,88.32,73.0,42.0,38.0,35.0,111.0,11.0,2.0,321.0,1.0,8.0,3.8722826086956523,11.311141304347826,3.566576086956522
PHI,2024,9,89.0,3.0,6.0,106.99,109.0,58.0,55.0,44.0,101.0,13.0,8.0,419.0,1.0,11.0,4.626600616880082,8.496121132816151,3.7012804935040657
PIT,2024,9,99.0,1.0,11.0,102.33,80.0,47.0,43.0,54.0,93.0,6.0,8.0,374.0,2.0,5.0,3.7818821459982415,8.179419525065963,4.74934036939314
SDP,2024,9,84.0,0.0,10.0,82.34,62.0,32.0,28.0,32.0,77.0,9.0,5.0,298.0,4.0,8.0,3.060480932717998,8.416322564974497,3.497692494534855
SEA,2024,9,87.0,0.0,4.0,81.67,58.0,32.0,28.0,28.0,94.0,8.0,1.0,303.0,0.0,3.0,3.085588343332925,10.358760866903392,3.085588343332925
SFG,2024,9,90.0,2.0,7.0,112.34,100.0,46.0,42.0,43.0,102.0,10.0,5.0,428.0,2.0,5.0,3.364785472672245,8.171621862204022,3.4448994124977745
STL,2024,9,80.0,1.0,9.0,93.0,85.0,39.0,36.0,35.0,103.0,11.0,3.0,352.0,7.0,8.0,3.4838709677419355,9.96774193548387,3.3870967741935485
TBR,2024,9,92.0,5.0,9.0,117.0,92.0,36.0,36.0,33.0,123.0,9.0,4.0,429.0,2.0,7.0,2.769230769230769,9.461538461538462,2.5384615384615383
TEX,2024,9,87.0,4.0,8.0,120.99,121.0,72.0,67.0,50.0,115.0,13.0,10.0,466.0,1.0,9.0,4.983882965534342,8.554425985618646,3.7193156459211507
TOR,2024,9,96.0,3.0,1.0,101.34,98.0,64.0,59.0,42.0,91.0,13.0,6.0,379.0,3.0,12.0,5.2397868561278855,8.081705150976909,3.730017761989343
WAS,2024,9,94.0,0.0,5.0,93.34,100.0,55.0,51.0,30.0,85.0,11.0,4.0,363.0,2.0,11.0,4.917505892436254,8.195843154060425,2.8926505249625025
ARI,2025,4,90.0,0.0,9.0,104.0,94.0,58.0,52.0,41.0,111.0,11.0,7.0,400.0,2.0,7.0,4.5,9.60576923076923,3.548076923076923
ATH,2025,4,103.0,1.0,10.0,118.33,120.0,72.0,61.0,66.0,125.0,7.0,7.0,461.0,3.0,10.0,4.639567311755261,9.507310065072256,5.019859714358152
ATL,2025,4,82.0,0.0,6.0,91.65,68.0,43.0,42.0,38.0,85.0,12.0,3.0,328.0,5.0,6.0,4.124386252045826,8.34697217675941,3.7315875613747953
BAL,2025,4,104.0,1.0,5.0,105.34,112.0,61.0,57.0,52.0,105.0,8.0,6.0,406.0,1.0,11.0,4.869944940193658,8.970951205619897,4.442756787545092
BOS,2025,4,96.0,0.0,8.0,110.0,100.0,61.0,50.0,37.0,105.0,8.0,7.0,420.0,4.0,6.0,4.090909090909091,8.590909090909092,3.0272727272727273
CHC,2025,4,105.0,0.0,6.0,105.34,98.0,64.0,58.0,56.0,89.0,10.0,4.0,396.0,4.0,8.0,4.955382570723372,7.603949117144484,4.784507309663946
CHW,2025,4,102.0,5.0,1.0,113.34,105.0,62.0,59.0,61.0,117.0,17.0,9.0,429.0,5.0,7.0,4.685018528321864,9.290629962943356,4.843832715722604
CIN,2025,4,100.0,1.0,10.0,105.0,74.0,47.0,38.0,41.0,81.0,16.0,2.0,379.0,1.0,5.0,3.257142857142857,6.942857142857143,3.5142857142857142
CLE,2025,4,103.0,0.0,10.0,111.67,112.0,54.0,47.0,38.0,124.0,13.0,5.0,432.0,2.0,5.0,3.787946628458852,9.993731530402076,3.06259514641354
COL,2025,4,102.0,1.0,4.0,119.33,111.0,64.0,54.0,65.0,100.0,12.0,5.0,447.0,4.0,10.0,4.072739461996145,7.542110114807677,4.90237157462499
DET,2025,4,87.0,0.0,10.0,104.99,79.0,44.0,32.0,37.0,91.0,10.0,10.0,386.0,1.0,8.0,2.743118392227831,7.800742927897895,3.17173064101343
HOU,2025,4,100.0,0.0,9.0,104.0,78.0,35.0,33.0,40.0,116.0,8.0,4.0,383.0,1.0,2.0,2.855769230769231,10.038461538461538,3.4615384615384617
KCR,2025,4,95.0,0.0,11.0,98.64999999999999,83.0,41.0,36.0,40.0,82.0,10.0,4.0,363.0,4.0,11.0,3.284338570704511,7.480993411049165,3.6492650785605676
LAA,2025,4,86.0,0.0,8.0,96.66,111.0,65.0,59.0,46.0,90.0,14.0,2.0,382.0,3.0,11.0,5.493482309124767,8.379888268156424,4.283054003724395
LAD,2025,4,120.0,2.0,11.0,134.67999999999998,114.0,56.0,53.0,44.0,149.0,14.0,5.0,493.0,2.0,10.0,3.541728541728542,9.956934956934958,2.9403029403029404
MIA,2025,4,106.0,0.0,5.0,127.97999999999999,130.0,82.0,73.0,73.0,105.0,18.0,9.0,498.0,4.0,11.0,5.133614627285514,7.383966244725739,5.133614627285514
MIL,2025,4,110.0,3.0,5.0,126.0,115.0,76.0,64.0,59.0,119.0,10.0,9.0,472.0,4.0,8.0,4.571428571428571,8.5,4.214285714285714
MIN,2025,4,107.0,2.0,3.0,117.32,94.0,48.0,43.0,41.0,124.0,12.0,5.0,441.0,0.0,7.0,3.2986703034435734,9.512444595976817,3.145243777702012
NYM,2025,4,111.0,2.0,11.0,136.33,113.0,55.0,49.0,53.0,141.0,10.0,5.0,506.0,0.0,5.0,3.2347979168194816,9.308296046358102,3.4988630528863784
NYY,2025,4,91.0,0.0,9.0,104.33,66.0,38.0,33.0,47.0,123.0,6.0,3.0,368.0,1.0,9.0,2.8467363174542317,10.610562637783955,4.054442633949966
PHI,2025,4,97.0,0.0,8.0,98.32,107.0,61.0,55.0,37.0,103.0,13.0,3.0,390.0,3.0,3.0,5.034580960130187,9.428397070789261,3.3868999186330355
PIT,2025,4,103.0,0.0,6.0,106.33,87.0,49.0,44.0,47.0,88.0,10.0,6.0,391.0,6.0,8.0,3.7242546788300572,7.4485093576601145,3.978181134204834
SDP,2025,4,101.0,0.0,13.0,112.0,73.0,24.0,22.0,35.0,120.0,9.0,5.0,399.0,1.0,6.0,1.7678571428571428,9.642857142857142,2.8125
SEA,2025,4,107.0,0.0,11.0,109.34,103.0,52.0,45.0,42.0,92.0,13.0,2.0,415.0,7.0,13.0,3.7040424364368025,7.572708981159685,3.4571062740076823
SFG,2025,4,94.0,0.0,10.0,104.67,74.0,32.0,28.0,33.0,100.0,8.0,8.0,376.0,3.0,8.0,2.407566638005159,8.598452278589853,2.8374892519346515
STL,2025,4,101.0,2.0,6.0,115.34,101.0,62.0,53.0,45.0,99.0,9.0,4.0,431.0,5.0,4.0,4.135599098318016,7.724986994971388,3.511357724986995
TBR,2025,4,92.0,0.0,8.0,102.34,84.0,37.0,33.0,29.0,96.0,15.0,6.0,373.0,2.0,11.0,2.902091068985734,8.442446746140316,2.550322454563221
TEX,2025,4,98.0,0.0,11.0,110.34,91.0,56.0,45.0,40.0,106.0,10.0,6.0,406.0,3.0,9.0,3.6704730831973897,8.64600326264274,3.262642740619902
TOR,2025,4,109.0,1.0,8.0,126.35000000000001,114.0,69.0,56.0,45.0,141.0,16.0,13.0,478.0,4.0,6.0,3.988919667590028,10.04352987732489,3.205381875741986
WAS,2025,4,100.0,0.0,9.0,96.34,112.0,83.0,80.0,57.0,99.0,13.0,17.0,387.0,1.0,6.0,7.47353124351256,9.248494913846793,5.324891011002699
ARI,2025,5,81.0,0.0,7.0,79.0,94.0,60.0,57.0,36.0,72.0,13.0,7.0,317.0,4.0,8.0,6.493670886075949,8.20253164556962,4.10126582278481
ATH,2025,5,99.0,0.0,4.0,102.67,126.0,94.0,91.0,63.0,105.0,23.0,10.0,416.0,5.0,4.0,7.977013733320347,9.20424661536963,5.522547969221779
ATL,2025,5,87.0,0.0,4.0,85.67,77.0,37.0,31.0,36.0,87.0,8.0,5.0,318.0,3.0,7.0,3.2566826193533327,9.139722189798063,3.7819540095716118
BAL,2025,5,94.0,3.0,6.0,104.67,101.0,72.0,68.0,48.0,116.0,23.0,4.0,406.0,1.0,6.0,5.846947549441101,9.97420464316423,4.12725709372313
BOS,2025,5,98.0,0.0,4.0,111.67,96.0,47.0,38.0,46.0,99.0,8.0,5.0,416.0,3.0,10.0,3.06259514641354,7.978866302498433,3.7073520193427063
CHC,2025,5,90.0,2.0,8.0,92.99,72.0,27.0,24.0,32.0,75.0,4.0,4.0,334.0,1.0,14.0,2.3228304118722445,7.258845037100763,3.0971072158296593
CHW,2025,5,82.0,2.0,4.0,83.33,77.0,44.0,43.0,42.0,73.0,9.0,9.0,316.0,4.0,5.0,4.644185767430697,7.884315372614905,4.53618144725789
CIN,2025,5,99.0,1.0,6.0,102.99,101.0,57.0,53.0,43.0,100.0,12.0,7.0,396.0,3.0,4.0,4.631517623070201,8.73871249635887,3.757646373434314
CLE,2025,5,95.0,1.0,7.0,104.01,101.0,52.0,49.0,41.0,106.0,9.0,7.0,394.0,1.0,5.0,4.239976925295645,9.172194981251803,3.5477357946351313
COL,2025,5,85.0,0.0,3.0,102.34,110.0,65.0,55.0,43.0,83.0,16.0,3.0,399.0,3.0,15.0,4.836818448309556,7.299198749267148,3.7815126050420167
DET,2025,5,89.0,3.0,8.0,100.67,95.0,44.0,39.0,32.0,91.0,8.0,4.0,378.0,3.0,11.0,3.4866395152478393,8.135492202244958,2.860832422767458
HOU,2025,5,83.0,0.0,6.0,91.0,79.0,48.0,48.0,42.0,106.0,9.0,5.0,341.0,0.0,3.0,4.747252747252747,10.483516483516484,4.153846153846154
KCR,2025,5,89.0,2.0,8.0,91.0,83.0,36.0,33.0,26.0,82.0,11.0,5.0,346.0,2.0,7.0,3.2637362637362637,8.10989010989011,2.571428571428571
LAA,2025,5,93.0,0.0,5.0,89.66,105.0,72.0,69.0,50.0,96.0,21.0,4.0,360.0,3.0,10.0,6.926165514164622,9.636404193620344,5.018960517510596
LAD,2025,5,93.0,3.0,6.0,114.67,124.0,64.0,60.0,38.0,114.0,18.0,3.0,450.0,8.0,10.0,4.709165431237464,8.947414319351182,2.982471439783727
MIA,2025,5,77.0,0.0,6.0,94.68,91.0,49.0,44.0,30.0,93.0,8.0,2.0,363.0,4.0,4.0,4.182509505703422,8.840304182509504,2.8517110266159693
MIL,2025,5,102.0,2.0,8.0,102.33,100.0,55.0,51.0,45.0,102.0,10.0,3.0,390.0,5.0,8.0,4.485488126649076,8.970976253298153,3.9577836411609497
MIN,2025,5,95.0,0.0,10.0,91.33,78.0,32.0,28.0,23.0,100.0,6.0,5.0,338.0,4.0,4.0,2.759224789225884,9.8543742472353,2.266506076864119
NYM,2025,5,88.0,0.0,7.0,105.0,80.0,41.0,35.0,46.0,95.0,10.0,4.0,380.0,1.0,10.0,3.0,8.142857142857142,3.942857142857143
NYY,2025,5,90.0,0.0,8.0,87.34,91.0,45.0,44.0,34.0,90.0,11.0,4.0,346.0,1.0,4.0,4.534005037783375,9.274101213647814,3.503549347378063
PHI,2025,5,87.0,0.0,11.0,88.0,87.0,46.0,43.0,37.0,87.0,12.0,2.0,334.0,3.0,4.0,4.3977272727272725,8.897727272727273,3.784090909090909
PIT,2025,5,89.0,0.0,5.0,89.67,87.0,51.0,49.0,35.0,84.0,5.0,7.0,334.0,3.0,7.0,4.918032786885245,8.430913348946135,3.51288056206089
SDP,2025,5,95.0,1.0,7.0,91.67,95.0,67.0,56.0,43.0,87.0,12.0,8.0,353.0,3.0,10.0,5.497981891567579,8.54150758154249,4.221664666739391
SEA,2025,5,89.0,1.0,7.0,98.34,105.0,50.0,42.0,40.0,97.0,12.0,10.0,383.0,5.0,9.0,3.843807199511897,8.877364246491764,3.6607687614399023
SFG,2025,5,84.0,4.0,6.0,111.01,80.0,35.0,29.0,37.0,109.0,7.0,6.0,394.0,4.0,9.0,2.3511395369786503,8.837041707954238,2.9997297540762093
STL,2025,5,74.0,0.0,11.0,85.67,81.0,35.0,32.0,27.0,74.0,4.0,7.0,326.0,1.0,6.0,3.3617368973969883,7.774016575230536,2.8364655071787093
TBR,2025,5,87.0,0.0,6.0,85.33,80.0,37.0,35.0,33.0,77.0,10.0,2.0,328.0,0.0,6.0,3.6915504511895,8.1214109926169,3.4806047111215284
TEX,2025,5,80.0,0.0,6.0,85.32,82.0,41.0,37.0,35.0,74.0,9.0,2.0,327.0,1.0,7.0,3.902953586497891,7.805907172995782,3.6919831223628696
TOR,2025,5,96.0,6.0,10.0,123.66,89.0,55.0,48.0,43.0,125.0,18.0,3.0,443.0,1.0,9.0,3.4934497816593884,9.097525473071325,3.1295487627365355
WAS,2025,5,96.0,2.0,8.0,108.33,104.0,61.0,55.0,45.0,92.0,7.0,12.0,408.0,0.0,10.0,4.569371365272778,7.643312101910828,3.738576571586818
ARI,2025,6,87.0,0.0,9.0,91.99,90.0,55.0,51.0,40.0,95.0,15.0,4.0,346.0,3.0,9.0,4.989672790520709,9.294488531362106,3.91346885531036
ATH,2025,6,74.0,2.0,5.0,95.32,97.0,59.0,53.0,48.0,94.0,10.0,6.0,365.0,4.0,14.0,5.004196391103651,8.87536718422157,4.532102391942929
ATL,2025,6,73.0,0.0,2.0,77.01,65.0,28.0,26.0,23.0,83.0,5.0,4.0,282.0,0.0,6.0,3.0385664199454614,9.70003895597974,2.687962602259447
BAL,2025,6,100.0,2.0,8.0,106.99,86.0,45.0,40.0,38.0,120.0,14.0,1.0,394.0,0.0,9.0,3.36480044864006,10.094401345920181,3.196560426208057
BOS,2025,6,80.0,0.0,10.0,82.68,64.0,42.0,34.0,50.0,87.0,5.0,3.0,294.0,4.0,6.0,3.7010159651669086,9.470246734397676,5.442670537010159
CHC,2025,6,72.0,1.0,4.0,79.99,68.0,19.0,16.0,19.0,63.0,5.0,4.0,288.0,2.0,11.0,1.8002250281285161,7.088386048256033,2.137767220902613
CHW,2025,6,81.0,2.0,4.0,105.68,110.0,49.0,43.0,42.0,85.0,10.0,4.0,409.0,4.0,12.0,3.6619984859954577,7.238834216502649,3.576835730507191
CIN,2025,6,88.0,1.0,5.0,94.32000000000001,76.0,49.0,42.0,47.0,87.0,11.0,4.0,353.0,4.0,4.0,4.007633587786259,8.301526717557252,4.484732824427481
CLE,2025,6,76.0,0.0,6.0,76.0,82.0,38.0,35.0,36.0,66.0,4.0,4.0,294.0,5.0,5.0,4.144736842105263,7.815789473684211,4.263157894736842
COL,2025,6,95.0,1.0,7.0,107.69,110.0,70.0,66.0,38.0,93.0,17.0,1.0,408.0,1.0,11.0,5.515832482124617,7.772309406630143,3.1757823381929615
DET,2025,6,93.0,10.0,6.0,135.34,133.0,76.0,66.0,39.0,106.0,22.0,8.0,510.0,2.0,20.0,4.3889463573222995,7.048913846608541,2.5934683020540863
HOU,2025,6,76.0,0.0,11.0,80.67,49.0,23.0,21.0,23.0,108.0,11.0,4.0,277.0,1.0,5.0,2.342878393454816,12.049088880624767,2.566009669021941
KCR,2025,6,89.0,0.0,6.0,90.34,85.0,44.0,39.0,34.0,77.0,10.0,2.0,347.0,1.0,6.0,3.8853221164489704,7.671020588886429,3.38720389639141
LAA,2025,6,98.0,0.0,8.0,97.66,77.0,41.0,34.0,44.0,91.0,10.0,3.0,356.0,13.0,7.0,3.1333196805242682,8.38623796846201,4.0548842924431705
LAD,2025,6,104.0,6.0,10.0,143.32000000000002,143.0,80.0,73.0,54.0,130.0,13.0,11.0,549.0,3.0,9.0,4.584147362545352,8.163550097683505,3.391013117499302
MIA,2025,6,89.0,4.0,7.0,125.99,120.0,57.0,55.0,28.0,100.0,14.0,10.0,475.0,2.0,12.0,3.928883244701961,7.143424081276292,2.0001587427573617
MIL,2025,6,80.0,1.0,9.0,91.66,78.0,37.0,32.0,27.0,96.0,12.0,2.0,344.0,2.0,6.0,3.1420466943050402,9.42614008291512,2.651101898319878
MIN,2025,6,94.0,1.0,3.0,94.01,121.0,68.0,64.0,39.0,99.0,7.0,5.0,388.0,2.0,4.0,6.127007765131368,9.477715136687586,3.733645356876928
NYM,2025,6,85.0,0.0,5.0,94.35000000000001,96.0,58.0,51.0,43.0,99.0,9.0,5.0,360.0,3.0,8.0,4.864864864864864,9.443561208267091,4.10174880763116
NYY,2025,6,82.0,0.0,6.0,83.67,77.0,37.0,30.0,33.0,82.0,10.0,5.0,317.0,3.0,7.0,3.2269630692004303,8.820365722481176,3.549659376120473
PHI,2025,6,79.0,2.0,6.0,92.34,90.0,47.0,43.0,34.0,76.0,14.0,3.0,357.0,0.0,5.0,4.1910331384015596,7.4074074074074066,3.313840155945419
PIT,2025,6,84.0,1.0,5.0,106.66,78.0,39.0,36.0,32.0,89.0,12.0,4.0,386.0,2.0,8.0,3.037689855615976,7.50984436527283,2.7001687605475344
SDP,2025,6,99.0,0.0,8.0,100.0,83.0,40.0,36.0,38.0,106.0,7.0,3.0,375.0,3.0,4.0,3.2399999999999998,9.540000000000001,3.42
SEA,2025,6,86.0,0.0,2.0,92.66,62.0,40.0,34.0,42.0,87.0,10.0,8.0,325.0,6.0,7.0,3.3023958558169655,8.450248219296354,4.079430174832722
SFG,2025,6,95.0,1.0,8.0,99.99999999999999,94.0,49.0,44.0,43.0,82.0,10.0,3.0,376.0,2.0,5.0,3.9600000000000004,7.380000000000001,3.8700000000000006
STL,2025,6,85.0,0.0,4.0,101.65,87.0,41.0,37.0,38.0,93.0,10.0,3.0,371.0,3.0,12.0,3.2759468765371373,8.23413674372848,3.364485981308411
TBR,2025,6,90.0,0.0,5.0,96.64999999999999,100.0,55.0,50.0,34.0,109.0,13.0,6.0,383.0,3.0,4.0,4.655975168132437,10.150025866528713,3.166063114330057
TEX,2025,6,90.0,4.0,5.0,120.32,94.0,45.0,39.0,34.0,105.0,12.0,3.0,437.0,9.0,13.0,2.917220744680851,7.85405585106383,2.5432180851063833
TOR,2025,6,93.0,2.0,7.0,97.99,94.0,56.0,52.0,48.0,105.0,16.0,5.0,374.0,3.0,3.0,4.775997550770487,9.64384120828656,4.408613123788142
WAS,2025,6,88.0,0.0,2.0,91.64999999999999,90.0,61.0,57.0,41.0,69.0,22.0,3.0,354.0,1.0,11.0,5.597381342062193,6.775777414075287,4.026186579378069
ARI,2025,7,57.0,1.0,3.0,77.34,85.0,34.0,32.0,26.0,62.0,6.0,6.0,302.0,2.0,10.0,3.7238169123351432,7.214895267649341,3.0256012412723043
ATH,2025,7,67.0,2.0,6.0,99.0,70.0,33.0,33.0,32.0,90.0,10.0,5.0,350.0,5.0,11.0,3.0,8.181818181818182,2.909090909090909
ATL,2025,7,91.0,2.0,4.0,100.34,95.0,73.0,67.0,38.0,97.0,19.0,3.0,387.0,5.0,2.0,6.0095674705999595,8.700418576838748,3.408411401235798
BAL,2025,7,61.0,0.0,5.0,65.64999999999999,64.0,37.0,36.0,30.0,57.0,10.0,5.0,249.0,3.0,7.0,4.935262757044936,7.814166031987815,4.112718964204113
BOS,2025,7,76.0,1.0,8.0,80.34,64.0,32.0,21.0,27.0,74.0,9.0,7.0,301.0,1.0,3.0,2.3525018670649738,8.289768483943242,3.0246452576549663
CHC,2025,7,78.0,3.0,6.0,85.33,91.0,60.0,55.0,27.0,77.0,22.0,4.0,341.0,1.0,6.0,5.801007851869214,8.1214109926169,2.847767490917614
CHW,2025,7,76.0,3.0,3.0,94.66,75.0,39.0,37.0,44.0,90.0,10.0,3.0,343.0,3.0,9.0,3.5178533699556307,8.556940629621804,4.183393196703993
CIN,2025,7,85.0,0.0,5.0,79.32,72.0,37.0,30.0,40.0,83.0,4.0,4.0,307.0,0.0,8.0,3.4039334341906207,9.417549167927383,4.53857791225416
CLE,2025,7,87.0,1.0,7.0,93.67,53.0,35.0,26.0,36.0,88.0,11.0,5.0,320.0,4.0,6.0,2.4981317390840183,8.455215116899755,3.4589516387317176
COL,2025,7,80.0,0.0,6.0,88.33,116.0,72.0,69.0,46.0,82.0,15.0,6.0,368.0,3.0,10.0,7.030453979395449,8.355032265368505,4.686969319596966
DET,2025,7,77.0,2.0,4.0,93.33,106.0,63.0,58.0,35.0,85.0,14.0,3.0,381.0,2.0,4.0,5.593056894889103,8.19672131147541,3.3751205400192865
HOU,2025,7,75.0,0.0,7.0,83.34,75.0,43.0,36.0,33.0,95.0,14.0,4.0,307.0,2.0,8.0,3.8876889848812093,10.259179265658746,3.5637149028077753
KCR,2025,7,90.0,2.0,6.0,93.68,86.0,49.0,43.0,43.0,84.0,12.0,4.0,358.0,5.0,6.0,4.131084543125533,8.070025619128948,4.131084543125533
LAA,2025,7,95.0,2.0,5.0,104.32,92.0,61.0,57.0,40.0,105.0,22.0,5.0,400.0,4.0,9.0,4.917561349693252,9.05866564417178,3.4509202453987733
LAD,2025,7,84.0,1.0,5.0,88.01,82.0,46.0,42.0,40.0,87.0,12.0,7.0,333.0,2.0,4.0,4.294966481081695,8.896716282240654,4.090444267696852
MIA,2025,7,66.0,0.0,9.0,81.0,62.0,23.0,20.0,31.0,87.0,7.0,0.0,296.0,1.0,8.0,2.2222222222222223,9.666666666666668,3.444444444444444
MIL,2025,7,78.0,1.0,8.0,83.99,57.0,28.0,26.0,31.0,82.0,6.0,6.0,295.0,1.0,6.0,2.7860459578521257,8.78676032861055,3.321824026669842
MIN,2025,7,90.0,3.0,4.0,104.66,117.0,67.0,62.0,36.0,90.0,14.0,7.0,410.0,4.0,4.0,5.33154978024078,7.739346455188229,3.0957385820752914
NYM,2025,7,93.0,3.0,12.0,110.65,99.0,55.0,54.0,53.0,108.0,17.0,12.0,422.0,1.0,2.0,4.39222774514234,8.78445549028468,4.310890194306371
NYY,2025,7,91.0,1.0,7.0,97.33,96.0,72.0,67.0,39.0,89.0,20.0,4.0,378.0,3.0,7.0,6.195417651289428,8.229733894996404,3.6062878865714576
PHI,2025,7,73.0,0.0,1.0,69.34,65.0,37.0,34.0,25.0,70.0,11.0,3.0,268.0,1.0,4.0,4.413037207960773,9.08566483991924,3.244880299971156
PIT,2025,7,55.0,0.0,7.0,76.67,65.0,26.0,25.0,23.0,79.0,6.0,4.0,283.0,0.0,3.0,2.9346550149993478,9.27350984739794,2.6998826137994
SDP,2025,7,89.0,1.0,8.0,93.68,69.0,20.0,20.0,33.0,82.0,6.0,5.0,332.0,3.0,9.0,1.9214346712211783,7.877882152006832,3.170367207514944
SEA,2025,7,90.0,0.0,6.0,92.66,85.0,51.0,46.0,35.0,90.0,6.0,6.0,348.0,2.0,7.0,4.4679473343406,8.741636088927262,3.399525145693935
SFG,2025,7,84.0,1.0,2.0,100.0,98.0,52.0,45.0,30.0,101.0,13.0,2.0,387.0,2.0,11.0,4.05,9.09,2.6999999999999997
STL,2025,7,71.0,0.0,5.0,90.01,84.0,37.0,30.0,23.0,90.0,8.0,4.0,344.0,0.0,10.0,2.9996667036995888,8.999000111098766,2.2997444728363514
TBR,2025,7,79.0,1.0,5.0,94.0,85.0,57.0,49.0,40.0,116.0,16.0,4.0,361.0,2.0,6.0,4.691489361702128,11.106382978723405,3.8297872340425534
TEX,2025,7,83.0,1.0,6.0,98.66,89.0,51.0,45.0,41.0,97.0,9.0,4.0,372.0,4.0,8.0,4.105007095073992,8.848570849381716,3.740117575511859
TOR,2025,7,94.0,0.0,8.0,94.0,101.0,59.0,51.0,37.0,107.0,14.0,8.0,376.0,8.0,8.0,4.882978723404255,10.24468085106383,3.542553191489362
WAS,2025,7,94.0,2.0,2.0,102.67,106.0,57.0,55.0,32.0,79.0,10.0,5.0,394.0,2.0,10.0,4.8212720366221875,6.92509983442096,2.805103730398364
ARI,2025,8,95.0,1.0,9.0,108.32,89.0,49.0,46.0,42.0,76.0,13.0,2.0,394.0,2.0,11.0,3.8220088626292466,6.314623338257016,3.489660265878878
ATH,2025,8,90.0,1.0,5.0,111.67,86.0,45.0,40.0,45.0,110.0,14.0,3.0,405.0,1.0,7.0,3.223784364645831,8.865407002776037,3.6267574102265603
ATL,2025,8,87.0,1.0,11.0,97.97999999999999,89.0,41.0,39.0,32.0,86.0,16.0,8.0,377.0,1.0,4.0,3.5823637477036137,7.899571341090019,2.93937538273117
BAL,2025,8,70.0,1.0,5.0,85.66,86.0,56.0,44.0,40.0,84.0,14.0,2.0,336.0,4.0,5.0,4.622927854307728,8.825589540042026,4.202661685734299
BOS,2025,8,90.0,1.0,9.0,89.66000000000001,75.0,34.0,32.0,35.0,89.0,6.0,8.0,334.0,3.0,8.0,3.212134731206781,8.933749721168859,3.5132723622574162
CHC,2025,8,87.0,0.0,11.0,94.66,89.0,45.0,42.0,29.0,104.0,12.0,2.0,363.0,0.0,7.0,3.9932389604901757,9.888020283118529,2.757236425100359
CHW,2025,8,92.0,0.0,5.0,107.99,110.0,70.0,62.0,47.0,110.0,15.0,2.0,420.0,8.0,4.0,5.167145106028336,9.167515510695434,3.917029354569868
CIN,2025,8,92.0,0.0,6.0,93.0,84.0,47.0,35.0,46.0,107.0,16.0,2.0,349.0,2.0,9.0,3.3870967741935485,10.35483870967742,4.451612903225806
CLE,2025,8,87.0,0.0,9.0,93.01,81.0,38.0,33.0,28.0,87.0,7.0,3.0,345.0,3.0,4.0,3.1932050317170195,8.418449629072143,2.709386087517471
COL,2025,8,95.0,1.0,5.0,118.0,133.0,79.0,77.0,45.0,101.0,25.0,8.0,469.0,1.0,11.0,5.872881355932204,7.703389830508475,3.432203389830508
DET,2025,8,79.0,1.0,8.0,98.64999999999999,67.0,35.0,31.0,47.0,89.0,13.0,4.0,347.0,1.0,12.0,2.8281804358844402,8.119614799797263,4.287886467308668
HOU,2025,8,97.0,1.0,6.0,102.0,88.0,55.0,52.0,45.0,111.0,20.0,4.0,385.0,1.0,4.0,4.588235294117647,9.794117647058822,3.9705882352941178
KCR,2025,8,94.0,0.0,10.0,97.34,85.0,31.0,26.0,23.0,79.0,6.0,4.0,363.0,1.0,6.0,2.403944935278406,7.304294226422848,2.1265666735155127
LAA,2025,8,99.0,0.0,6.0,104.69000000000001,91.0,46.0,45.0,45.0,110.0,13.0,3.0,383.0,1.0,9.0,3.8685643327920523,9.45649059126946,3.8685643327920523
LAD,2025,8,90.0,0.0,4.0,89.01,86.0,39.0,37.0,35.0,90.0,12.0,6.0,344.0,4.0,1.0,3.741152679474216,9.100101112234581,3.538928210313448
MIA,2025,8,89.0,0.0,7.0,103.66,105.0,75.0,70.0,48.0,96.0,20.0,7.0,407.0,3.0,5.0,6.0775612579587115,8.334941153771947,4.167470576885973
MIL,2025,8,94.0,2.0,9.0,120.34,105.0,50.0,43.0,40.0,121.0,12.0,2.0,449.0,3.0,13.0,3.2158883164367627,9.049360146252287,2.9915240152900116
MIN,2025,8,83.0,3.0,6.0,112.01,115.0,60.0,52.0,49.0,93.0,12.0,5.0,433.0,5.0,13.0,4.178198375145076,7.472547094009463,3.9371484688867064
NYM,2025,8,106.0,3.0,2.0,126.33,137.0,83.0,72.0,42.0,116.0,18.0,6.0,506.0,1.0,8.0,5.129422939919259,8.26407029209214,2.9921633816195676
NYY,2025,8,92.0,0.0,5.0,95.99,84.0,51.0,42.0,37.0,114.0,13.0,5.0,366.0,3.0,10.0,3.9379101989790604,10.68861339722888,3.469111365767268
PHI,2025,8,92.0,0.0,10.0,85.34,73.0,40.0,38.0,24.0,91.0,11.0,4.0,320.0,1.0,2.0,4.007499414108273,9.596906491680336,2.531052261542067
PIT,2025,8,96.0,2.0,6.0,122.68,111.0,71.0,66.0,49.0,120.0,16.0,10.0,465.0,2.0,7.0,4.841865014672318,8.803390935767851,3.594717965438539
SDP,2025,8,102.0,2.0,7.0,114.34,84.0,44.0,43.0,45.0,125.0,13.0,7.0,414.0,4.0,9.0,3.3846422949099177,9.83907643869162,3.5420675179289836
SEA,2025,8,94.0,0.0,10.0,91.67,94.0,53.0,46.0,31.0,94.0,14.0,6.0,357.0,3.0,4.0,4.516199410930512,9.228755317988437,3.04352568997491
SFG,2025,8,88.0,2.0,6.0,111.35000000000001,112.0,53.0,49.0,35.0,89.0,10.0,8.0,431.0,1.0,11.0,3.960484957341715,7.193533902110461,2.8289178266726536
STL,2025,8,81.0,0.0,9.0,103.64999999999999,92.0,51.0,47.0,52.0,112.0,13.0,5.0,386.0,1.0,9.0,4.081041968162085,9.725036179450074,4.5151953690303905
TBR,2025,8,85.0,2.0,7.0,106.33,79.0,39.0,33.0,29.0,141.0,14.0,3.0,387.0,1.0,6.0,2.793191009122543,11.934543402614501,2.454622401956174
TEX,2025,8,91.0,1.0,3.0,101.66,92.0,58.0,57.0,45.0,102.0,21.0,8.0,380.0,1.0,13.0,5.046232539838678,9.03010033444816,3.9838677946094827
TOR,2025,8,102.0,0.0,6.0,90.66,78.0,55.0,48.0,58.0,95.0,10.0,7.0,333.0,3.0,7.0,4.765056254136334,9.43084050297816,5.757776307081404
WAS,2025,8,105.0,0.0,5.0,110.67,106.0,63.0,60.0,54.0,118.0,20.0,7.0,421.0,0.0,7.0,4.879371103280022,9.596096503117376,4.391433992952019
ARI,2025,9,83.0,1.0,4.0,79.01,79.0,55.0,48.0,33.0,76.0,9.0,3.0,311.0,1.0,2.0,5.467662321225162,8.657132008606505,3.759017845842298
ATH,2025,9,79.0,2.0,5.0,101.67,87.0,43.0,39.0,42.0,95.0,12.0,6.0,379.0,6.0,9.0,3.4523458247270584,8.409560342283859,3.717910888167601
ATL,2025,9,79.0,1.0,7.0,90.69000000000001,82.0,47.0,44.0,32.0,91.0,15.0,5.0,343.0,0.0,5.0,4.3665233212041015,9.03076414158121,3.1756533245120737
BAL,2025,9,82.0,1.0,7.0,95.32,89.0,50.0,45.0,42.0,99.0,9.0,2.0,357.0,4.0,8.0,4.248845992446496,9.347461183382292,3.9655895929500633
BOS,2025,9,88.0,3.0,7.0,98.0,95.0,46.0,44.0,33.0,92.0,13.0,1.0,375.0,1.0,8.0,4.040816326530612,8.448979591836736,3.030612244897959
CHC,2025,9,83.0,1.0,9.0,90.64999999999999,66.0,36.0,32.0,22.0,114.0,16.0,4.0,332.0,1.0,3.0,3.1770546056260347,11.318257032542748,2.1842250413678985
CHW,2025,9,98.0,5.0,7.0,107.66,101.0,51.0,49.0,51.0,127.0,17.0,1.0,409.0,2.0,9.0,4.0962288686605985,10.616756455508082,4.263421883707969
CIN,2025,9,86.0,1.0,9.0,95.0,83.0,51.0,46.0,36.0,99.0,14.0,7.0,354.0,2.0,7.0,4.3578947368421055,9.378947368421052,3.4105263157894736
CLE,2025,9,87.0,0.0,8.0,85.0,58.0,27.0,24.0,21.0,111.0,6.0,8.0,302.0,1.0,4.0,2.541176470588235,11.75294117647059,2.223529411764706
COL,2025,9,76.0,0.0,4.0,99.32,108.0,57.0,53.0,38.0,93.0,17.0,10.0,391.0,1.0,7.0,4.802658074909385,8.42730567861458,3.443415223519936
DET,2025,9,89.0,3.0,5.0,108.97999999999999,107.0,57.0,52.0,47.0,91.0,14.0,2.0,420.0,0.0,8.0,4.29436593870435,7.515140392732612,3.8814461369058546
HOU,2025,9,89.0,5.0,5.0,118.67,97.0,47.0,43.0,44.0,111.0,17.0,0.0,442.0,0.0,6.0,3.2611443498778123,8.41830285666133,3.336984916154041
KCR,2025,9,87.0,1.0,6.0,87.99,82.0,41.0,40.0,32.0,76.0,14.0,2.0,328.0,0.0,10.0,4.091374019774975,7.773610637572452,3.27309921581998
LAA,2025,9,85.0,1.0,6.0,106.01,100.0,65.0,59.0,48.0,103.0,16.0,5.0,411.0,6.0,6.0,5.008961418734081,8.744458069993396,4.075087255919253
LAD,2025,9,98.0,1.0,9.0,89.34,72.0,56.0,54.0,53.0,114.0,12.0,5.0,330.0,9.0,0.0,5.439892545332438,11.484217595701812,5.3391537944929475
MIA,2025,9,93.0,3.0,6.0,111.33,98.0,55.0,49.0,43.0,105.0,21.0,3.0,423.0,3.0,5.0,3.9611964430072755,8.488278092158449,3.4761519805982215
MIL,2025,9,82.0,0.0,6.0,93.34,73.0,36.0,31.0,38.0,91.0,7.0,8.0,336.0,3.0,10.0,2.989072209127919,8.774373259052924,3.6640239982858365
MIN,2025,9,80.0,0.0,2.0,92.33,100.0,61.0,57.0,31.0,85.0,12.0,10.0,363.0,4.0,6.0,5.556157261995018,8.28549767139608,3.0217697389797467
NYM,2025,9,90.0,0.0,4.0,96.64999999999999,94.0,48.0,44.0,25.0,88.0,10.0,7.0,373.0,0.0,2.0,4.097258147956544,8.194516295913088,2.3279875840662183
NYY,2025,9,84.0,0.0,8.0,81.67,79.0,49.0,48.0,38.0,91.0,11.0,1.0,318.0,1.0,1.0,5.289580017142158,10.028162115832007,4.1875841802375415
PHI,2025,9,77.0,0.0,10.0,71.0,67.0,35.0,31.0,28.0,71.0,13.0,3.0,269.0,1.0,4.0,3.929577464788732,9.0,3.549295774647887
PIT,2025,9,80.0,1.0,6.0,89.66,82.0,35.0,26.0,36.0,91.0,6.0,3.0,337.0,4.0,8.0,2.60985946910551,9.134508141869285,3.613651572607629
SDP,2025,9,97.0,0.0,6.0,103.0,66.0,33.0,31.0,48.0,133.0,10.0,2.0,363.0,4.0,9.0,2.7087378640776696,11.621359223300972,4.194174757281553
SEA,2025,9,97.0,1.0,7.0,106.67,91.0,42.0,35.0,25.0,115.0,8.0,7.0,396.0,2.0,11.0,2.953032717727571,9.702821786819163,2.109309084091122
SFG,2025,9,83.0,4.0,9.0,107.67,112.0,57.0,55.0,38.0,83.0,12.0,8.0,412.0,5.0,9.0,4.597380886040679,6.937865700752299,3.1763722485371972
STL,2025,9,80.0,1.0,7.0,93.34,103.0,51.0,45.0,34.0,92.0,8.0,6.0,369.0,5.0,6.0,4.338975787443754,8.87079494321834,3.2783372616241695
TBR,2025,9,90.0,2.0,4.0,105.33,97.0,58.0,51.0,37.0,118.0,17.0,5.0,398.0,0.0,8.0,4.3577328396468245,10.082597550555397,3.161492452292794
TEX,2025,9,88.0,0.0,6.0,89.01,76.0,38.0,32.0,25.0,84.0,10.0,5.0,327.0,4.0,9.0,3.2355915065722947,8.493427704752275,2.527805864509605
TOR,2025,9,94.0,1.0,4.0,97.33,79.0,35.0,34.0,40.0,97.0,7.0,3.0,357.0,1.0,10.0,3.1439432857289633,8.969485256344395,3.698756806739957
WAS,2025,9,99.0,0.0,10.0,95.01,109.0,73.0,68.0,55.0,102.0,16.0,7.0,379.0,2.0,7.0,6.441427218187559,9.66214082728134,5.209977897063467
